assignment_id,asset_id,rule_code,version_number,target_column_id,target_type,parameter_values,sql_expression,threshold_value,evaluation_operation,is_enabled,effective_from,effective_to,is_current,assigned_by,assigned_at,updated_at,target_asset_id,target_asset_column_id,change_reason
1,1,A01,1,1,COLUMN / TABLE,null,null,99.000000,>=,true,2026-09-30T10:14:50.565Z,null,true,1,2026-09-30T10:14:50.565Z,2026-09-30T10:14:50.565Z,null,null,null
2,1,A02,1,1,COLUMN,null,null,99.000000,>=,true,2026-09-30T10:14:50.565Z,null,true,1,2026-09-30T10:14:50.565Z,2026-09-30T10:14:50.565Z,null,null,null
3,1,B01,1,1,COLUMN / CROSS-COLUMN,null,null,99.000000,>=,true,2026-09-30T10:14:50.565Z,null,true,1,2026-09-30T10:14:50.565Z,2026-09-30T10:14:50.565Z,null,null,null
4,1,B02,1,1,COLUMN / CROSS-COLUMN,null,null,99.000000,>=,true,2026-09-30T10:14:50.565Z,null,true,1,2026-09-30T10:14:50.565Z,2026-09-30T10:14:50.565Z,null,null,null
5,1,B08,1,1,COLUMN / CROSS-COLUMN,null,null,99.000000,>=,true,2026-09-30T10:14:50.565Z,null,true,1,2026-09-30T10:14:50.565Z,2026-09-30T10:14:50.565Z,null,null,null
6,1,C01,1,2,COLUMN / TABLE,null,null,95.000000,>=,true,2026-09-30T10:14:50.565Z,null,true,1,2026-09-30T10:14:50.565Z,2026-09-30T10:14:50.565Z,null,null,null
7,1,C02,1,2,COLUMN / TABLE,null,null,5.000000,<=,true,2026-09-30T10:14:50.565Z,null,true,1,2026-09-30T10:14:50.565Z,2026-09-30T10:14:50.565Z,null,null,null
8,1,C03,1,2,COLUMN,null,null,2.000000,<=,true,2026-09-30T10:14:50.565Z,null,true,1,2026-09-30T10:14:50.565Z,2026-09-30T10:14:50.565Z,null,null,null
9,1,C04,1,2,COLUMN / TABLE,null,null,98.000000,>=,true,2026-09-30T10:14:50.565Z,null,true,1,2026-09-30T10:14:50.565Z,2026-09-30T10:14:50.565Z,null,null,null
10,28,C05,1,null,TABLE,null,null,95.000000,>=,true,2026-09-30T10:14:50.565Z,null,true,1,2026-09-30T10:14:50.565Z,2026-09-30T10:14:50.565Z,null,null,null
11,1,C06,1,2,COLUMN / TABLE,null,null,null,null,true,2026-09-30T10:14:50.565Z,null,true,1,2026-09-30T10:14:50.565Z,2026-09-30T10:14:50.565Z,null,null,null
12,28,C07,1,null,TABLE,null,null,95.000000,>=,true,2026-09-30T10:14:50.565Z,null,true,1,2026-09-30T10:14:50.565Z,2026-09-30T10:14:50.565Z,null,null,null
13,28,I04,1,null,TABLE,null,null,0.000000,<=,true,2026-09-30T10:14:50.565Z,null,true,1,2026-09-30T10:14:50.565Z,2026-09-30T10:14:50.565Z,null,null,null
14,1,K02,1,1,COLUMN / CROSS-COLUMN,null,null,99.000000,>=,true,2026-09-30T10:14:50.565Z,null,true,1,2026-09-30T10:14:50.565Z,2026-09-30T10:14:50.565Z,null,null,null
15,1,K03,1,5,COLUMN,null,null,98.000000,>=,true,2026-09-30T10:14:50.565Z,null,true,1,2026-09-30T10:14:50.565Z,2026-09-30T10:14:50.565Z,null,null,null
16,1,K04,1,5,COLUMN,null,null,99.000000,>=,true,2026-09-30T10:14:50.565Z,null,true,1,2026-09-30T10:14:50.565Z,2026-09-30T10:14:50.565Z,null,null,null
17,1,K05,1,2,COLUMN,null,null,99.000000,>=,true,2026-09-30T10:14:50.565Z,null,true,1,2026-09-30T10:14:50.565Z,2026-09-30T10:14:50.565Z,null,null,null
18,1,K07,1,5,COLUMN,null,null,1.000000,<=,true,2026-09-30T10:14:50.565Z,null,true,1,2026-09-30T10:14:50.565Z,2026-09-30T10:14:50.565Z,null,null,null
19,28,P01,1,null,TABLE,null,null,null,null,true,2026-09-30T10:14:50.565Z,null,true,1,2026-09-30T10:14:50.565Z,2026-09-30T10:14:50.565Z,null,null,null
20,1,P02,1,1,COLUMN,null,null,null,null,true,2026-09-30T10:14:50.565Z,null,true,1,2026-09-30T10:14:50.565Z,2026-09-30T10:14:50.565Z,null,null,null
21,1,P03,1,1,COLUMN,null,null,null,null,true,2026-09-30T10:14:50.565Z,null,true,1,2026-09-30T10:14:50.565Z,2026-09-30T10:14:50.565Z,null,null,null
22,1,P04,1,4,COLUMN,null,null,null,null,true,2026-09-30T10:14:50.565Z,null,true,1,2026-09-30T10:14:50.565Z,2026-09-30T10:14:50.565Z,null,null,null
23,1,P05,1,4,COLUMN,null,null,null,null,true,2026-09-30T10:14:50.565Z,null,true,1,2026-09-30T10:14:50.565Z,2026-09-30T10:14:50.565Z,null,null,null
24,1,P06,1,4,COLUMN,null,null,null,null,true,2026-09-30T10:14:50.565Z,null,true,1,2026-09-30T10:14:50.565Z,2026-09-30T10:14:50.565Z,null,null,null
25,1,P07,1,4,COLUMN,null,null,null,null,true,2026-09-30T10:14:50.565Z,null,true,1,2026-09-30T10:14:50.565Z,2026-09-30T10:14:50.565Z,null,null,null
26,1,P08,1,4,COLUMN,null,null,null,null,true,2026-09-30T10:14:50.565Z,null,true,1,2026-09-30T10:14:50.565Z,2026-09-30T10:14:50.565Z,null,null,null
27,1,P09,1,4,COLUMN,null,null,null,null,true,2026-09-30T10:14:50.565Z,null,true,1,2026-09-30T10:14:50.565Z,2026-09-30T10:14:50.565Z,null,null,null
28,1,P10,1,4,COLUMN,null,null,2.000000,<=,true,2026-09-30T10:14:50.565Z,null,true,1,2026-09-30T10:14:50.565Z,2026-09-30T10:14:50.565Z,null,null,null
29,1,P11,1,1,COLUMN,null,null,null,null,true,2026-09-30T10:14:50.565Z,null,true,1,2026-09-30T10:14:50.565Z,2026-09-30T10:14:50.565Z,null,null,null
30,1,P12,1,4,COLUMN,null,null,null,null,true,2026-09-30T10:14:50.565Z,null,true,1,2026-09-30T10:14:50.565Z,2026-09-30T10:14:50.565Z,null,null,null
31,28,P13,1,null,TABLE,null,null,null,null,true,2026-09-30T10:14:50.565Z,null,true,1,2026-09-30T10:14:50.565Z,2026-09-30T10:14:50.565Z,null,null,null
32,28,P14,1,null,TABLE,null,null,99.000000,>=,true,2026-09-30T10:14:50.565Z,null,true,1,2026-09-30T10:14:50.565Z,2026-09-30T10:14:50.565Z,null,null,null
33,28,T01,1,null,TABLE / COLUMN,null,null,98.000000,>=,true,2026-09-30T10:14:50.565Z,null,true,1,2026-09-30T10:14:50.565Z,2026-09-30T10:14:50.565Z,null,null,null
34,28,T02,1,null,TABLE / COLUMN,null,null,null,<=,true,2026-09-30T10:14:50.565Z,null,true,1,2026-09-30T10:14:50.565Z,2026-09-30T10:14:50.565Z,null,null,null
35,28,T03,1,null,TABLE / COLUMN,null,null,null,<=,true,2026-09-30T10:14:50.565Z,null,true,1,2026-09-30T10:14:50.565Z,2026-09-30T10:14:50.565Z,null,null,null
36,28,T04,1,null,TABLE / COLUMN,null,null,null,<=,true,2026-09-30T10:14:50.565Z,null,true,1,2026-09-30T10:14:50.565Z,2026-09-30T10:14:50.565Z,null,null,null
37,28,T05,1,null,TABLE / COLUMN,null,null,2.000000,<=,true,2026-09-30T10:14:50.565Z,null,true,1,2026-09-30T10:14:50.565Z,2026-09-30T10:14:50.565Z,null,null,null
38,28,T06,1,null,TABLE,null,null,99.000000,>=,true,2026-09-30T10:14:50.565Z,null,true,1,2026-09-30T10:14:50.565Z,2026-09-30T10:14:50.565Z,null,null,null
39,1,U01,1,1,COLUMN / TABLE,null,null,99.000000,>=,true,2026-09-30T10:14:50.565Z,null,true,1,2026-09-30T10:14:50.565Z,2026-09-30T10:14:50.565Z,null,null,null
40,1,U02,1,1,COLUMN,null,null,1.000000,<=,true,2026-09-30T10:14:50.565Z,null,true,1,2026-09-30T10:14:50.565Z,2026-09-30T10:14:50.565Z,null,null,null
41,1,U03,1,1,COLUMN,null,null,0.000000,null,true,2026-09-30T10:14:50.565Z,null,true,1,2026-09-30T10:14:50.565Z,2026-09-30T10:14:50.565Z,null,null,null
42,28,U04,1,null,TABLE,null,null,100.000000,>=,true,2026-09-30T10:14:50.565Z,null,true,1,2026-09-30T10:14:50.565Z,2026-09-30T10:14:50.565Z,null,null,null
43,28,U05,1,null,TABLE,null,null,100.000000,>=,true,2026-09-30T10:14:50.565Z,null,true,1,2026-09-30T10:14:50.565Z,2026-09-30T10:14:50.565Z,null,null,null
44,1,V01,1,4,COLUMN / TABLE,null,null,95.000000,>=,true,2026-09-30T10:14:50.565Z,null,true,1,2026-09-30T10:14:50.565Z,2026-09-30T10:14:50.565Z,null,null,null
45,1,V02,1,1,COLUMN,null,null,98.000000,>=,true,2026-09-30T10:14:50.565Z,null,true,1,2026-09-30T10:14:50.565Z,2026-09-30T10:14:50.565Z,null,null,null
46,1,V05,1,4,COLUMN,null,null,99.000000,>=,true,2026-09-30T10:14:50.565Z,null,true,1,2026-09-30T10:14:50.565Z,2026-09-30T10:14:50.565Z,null,null,null
47,1,V06,1,5,COLUMN,null,null,99.000000,>=,true,2026-09-30T10:14:50.565Z,null,true,1,2026-09-30T10:14:50.565Z,2026-09-30T10:14:50.565Z,null,null,null
48,1,V07,1,2,COLUMN,null,null,99.000000,>=,true,2026-09-30T10:14:50.565Z,null,true,1,2026-09-30T10:14:50.565Z,2026-09-30T10:14:50.565Z,null,null,null
49,1,V08,1,1,COLUMN,null,null,99.000000,>=,true,2026-09-30T10:14:50.565Z,null,true,1,2026-09-30T10:14:50.565Z,2026-09-30T10:14:50.565Z,null,null,null
50,1,V09,1,2,COLUMN,null,null,99.000000,>=,true,2026-09-30T10:14:50.565Z,null,true,1,2026-09-30T10:14:50.565Z,2026-09-30T10:14:50.565Z,null,null,null
51,1,V10,1,4,COLUMN,null,null,99.000000,>=,true,2026-09-30T10:14:50.565Z,null,true,1,2026-09-30T10:14:50.565Z,2026-09-30T10:14:50.565Z,null,null,null
52,1,V11,1,4,COLUMN,null,null,99.000000,>=,true,2026-09-30T10:14:50.565Z,null,true,1,2026-09-30T10:14:50.565Z,2026-09-30T10:14:50.565Z,null,null,null
53,1,V12,1,6,COLUMN,null,null,0.100000,<=,true,2026-09-30T10:14:50.565Z,null,true,1,2026-09-30T10:14:50.565Z,2026-09-30T10:14:50.565Z,null,null,null
54,1,V13,1,1,COLUMN / TABLE,null,null,null,null,true,2026-09-30T10:14:50.565Z,null,true,1,2026-09-30T10:14:50.565Z,2026-09-30T10:14:50.565Z,null,null,null
55,1,X01,1,1,COLUMN,null,null,null,null,true,2026-09-30T10:14:50.565Z,null,true,1,2026-09-30T10:14:50.565Z,2026-09-30T10:14:50.565Z,null,null,null
56,1,X02,1,1,COLUMN,null,null,null,null,true,2026-09-30T10:14:50.565Z,null,true,1,2026-09-30T10:14:50.565Z,2026-09-30T10:14:50.565Z,null,null,null
57,28,X03,1,null,TABLE,null,null,null,null,true,2026-09-30T10:14:50.565Z,null,true,1,2026-09-30T10:14:50.565Z,2026-09-30T10:14:50.565Z,null,null,null
58,28,X04,1,null,TABLE / COLUMN,null,null,null,null,true,2026-09-30T10:14:50.565Z,null,true,1,2026-09-30T10:14:50.565Z,2026-09-30T10:14:50.565Z,null,null,null
59,1,X05,1,1,COLUMN / TABLE,null,null,null,null,true,2026-09-30T10:14:50.565Z,null,true,1,2026-09-30T10:14:50.565Z,2026-09-30T10:14:50.565Z,null,null,null
60,1,X07,1,1,COLUMN / TABLE,null,null,null,null,true,2026-09-30T10:14:50.565Z,null,true,1,2026-09-30T10:14:50.565Z,2026-09-30T10:14:50.565Z,null,null,null
61,25,A01,1,230,COLUMN / TABLE,null,null,99.000000,>=,true,2026-09-30T10:14:50.565Z,null,true,1,2026-09-30T10:14:50.565Z,2026-09-30T10:14:50.565Z,null,null,null
63,27,C05,1,null,TABLE,null,null,95.000000,>=,true,2026-09-30T10:14:50.565Z,null,true,1,2026-09-30T10:14:50.565Z,2026-09-30T10:14:50.565Z,null,null,null
64,27,C07,1,null,TABLE,null,null,95.000000,>=,true,2026-09-30T10:14:50.565Z,null,true,1,2026-09-30T10:14:50.565Z,2026-09-30T10:14:50.565Z,null,null,null
65,27,I04,1,null,TABLE,null,null,0.000000,<=,true,2026-09-30T10:14:50.565Z,null,true,1,2026-09-30T10:14:50.565Z,2026-09-30T10:14:50.565Z,null,null,null
66,28,K03,1,253,COLUMN,null,null,98.000000,>=,true,2026-09-30T10:14:50.565Z,null,true,1,2026-09-30T10:14:50.565Z,2026-09-30T10:14:50.565Z,null,null,null
67,27,P01,1,null,TABLE,null,null,null,null,true,2026-09-30T10:14:50.565Z,null,true,1,2026-09-30T10:14:50.565Z,2026-09-30T10:14:50.565Z,null,null,null
68,27,P04,1,244,COLUMN,null,null,null,null,true,2026-09-30T10:14:50.565Z,null,true,1,2026-09-30T10:14:50.565Z,2026-09-30T10:14:50.565Z,null,null,null
69,27,P13,1,null,TABLE,null,null,null,null,true,2026-09-30T10:14:50.565Z,null,true,1,2026-09-30T10:14:50.565Z,2026-09-30T10:14:50.565Z,null,null,null
70,27,P14,1,null,TABLE,null,null,99.000000,>=,true,2026-09-30T10:14:50.565Z,null,true,1,2026-09-30T10:14:50.565Z,2026-09-30T10:14:50.565Z,null,null,null
71,27,T01,1,null,TABLE / COLUMN,null,null,98.000000,>=,true,2026-09-30T10:14:50.565Z,null,true,1,2026-09-30T10:14:50.565Z,2026-09-30T10:14:50.565Z,null,null,null
72,27,T02,1,null,TABLE / COLUMN,null,null,null,<=,true,2026-09-30T10:14:50.565Z,null,true,1,2026-09-30T10:14:50.565Z,2026-09-30T10:14:50.565Z,null,null,null
73,27,T03,1,null,TABLE / COLUMN,null,null,null,<=,true,2026-09-30T10:14:50.565Z,null,true,1,2026-09-30T10:14:50.565Z,2026-09-30T10:14:50.565Z,null,null,null
74,27,T04,1,null,TABLE / COLUMN,null,null,null,<=,true,2026-09-30T10:14:50.565Z,null,true,1,2026-09-30T10:14:50.565Z,2026-09-30T10:14:50.565Z,null,null,null
75,27,T05,1,null,TABLE / COLUMN,null,null,2.000000,<=,true,2026-09-30T10:14:50.565Z,null,true,1,2026-09-30T10:14:50.565Z,2026-09-30T10:14:50.565Z,null,null,null
76,27,T06,1,null,TABLE,null,null,99.000000,>=,true,2026-09-30T10:14:50.565Z,null,true,1,2026-09-30T10:14:50.565Z,2026-09-30T10:14:50.565Z,null,null,null
77,28,U01,1,250,COLUMN / TABLE,null,null,99.000000,>=,true,2026-09-30T10:14:50.565Z,null,true,1,2026-09-30T10:14:50.565Z,2026-09-30T10:14:50.565Z,null,null,null
78,27,U04,1,null,TABLE,null,null,100.000000,>=,true,2026-09-30T10:14:50.565Z,null,true,1,2026-09-30T10:14:50.565Z,2026-09-30T10:14:50.565Z,null,null,null
79,27,U05,1,null,TABLE,null,null,100.000000,>=,true,2026-09-30T10:14:50.565Z,null,true,1,2026-09-30T10:14:50.565Z,2026-09-30T10:14:50.565Z,null,null,null
80,28,V12,1,252,COLUMN,null,null,0.100000,<=,true,2026-09-30T10:14:50.565Z,null,true,1,2026-09-30T10:14:50.565Z,2026-09-30T10:14:50.565Z,null,null,null
81,27,X03,1,null,TABLE,null,null,null,null,true,2026-09-30T10:14:50.565Z,null,true,1,2026-09-30T10:14:50.565Z,2026-09-30T10:14:50.565Z,null,null,null
82,27,X04,1,null,TABLE / COLUMN,null,null,null,null,true,2026-09-30T10:14:50.565Z,null,true,1,2026-09-30T10:14:50.565Z,2026-09-30T10:14:50.565Z,null,null,null
83,21,A01,1,197,COLUMN / TABLE,null,null,99.000000,>=,true,2026-09-30T10:14:50.565Z,null,true,1,2026-09-30T10:14:50.565Z,2026-09-30T10:14:50.565Z,null,null,null
84,28,C01,1,254,COLUMN / TABLE,null,null,95.000000,>=,true,2026-09-30T10:14:50.565Z,null,true,1,2026-09-30T10:14:50.565Z,2026-09-30T10:14:50.565Z,null,null,null
85,26,C05,1,null,TABLE,null,null,95.000000,>=,true,2026-09-30T10:14:50.565Z,null,true,1,2026-09-30T10:14:50.565Z,2026-09-30T10:14:50.565Z,null,null,null
86,26,C07,1,null,TABLE,null,null,95.000000,>=,true,2026-09-30T10:14:50.565Z,null,true,1,2026-09-30T10:14:50.565Z,2026-09-30T10:14:50.565Z,null,null,null
87,26,I04,1,null,TABLE,null,null,0.000000,<=,true,2026-09-30T10:14:50.565Z,null,true,1,2026-09-30T10:14:50.565Z,2026-09-30T10:14:50.565Z,null,null,null
88,28,K03,1,251,COLUMN,null,null,98.000000,>=,true,2026-09-30T10:14:50.565Z,null,true,1,2026-09-30T10:14:50.565Z,2026-09-30T10:14:50.565Z,null,null,null
89,26,P01,1,null,TABLE,null,null,null,null,true,2026-09-30T10:14:50.565Z,null,true,1,2026-09-30T10:14:50.565Z,2026-09-30T10:14:50.565Z,null,null,null
90,13,P04,1,132,COLUMN,null,null,null,null,true,2026-09-30T10:14:50.565Z,null,true,1,2026-09-30T10:14:50.565Z,2026-09-30T10:14:50.565Z,null,null,null
91,26,P13,1,null,TABLE,null,null,null,null,true,2026-09-30T10:14:50.565Z,null,true,1,2026-09-30T10:14:50.565Z,2026-09-30T10:14:50.565Z,null,null,null
92,26,P14,1,null,TABLE,null,null,99.000000,>=,true,2026-09-30T10:14:50.565Z,null,true,1,2026-09-30T10:14:50.565Z,2026-09-30T10:14:50.565Z,null,null,null
93,26,T01,1,null,TABLE / COLUMN,null,null,98.000000,>=,true,2026-09-30T10:14:50.565Z,null,true,1,2026-09-30T10:14:50.565Z,2026-09-30T10:14:50.565Z,null,null,null
94,26,T02,1,null,TABLE / COLUMN,null,null,null,<=,true,2026-09-30T10:14:50.565Z,null,true,1,2026-09-30T10:14:50.565Z,2026-09-30T10:14:50.565Z,null,null,null
95,26,T03,1,null,TABLE / COLUMN,null,null,null,<=,true,2026-09-30T10:14:50.565Z,null,true,1,2026-09-30T10:14:50.565Z,2026-09-30T10:14:50.565Z,null,null,null
96,26,T04,1,null,TABLE / COLUMN,null,null,null,<=,true,2026-09-30T10:14:50.565Z,null,true,1,2026-09-30T10:14:50.565Z,2026-09-30T10:14:50.565Z,null,null,null
97,26,T05,1,null,TABLE / COLUMN,null,null,2.000000,<=,true,2026-09-30T10:14:50.565Z,null,true,1,2026-09-30T10:14:50.565Z,2026-09-30T10:14:50.565Z,null,null,null
98,26,T06,1,null,TABLE,null,null,99.000000,>=,true,2026-09-30T10:14:50.565Z,null,true,1,2026-09-30T10:14:50.565Z,2026-09-30T10:14:50.565Z,null,null,null
99,28,U01,1,249,COLUMN / TABLE,null,null,99.000000,>=,true,2026-09-30T10:14:50.565Z,null,true,1,2026-09-30T10:14:50.565Z,2026-09-30T10:14:50.565Z,null,null,null
100,26,U04,1,null,TABLE,null,null,100.000000,>=,true,2026-09-30T10:14:50.565Z,null,true,1,2026-09-30T10:14:50.565Z,2026-09-30T10:14:50.565Z,null,null,null
101,26,U05,1,null,TABLE,null,null,100.000000,>=,true,2026-09-30T10:14:50.565Z,null,true,1,2026-09-30T10:14:50.565Z,2026-09-30T10:14:50.565Z,null,null,null
102,26,V12,1,237,COLUMN,null,null,0.100000,<=,true,2026-09-30T10:14:50.565Z,null,true,1,2026-09-30T10:14:50.565Z,2026-09-30T10:14:50.565Z,null,null,null
103,26,X03,1,null,TABLE,null,null,null,null,true,2026-09-30T10:14:50.565Z,null,true,1,2026-09-30T10:14:50.565Z,2026-09-30T10:14:50.565Z,null,null,null
104,26,X04,1,null,TABLE / COLUMN,null,null,null,null,true,2026-09-30T10:14:50.565Z,null,true,1,2026-09-30T10:14:50.565Z,2026-09-30T10:14:50.565Z,null,null,null
105,20,A01,1,186,COLUMN / TABLE,null,null,99.000000,>=,true,2026-09-30T10:14:50.565Z,null,true,1,2026-09-30T10:14:50.565Z,2026-09-30T10:14:50.565Z,null,null,null
106,27,C01,1,248,COLUMN / TABLE,null,null,95.000000,>=,true,2026-09-30T10:14:50.565Z,null,true,1,2026-09-30T10:14:50.565Z,2026-09-30T10:14:50.565Z,null,null,null
107,25,C05,1,null,TABLE,null,null,95.000000,>=,true,2026-09-30T10:14:50.565Z,null,true,1,2026-09-30T10:14:50.565Z,2026-09-30T10:14:50.565Z,null,null,null
108,25,C07,1,null,TABLE,null,null,95.000000,>=,true,2026-09-30T10:14:50.565Z,null,true,1,2026-09-30T10:14:50.565Z,2026-09-30T10:14:50.565Z,null,null,null
109,25,I04,1,null,TABLE,null,null,0.000000,<=,true,2026-09-30T10:14:50.565Z,null,true,1,2026-09-30T10:14:50.565Z,2026-09-30T10:14:50.565Z,null,null,null
110,27,K03,1,245,COLUMN,null,null,98.000000,>=,true,2026-09-30T10:14:50.565Z,null,true,1,2026-09-30T10:14:50.565Z,2026-09-30T10:14:50.565Z,null,null,null
111,25,P01,1,null,TABLE,null,null,null,null,true,2026-09-30T10:14:50.565Z,null,true,1,2026-09-30T10:14:50.565Z,2026-09-30T10:14:50.565Z,null,null,null
112,10,P04,1,99,COLUMN,null,null,null,null,true,2026-09-30T10:14:50.565Z,null,true,1,2026-09-30T10:14:50.565Z,2026-09-30T10:14:50.565Z,null,null,null
113,25,P13,1,null,TABLE,null,null,null,null,true,2026-09-30T10:14:50.565Z,null,true,1,2026-09-30T10:14:50.565Z,2026-09-30T10:14:50.565Z,null,null,null
114,25,P14,1,null,TABLE,null,null,99.000000,>=,true,2026-09-30T10:14:50.565Z,null,true,1,2026-09-30T10:14:50.565Z,2026-09-30T10:14:50.565Z,null,null,null
115,25,T01,1,null,TABLE / COLUMN,null,null,98.000000,>=,true,2026-09-30T10:14:50.565Z,null,true,1,2026-09-30T10:14:50.565Z,2026-09-30T10:14:50.565Z,null,null,null
116,25,T02,1,null,TABLE / COLUMN,null,null,null,<=,true,2026-09-30T10:14:50.565Z,null,true,1,2026-09-30T10:14:50.565Z,2026-09-30T10:14:50.565Z,null,null,null
117,25,T03,1,null,TABLE / COLUMN,null,null,null,<=,true,2026-09-30T10:14:50.565Z,null,true,1,2026-09-30T10:14:50.565Z,2026-09-30T10:14:50.565Z,null,null,null
118,25,T04,1,null,TABLE / COLUMN,null,null,null,<=,true,2026-09-30T10:14:50.565Z,null,true,1,2026-09-30T10:14:50.565Z,2026-09-30T10:14:50.565Z,null,null,null
119,25,T05,1,null,TABLE / COLUMN,null,null,2.000000,<=,true,2026-09-30T10:14:50.565Z,null,true,1,2026-09-30T10:14:50.565Z,2026-09-30T10:14:50.565Z,null,null,null
120,25,T06,1,null,TABLE,null,null,99.000000,>=,true,2026-09-30T10:14:50.565Z,null,true,1,2026-09-30T10:14:50.565Z,2026-09-30T10:14:50.565Z,null,null,null
121,27,U01,1,241,COLUMN / TABLE,null,null,99.000000,>=,true,2026-09-30T10:14:50.565Z,null,true,1,2026-09-30T10:14:50.565Z,2026-09-30T10:14:50.565Z,null,null,null
122,25,U04,1,null,TABLE,null,null,100.000000,>=,true,2026-09-30T10:14:50.565Z,null,true,1,2026-09-30T10:14:50.565Z,2026-09-30T10:14:50.565Z,null,null,null
123,25,U05,1,null,TABLE,null,null,100.000000,>=,true,2026-09-30T10:14:50.565Z,null,true,1,2026-09-30T10:14:50.565Z,2026-09-30T10:14:50.565Z,null,null,null
124,26,V12,1,236,COLUMN,null,null,0.100000,<=,true,2026-09-30T10:14:50.565Z,null,true,1,2026-09-30T10:14:50.565Z,2026-09-30T10:14:50.565Z,null,null,null
125,25,X03,1,null,TABLE,null,null,null,null,true,2026-09-30T10:14:50.565Z,null,true,1,2026-09-30T10:14:50.565Z,2026-09-30T10:14:50.565Z,null,null,null
126,25,X04,1,null,TABLE / COLUMN,null,null,null,null,true,2026-09-30T10:14:50.565Z,null,true,1,2026-09-30T10:14:50.565Z,2026-09-30T10:14:50.565Z,null,null,null
127,18,A01,1,173,COLUMN / TABLE,null,null,99.000000,>=,true,2026-09-30T10:14:50.565Z,null,true,1,2026-09-30T10:14:50.565Z,2026-09-30T10:14:50.565Z,null,null,null
128,27,C01,1,247,COLUMN / TABLE,null,null,95.000000,>=,true,2026-09-30T10:14:50.565Z,null,true,1,2026-09-30T10:14:50.565Z,2026-09-30T10:14:50.565Z,null,null,null
129,24,C05,1,null,TABLE,null,null,95.000000,>=,true,2026-09-30T10:14:50.565Z,null,true,1,2026-09-30T10:14:50.565Z,2026-09-30T10:14:50.565Z,null,null,null
130,24,C07,1,null,TABLE,null,null,95.000000,>=,true,2026-09-30T10:14:50.565Z,null,true,1,2026-09-30T10:14:50.565Z,2026-09-30T10:14:50.565Z,null,null,null
131,24,I04,1,null,TABLE,null,null,0.000000,<=,true,2026-09-30T10:14:50.565Z,null,true,1,2026-09-30T10:14:50.565Z,2026-09-30T10:14:50.565Z,null,null,null
132,27,K03,1,243,COLUMN,null,null,98.000000,>=,true,2026-09-30T10:14:50.565Z,null,true,1,2026-09-30T10:14:50.565Z,2026-09-30T10:14:50.565Z,null,null,null
133,24,P01,1,null,TABLE,null,null,null,null,true,2026-09-30T10:14:50.565Z,null,true,1,2026-09-30T10:14:50.565Z,2026-09-30T10:14:50.565Z,null,null,null
134,10,P04,1,98,COLUMN,null,null,null,null,true,2026-09-30T10:14:50.565Z,null,true,1,2026-09-30T10:14:50.565Z,2026-09-30T10:14:50.565Z,null,null,null
135,24,P13,1,null,TABLE,null,null,null,null,true,2026-09-30T10:14:50.565Z,null,true,1,2026-09-30T10:14:50.565Z,2026-09-30T10:14:50.565Z,null,null,null
136,24,P14,1,null,TABLE,null,null,99.000000,>=,true,2026-09-30T10:14:50.565Z,null,true,1,2026-09-30T10:14:50.565Z,2026-09-30T10:14:50.565Z,null,null,null
137,24,T01,1,null,TABLE / COLUMN,null,null,98.000000,>=,true,2026-09-30T10:14:50.565Z,null,true,1,2026-09-30T10:14:50.565Z,2026-09-30T10:14:50.565Z,null,null,null
138,24,T02,1,null,TABLE / COLUMN,null,null,null,<=,true,2026-09-30T10:14:50.565Z,null,true,1,2026-09-30T10:14:50.565Z,2026-09-30T10:14:50.565Z,null,null,null
139,24,T03,1,null,TABLE / COLUMN,null,null,null,<=,true,2026-09-30T10:14:50.565Z,null,true,1,2026-09-30T10:14:50.565Z,2026-09-30T10:14:50.565Z,null,null,null
140,24,T04,1,null,TABLE / COLUMN,null,null,null,<=,true,2026-09-30T10:14:50.565Z,null,true,1,2026-09-30T10:14:50.565Z,2026-09-30T10:14:50.565Z,null,null,null
141,24,T05,1,null,TABLE / COLUMN,null,null,2.000000,<=,true,2026-09-30T10:14:50.565Z,null,true,1,2026-09-30T10:14:50.565Z,2026-09-30T10:14:50.565Z,null,null,null
142,24,T06,1,null,TABLE,null,null,99.000000,>=,true,2026-09-30T10:14:50.565Z,null,true,1,2026-09-30T10:14:50.565Z,2026-09-30T10:14:50.565Z,null,null,null
143,27,U01,1,240,COLUMN / TABLE,null,null,99.000000,>=,true,2026-09-30T10:14:50.565Z,null,true,1,2026-09-30T10:14:50.565Z,2026-09-30T10:14:50.565Z,null,null,null
144,24,U04,1,null,TABLE,null,null,100.000000,>=,true,2026-09-30T10:14:50.565Z,null,true,1,2026-09-30T10:14:50.565Z,2026-09-30T10:14:50.565Z,null,null,null
145,24,U05,1,null,TABLE,null,null,100.000000,>=,true,2026-09-30T10:14:50.565Z,null,true,1,2026-09-30T10:14:50.565Z,2026-09-30T10:14:50.565Z,null,null,null
146,24,V12,1,222,COLUMN,null,null,0.100000,<=,true,2026-09-30T10:14:50.565Z,null,true,1,2026-09-30T10:14:50.565Z,2026-09-30T10:14:50.565Z,null,null,null
147,24,X03,1,null,TABLE,null,null,null,null,true,2026-09-30T10:14:50.565Z,null,true,1,2026-09-30T10:14:50.565Z,2026-09-30T10:14:50.565Z,null,null,null
148,24,X04,1,null,TABLE / COLUMN,null,null,null,null,true,2026-09-30T10:14:50.565Z,null,true,1,2026-09-30T10:14:50.565Z,2026-09-30T10:14:50.565Z,null,null,null
149,15,A01,1,147,COLUMN / TABLE,null,null,99.000000,>=,true,2026-09-30T10:14:50.565Z,null,true,1,2026-09-30T10:14:50.565Z,2026-09-30T10:14:50.565Z,null,null,null
150,27,C01,1,246,COLUMN / TABLE,null,null,95.000000,>=,true,2026-09-30T10:14:50.565Z,null,true,1,2026-09-30T10:14:50.565Z,2026-09-30T10:14:50.565Z,null,null,null
151,23,C05,1,null,TABLE,null,null,95.000000,>=,true,2026-09-30T10:14:50.565Z,null,true,1,2026-09-30T10:14:50.565Z,2026-09-30T10:14:50.565Z,null,null,null
152,23,C07,1,null,TABLE,null,null,95.000000,>=,true,2026-09-30T10:14:50.565Z,null,true,1,2026-09-30T10:14:50.565Z,2026-09-30T10:14:50.565Z,null,null,null
153,23,I04,1,null,TABLE,null,null,0.000000,<=,true,2026-09-30T10:14:50.565Z,null,true,1,2026-09-30T10:14:50.565Z,2026-09-30T10:14:50.565Z,null,null,null
154,25,K03,1,228,COLUMN,null,null,98.000000,>=,true,2026-09-30T10:14:50.565Z,null,true,1,2026-09-30T10:14:50.565Z,2026-09-30T10:14:50.565Z,null,null,null
155,23,P01,1,null,TABLE,null,null,null,null,true,2026-09-30T10:14:50.565Z,null,true,1,2026-09-30T10:14:50.565Z,2026-09-30T10:14:50.565Z,null,null,null
156,8,P04,1,78,COLUMN,null,null,null,null,true,2026-09-30T10:14:50.565Z,null,true,1,2026-09-30T10:14:50.565Z,2026-09-30T10:14:50.565Z,null,null,null
157,23,P13,1,null,TABLE,null,null,null,null,true,2026-09-30T10:14:50.565Z,null,true,1,2026-09-30T10:14:50.565Z,2026-09-30T10:14:50.565Z,null,null,null
158,23,P14,1,null,TABLE,null,null,99.000000,>=,true,2026-09-30T10:14:50.565Z,null,true,1,2026-09-30T10:14:50.565Z,2026-09-30T10:14:50.565Z,null,null,null
159,23,T01,1,null,TABLE / COLUMN,null,null,98.000000,>=,true,2026-09-30T10:14:50.565Z,null,true,1,2026-09-30T10:14:50.565Z,2026-09-30T10:14:50.565Z,null,null,null
160,23,T02,1,null,TABLE / COLUMN,null,null,null,<=,true,2026-09-30T10:14:50.565Z,null,true,1,2026-09-30T10:14:50.565Z,2026-09-30T10:14:50.565Z,null,null,null
161,23,T03,1,null,TABLE / COLUMN,null,null,null,<=,true,2026-09-30T10:14:50.565Z,null,true,1,2026-09-30T10:14:50.565Z,2026-09-30T10:14:50.565Z,null,null,null
162,23,T04,1,null,TABLE / COLUMN,null,null,null,<=,true,2026-09-30T10:14:50.565Z,null,true,1,2026-09-30T10:14:50.565Z,2026-09-30T10:14:50.565Z,null,null,null
163,23,T05,1,null,TABLE / COLUMN,null,null,2.000000,<=,true,2026-09-30T10:14:50.565Z,null,true,1,2026-09-30T10:14:50.565Z,2026-09-30T10:14:50.565Z,null,null,null
164,23,T06,1,null,TABLE,null,null,99.000000,>=,true,2026-09-30T10:14:50.565Z,null,true,1,2026-09-30T10:14:50.565Z,2026-09-30T10:14:50.565Z,null,null,null
165,26,U01,1,234,COLUMN / TABLE,null,null,99.000000,>=,true,2026-09-30T10:14:50.565Z,null,true,1,2026-09-30T10:14:50.565Z,2026-09-30T10:14:50.565Z,null,null,null
166,23,U04,1,null,TABLE,null,null,100.000000,>=,true,2026-09-30T10:14:50.565Z,null,true,1,2026-09-30T10:14:50.565Z,2026-09-30T10:14:50.565Z,null,null,null
167,23,U05,1,null,TABLE,null,null,100.000000,>=,true,2026-09-30T10:14:50.565Z,null,true,1,2026-09-30T10:14:50.565Z,2026-09-30T10:14:50.565Z,null,null,null
168,23,V12,1,212,COLUMN,null,null,0.100000,<=,true,2026-09-30T10:14:50.565Z,null,true,1,2026-09-30T10:14:50.565Z,2026-09-30T10:14:50.565Z,null,null,null
169,23,X03,1,null,TABLE,null,null,null,null,true,2026-09-30T10:14:50.565Z,null,true,1,2026-09-30T10:14:50.565Z,2026-09-30T10:14:50.565Z,null,null,null
170,23,X04,1,null,TABLE / COLUMN,null,null,null,null,true,2026-09-30T10:14:50.565Z,null,true,1,2026-09-30T10:14:50.565Z,2026-09-30T10:14:50.565Z,null,null,null
171,15,A01,1,146,COLUMN / TABLE,null,null,99.000000,>=,true,2026-09-30T10:14:50.565Z,null,true,1,2026-09-30T10:14:50.565Z,2026-09-30T10:14:50.565Z,null,null,null
172,27,C01,1,242,COLUMN / TABLE,null,null,95.000000,>=,true,2026-09-30T10:14:50.565Z,null,true,1,2026-09-30T10:14:50.565Z,2026-09-30T10:14:50.565Z,null,null,null
173,22,C05,1,null,TABLE,null,null,95.000000,>=,true,2026-09-30T10:14:50.565Z,null,true,1,2026-09-30T10:14:50.565Z,2026-09-30T10:14:50.565Z,null,null,null
174,22,C07,1,null,TABLE,null,null,95.000000,>=,true,2026-09-30T10:14:50.565Z,null,true,1,2026-09-30T10:14:50.565Z,2026-09-30T10:14:50.565Z,null,null,null
175,22,I04,1,null,TABLE,null,null,0.000000,<=,true,2026-09-30T10:14:50.565Z,null,true,1,2026-09-30T10:14:50.565Z,2026-09-30T10:14:50.565Z,null,null,null
176,24,K03,1,220,COLUMN,null,null,98.000000,>=,true,2026-09-30T10:14:50.565Z,null,true,1,2026-09-30T10:14:50.565Z,2026-09-30T10:14:50.565Z,null,null,null
177,22,P01,1,null,TABLE,null,null,null,null,true,2026-09-30T10:14:50.565Z,null,true,1,2026-09-30T10:14:50.565Z,2026-09-30T10:14:50.565Z,null,null,null
178,7,P04,1,70,COLUMN,null,null,null,null,true,2026-09-30T10:14:50.565Z,null,true,1,2026-09-30T10:14:50.565Z,2026-09-30T10:14:50.565Z,null,null,null
179,22,P13,1,null,TABLE,null,null,null,null,true,2026-09-30T10:14:50.565Z,null,true,1,2026-09-30T10:14:50.565Z,2026-09-30T10:14:50.565Z,null,null,null
180,22,P14,1,null,TABLE,null,null,99.000000,>=,true,2026-09-30T10:14:50.565Z,null,true,1,2026-09-30T10:14:50.565Z,2026-09-30T10:14:50.565Z,null,null,null
181,22,T01,1,null,TABLE / COLUMN,null,null,98.000000,>=,true,2026-09-30T10:14:50.565Z,null,true,1,2026-09-30T10:14:50.565Z,2026-09-30T10:14:50.565Z,null,null,null
182,22,T02,1,null,TABLE / COLUMN,null,null,null,<=,true,2026-09-30T10:14:50.565Z,null,true,1,2026-09-30T10:14:50.565Z,2026-09-30T10:14:50.565Z,null,null,null
183,22,T03,1,null,TABLE / COLUMN,null,null,null,<=,true,2026-09-30T10:14:50.565Z,null,true,1,2026-09-30T10:14:50.565Z,2026-09-30T10:14:50.565Z,null,null,null
184,22,T04,1,null,TABLE / COLUMN,null,null,null,<=,true,2026-09-30T10:14:50.565Z,null,true,1,2026-09-30T10:14:50.565Z,2026-09-30T10:14:50.565Z,null,null,null
185,22,T05,1,null,TABLE / COLUMN,null,null,2.000000,<=,true,2026-09-30T10:14:50.565Z,null,true,1,2026-09-30T10:14:50.565Z,2026-09-30T10:14:50.565Z,null,null,null
186,22,T06,1,null,TABLE,null,null,99.000000,>=,true,2026-09-30T10:14:50.565Z,null,true,1,2026-09-30T10:14:50.565Z,2026-09-30T10:14:50.565Z,null,null,null
187,26,U01,1,233,COLUMN / TABLE,null,null,99.000000,>=,true,2026-09-30T10:14:50.565Z,null,true,1,2026-09-30T10:14:50.565Z,2026-09-30T10:14:50.565Z,null,null,null
188,22,U04,1,null,TABLE,null,null,100.000000,>=,true,2026-09-30T10:14:50.565Z,null,true,1,2026-09-30T10:14:50.565Z,2026-09-30T10:14:50.565Z,null,null,null
189,22,U05,1,null,TABLE,null,null,100.000000,>=,true,2026-09-30T10:14:50.565Z,null,true,1,2026-09-30T10:14:50.565Z,2026-09-30T10:14:50.565Z,null,null,null
190,23,V12,1,211,COLUMN,null,null,0.100000,<=,true,2026-09-30T10:14:50.565Z,null,true,1,2026-09-30T10:14:50.565Z,2026-09-30T10:14:50.565Z,null,null,null
191,22,X03,1,null,TABLE,null,null,null,null,true,2026-09-30T10:14:50.565Z,null,true,1,2026-09-30T10:14:50.565Z,2026-09-30T10:14:50.565Z,null,null,null
192,22,X04,1,null,TABLE / COLUMN,null,null,null,null,true,2026-09-30T10:14:50.565Z,null,true,1,2026-09-30T10:14:50.565Z,2026-09-30T10:14:50.565Z,null,null,null
193,11,A01,1,109,COLUMN / TABLE,null,null,99.000000,>=,true,2026-09-30T10:14:50.565Z,null,true,1,2026-09-30T10:14:50.565Z,2026-09-30T10:14:50.565Z,null,null,null
194,26,C01,1,239,COLUMN / TABLE,null,null,95.000000,>=,true,2026-09-30T10:14:50.565Z,null,true,1,2026-09-30T10:14:50.565Z,2026-09-30T10:14:50.565Z,null,null,null
195,21,C05,1,null,TABLE,null,null,95.000000,>=,true,2026-09-30T10:14:50.565Z,null,true,1,2026-09-30T10:14:50.565Z,2026-09-30T10:14:50.565Z,null,null,null
196,21,C07,1,null,TABLE,null,null,95.000000,>=,true,2026-09-30T10:14:50.565Z,null,true,1,2026-09-30T10:14:50.565Z,2026-09-30T10:14:50.565Z,null,null,null
197,21,I04,1,null,TABLE,null,null,0.000000,<=,true,2026-09-30T10:14:50.565Z,null,true,1,2026-09-30T10:14:50.565Z,2026-09-30T10:14:50.565Z,null,null,null
198,24,K03,1,217,COLUMN,null,null,98.000000,>=,true,2026-09-30T10:14:50.565Z,null,true,1,2026-09-30T10:14:50.565Z,2026-09-30T10:14:50.565Z,null,null,null
199,21,P01,1,null,TABLE,null,null,null,null,true,2026-09-30T10:14:50.565Z,null,true,1,2026-09-30T10:14:50.565Z,2026-09-30T10:14:50.565Z,null,null,null
200,7,P04,1,69,COLUMN,null,null,null,null,true,2026-09-30T10:14:50.565Z,null,true,1,2026-09-30T10:14:50.565Z,2026-09-30T10:14:50.565Z,null,null,null
201,21,P13,1,null,TABLE,null,null,null,null,true,2026-09-30T10:14:50.565Z,null,true,1,2026-09-30T10:14:50.565Z,2026-09-30T10:14:50.565Z,null,null,null
202,21,P14,1,null,TABLE,null,null,99.000000,>=,true,2026-09-30T10:14:50.565Z,null,true,1,2026-09-30T10:14:50.565Z,2026-09-30T10:14:50.565Z,null,null,null
203,21,T01,1,null,TABLE / COLUMN,null,null,98.000000,>=,true,2026-09-30T10:14:50.565Z,null,true,1,2026-09-30T10:14:50.565Z,2026-09-30T10:14:50.565Z,null,null,null
204,21,T02,1,null,TABLE / COLUMN,null,null,null,<=,true,2026-09-30T10:14:50.565Z,null,true,1,2026-09-30T10:14:50.565Z,2026-09-30T10:14:50.565Z,null,null,null
205,21,T03,1,null,TABLE / COLUMN,null,null,null,<=,true,2026-09-30T10:14:50.565Z,null,true,1,2026-09-30T10:14:50.565Z,2026-09-30T10:14:50.565Z,null,null,null
206,21,T04,1,null,TABLE / COLUMN,null,null,null,<=,true,2026-09-30T10:14:50.565Z,null,true,1,2026-09-30T10:14:50.565Z,2026-09-30T10:14:50.565Z,null,null,null
207,21,T05,1,null,TABLE / COLUMN,null,null,2.000000,<=,true,2026-09-30T10:14:50.565Z,null,true,1,2026-09-30T10:14:50.565Z,2026-09-30T10:14:50.565Z,null,null,null
208,21,T06,1,null,TABLE,null,null,99.000000,>=,true,2026-09-30T10:14:50.565Z,null,true,1,2026-09-30T10:14:50.565Z,2026-09-30T10:14:50.565Z,null,null,null
209,26,U01,1,232,COLUMN / TABLE,null,null,99.000000,>=,true,2026-09-30T10:14:50.565Z,null,true,1,2026-09-30T10:14:50.565Z,2026-09-30T10:14:50.565Z,null,null,null
210,21,U04,1,null,TABLE,null,null,100.000000,>=,true,2026-09-30T10:14:50.565Z,null,true,1,2026-09-30T10:14:50.565Z,2026-09-30T10:14:50.565Z,null,null,null
211,21,U05,1,null,TABLE,null,null,100.000000,>=,true,2026-09-30T10:14:50.565Z,null,true,1,2026-09-30T10:14:50.565Z,2026-09-30T10:14:50.565Z,null,null,null
212,20,V12,1,188,COLUMN,null,null,0.100000,<=,true,2026-09-30T10:14:50.565Z,null,true,1,2026-09-30T10:14:50.565Z,2026-09-30T10:14:50.565Z,null,null,null
213,21,X03,1,null,TABLE,null,null,null,null,true,2026-09-30T10:14:50.565Z,null,true,1,2026-09-30T10:14:50.565Z,2026-09-30T10:14:50.565Z,null,null,null
214,21,X04,1,null,TABLE / COLUMN,null,null,null,null,true,2026-09-30T10:14:50.565Z,null,true,1,2026-09-30T10:14:50.565Z,2026-09-30T10:14:50.565Z,null,null,null
215,7,A01,1,65,COLUMN / TABLE,null,null,99.000000,>=,true,2026-09-30T10:14:50.565Z,null,true,1,2026-09-30T10:14:50.565Z,2026-09-30T10:14:50.565Z,null,null,null
216,26,C01,1,238,COLUMN / TABLE,null,null,95.000000,>=,true,2026-09-30T10:14:50.565Z,null,true,1,2026-09-30T10:14:50.565Z,2026-09-30T10:14:50.565Z,null,null,null
217,20,C05,1,null,TABLE,null,null,95.000000,>=,true,2026-09-30T10:14:50.565Z,null,true,1,2026-09-30T10:14:50.565Z,2026-09-30T10:14:50.565Z,null,null,null
218,20,C07,1,null,TABLE,null,null,95.000000,>=,true,2026-09-30T10:14:50.565Z,null,true,1,2026-09-30T10:14:50.565Z,2026-09-30T10:14:50.565Z,null,null,null
219,20,I04,1,null,TABLE,null,null,0.000000,<=,true,2026-09-30T10:14:50.565Z,null,true,1,2026-09-30T10:14:50.565Z,2026-09-30T10:14:50.565Z,null,null,null
220,23,K03,1,213,COLUMN,null,null,98.000000,>=,true,2026-09-30T10:14:50.565Z,null,true,1,2026-09-30T10:14:50.565Z,2026-09-30T10:14:50.565Z,null,null,null
221,20,P01,1,null,TABLE,null,null,null,null,true,2026-09-30T10:14:50.565Z,null,true,1,2026-09-30T10:14:50.565Z,2026-09-30T10:14:50.565Z,null,null,null
222,7,P04,1,68,COLUMN,null,null,null,null,true,2026-09-30T10:14:50.565Z,null,true,1,2026-09-30T10:14:50.565Z,2026-09-30T10:14:50.565Z,null,null,null
223,20,P13,1,null,TABLE,null,null,null,null,true,2026-09-30T10:14:50.565Z,null,true,1,2026-09-30T10:14:50.565Z,2026-09-30T10:14:50.565Z,null,null,null
224,20,P14,1,null,TABLE,null,null,99.000000,>=,true,2026-09-30T10:14:50.565Z,null,true,1,2026-09-30T10:14:50.565Z,2026-09-30T10:14:50.565Z,null,null,null
225,20,T01,1,null,TABLE / COLUMN,null,null,98.000000,>=,true,2026-09-30T10:14:50.565Z,null,true,1,2026-09-30T10:14:50.565Z,2026-09-30T10:14:50.565Z,null,null,null
226,20,T02,1,null,TABLE / COLUMN,null,null,null,<=,true,2026-09-30T10:14:50.565Z,null,true,1,2026-09-30T10:14:50.565Z,2026-09-30T10:14:50.565Z,null,null,null
227,20,T03,1,null,TABLE / COLUMN,null,null,null,<=,true,2026-09-30T10:14:50.565Z,null,true,1,2026-09-30T10:14:50.565Z,2026-09-30T10:14:50.565Z,null,null,null
228,20,T04,1,null,TABLE / COLUMN,null,null,null,<=,true,2026-09-30T10:14:50.565Z,null,true,1,2026-09-30T10:14:50.565Z,2026-09-30T10:14:50.565Z,null,null,null
229,20,T05,1,null,TABLE / COLUMN,null,null,2.000000,<=,true,2026-09-30T10:14:50.565Z,null,true,1,2026-09-30T10:14:50.565Z,2026-09-30T10:14:50.565Z,null,null,null
230,20,T06,1,null,TABLE,null,null,99.000000,>=,true,2026-09-30T10:14:50.565Z,null,true,1,2026-09-30T10:14:50.565Z,2026-09-30T10:14:50.565Z,null,null,null
231,25,U01,1,227,COLUMN / TABLE,null,null,99.000000,>=,true,2026-09-30T10:14:50.565Z,null,true,1,2026-09-30T10:14:50.565Z,2026-09-30T10:14:50.565Z,null,null,null
232,20,U04,1,null,TABLE,null,null,100.000000,>=,true,2026-09-30T10:14:50.565Z,null,true,1,2026-09-30T10:14:50.565Z,2026-09-30T10:14:50.565Z,null,null,null
233,20,U05,1,null,TABLE,null,null,100.000000,>=,true,2026-09-30T10:14:50.565Z,null,true,1,2026-09-30T10:14:50.565Z,2026-09-30T10:14:50.565Z,null,null,null
234,19,V12,1,180,COLUMN,null,null,0.100000,<=,true,2026-09-30T10:14:50.565Z,null,true,1,2026-09-30T10:14:50.565Z,2026-09-30T10:14:50.565Z,null,null,null
235,20,X03,1,null,TABLE,null,null,null,null,true,2026-09-30T10:14:50.565Z,null,true,1,2026-09-30T10:14:50.565Z,2026-09-30T10:14:50.565Z,null,null,null
236,20,X04,1,null,TABLE / COLUMN,null,null,null,null,true,2026-09-30T10:14:50.565Z,null,true,1,2026-09-30T10:14:50.565Z,2026-09-30T10:14:50.565Z,null,null,null
237,3,A01,1,30,COLUMN / TABLE,null,null,99.000000,>=,true,2026-09-30T10:14:50.565Z,null,true,1,2026-09-30T10:14:50.565Z,2026-09-30T10:14:50.565Z,null,null,null
238,26,C01,1,235,COLUMN / TABLE,null,null,95.000000,>=,true,2026-09-30T10:14:50.565Z,null,true,1,2026-09-30T10:14:50.565Z,2026-09-30T10:14:50.565Z,null,null,null
239,19,C05,1,null,TABLE,null,null,95.000000,>=,true,2026-09-30T10:14:50.565Z,null,true,1,2026-09-30T10:14:50.565Z,2026-09-30T10:14:50.565Z,null,null,null
240,19,C07,1,null,TABLE,null,null,95.000000,>=,true,2026-09-30T10:14:50.565Z,null,true,1,2026-09-30T10:14:50.565Z,2026-09-30T10:14:50.565Z,null,null,null
241,19,I04,1,null,TABLE,null,null,0.000000,<=,true,2026-09-30T10:14:50.565Z,null,true,1,2026-09-30T10:14:50.565Z,2026-09-30T10:14:50.565Z,null,null,null
242,18,K03,1,172,COLUMN,null,null,98.000000,>=,true,2026-09-30T10:14:50.565Z,null,true,1,2026-09-30T10:14:50.565Z,2026-09-30T10:14:50.565Z,null,null,null
243,19,P01,1,null,TABLE,null,null,null,null,true,2026-09-30T10:14:50.565Z,null,true,1,2026-09-30T10:14:50.565Z,2026-09-30T10:14:50.565Z,null,null,null
244,4,P04,1,41,COLUMN,null,null,null,null,true,2026-09-30T10:14:50.565Z,null,true,1,2026-09-30T10:14:50.565Z,2026-09-30T10:14:50.565Z,null,null,null
245,19,P13,1,null,TABLE,null,null,null,null,true,2026-09-30T10:14:50.565Z,null,true,1,2026-09-30T10:14:50.565Z,2026-09-30T10:14:50.565Z,null,null,null
246,19,P14,1,null,TABLE,null,null,99.000000,>=,true,2026-09-30T10:14:50.565Z,null,true,1,2026-09-30T10:14:50.565Z,2026-09-30T10:14:50.565Z,null,null,null
247,19,T01,1,null,TABLE / COLUMN,null,null,98.000000,>=,true,2026-09-30T10:14:50.565Z,null,true,1,2026-09-30T10:14:50.565Z,2026-09-30T10:14:50.565Z,null,null,null
248,19,T02,1,null,TABLE / COLUMN,null,null,null,<=,true,2026-09-30T10:14:50.565Z,null,true,1,2026-09-30T10:14:50.565Z,2026-09-30T10:14:50.565Z,null,null,null
249,19,T03,1,null,TABLE / COLUMN,null,null,null,<=,true,2026-09-30T10:14:50.565Z,null,true,1,2026-09-30T10:14:50.565Z,2026-09-30T10:14:50.565Z,null,null,null
250,19,T04,1,null,TABLE / COLUMN,null,null,null,<=,true,2026-09-30T10:14:50.565Z,null,true,1,2026-09-30T10:14:50.565Z,2026-09-30T10:14:50.565Z,null,null,null
251,19,T05,1,null,TABLE / COLUMN,null,null,2.000000,<=,true,2026-09-30T10:14:50.565Z,null,true,1,2026-09-30T10:14:50.565Z,2026-09-30T10:14:50.565Z,null,null,null
252,19,T06,1,null,TABLE,null,null,99.000000,>=,true,2026-09-30T10:14:50.565Z,null,true,1,2026-09-30T10:14:50.565Z,2026-09-30T10:14:50.565Z,null,null,null
253,25,U01,1,225,COLUMN / TABLE,null,null,99.000000,>=,true,2026-09-30T10:14:50.565Z,null,true,1,2026-09-30T10:14:50.565Z,2026-09-30T10:14:50.565Z,null,null,null
254,19,U04,1,null,TABLE,null,null,100.000000,>=,true,2026-09-30T10:14:50.565Z,null,true,1,2026-09-30T10:14:50.565Z,2026-09-30T10:14:50.565Z,null,null,null
255,19,U05,1,null,TABLE,null,null,100.000000,>=,true,2026-09-30T10:14:50.565Z,null,true,1,2026-09-30T10:14:50.565Z,2026-09-30T10:14:50.565Z,null,null,null
256,18,V12,1,170,COLUMN,null,null,0.100000,<=,true,2026-09-30T10:14:50.565Z,null,true,1,2026-09-30T10:14:50.565Z,2026-09-30T10:14:50.565Z,null,null,null
257,19,X03,1,null,TABLE,null,null,null,null,true,2026-09-30T10:14:50.565Z,null,true,1,2026-09-30T10:14:50.565Z,2026-09-30T10:14:50.565Z,null,null,null
258,19,X04,1,null,TABLE / COLUMN,null,null,null,null,true,2026-09-30T10:14:50.565Z,null,true,1,2026-09-30T10:14:50.565Z,2026-09-30T10:14:50.565Z,null,null,null
259,2,A01,1,19,COLUMN / TABLE,null,null,99.000000,>=,true,2026-09-30T10:14:50.565Z,null,true,1,2026-09-30T10:14:50.565Z,2026-09-30T10:14:50.565Z,null,null,null
260,25,C01,1,231,COLUMN / TABLE,null,null,95.000000,>=,true,2026-09-30T10:14:50.565Z,null,true,1,2026-09-30T10:14:50.565Z,2026-09-30T10:14:50.565Z,null,null,null
261,18,C05,1,null,TABLE,null,null,95.000000,>=,true,2026-09-30T10:14:50.565Z,null,true,1,2026-09-30T10:14:50.565Z,2026-09-30T10:14:50.565Z,null,null,null
262,18,C07,1,null,TABLE,null,null,95.000000,>=,true,2026-09-30T10:14:50.565Z,null,true,1,2026-09-30T10:14:50.565Z,2026-09-30T10:14:50.565Z,null,null,null
263,18,I04,1,null,TABLE,null,null,0.000000,<=,true,2026-09-30T10:14:50.565Z,null,true,1,2026-09-30T10:14:50.565Z,2026-09-30T10:14:50.565Z,null,null,null
264,17,K03,1,165,COLUMN,null,null,98.000000,>=,true,2026-09-30T10:14:50.565Z,null,true,1,2026-09-30T10:14:50.565Z,2026-09-30T10:14:50.565Z,null,null,null
265,18,P01,1,null,TABLE,null,null,null,null,true,2026-09-30T10:14:50.565Z,null,true,1,2026-09-30T10:14:50.565Z,2026-09-30T10:14:50.565Z,null,null,null
266,3,P04,1,29,COLUMN,null,null,null,null,true,2026-09-30T10:14:50.565Z,null,true,1,2026-09-30T10:14:50.565Z,2026-09-30T10:14:50.565Z,null,null,null
267,18,P13,1,null,TABLE,null,null,null,null,true,2026-09-30T10:14:50.565Z,null,true,1,2026-09-30T10:14:50.565Z,2026-09-30T10:14:50.565Z,null,null,null
268,18,P14,1,null,TABLE,null,null,99.000000,>=,true,2026-09-30T10:14:50.565Z,null,true,1,2026-09-30T10:14:50.565Z,2026-09-30T10:14:50.565Z,null,null,null
269,18,T01,1,null,TABLE / COLUMN,null,null,98.000000,>=,true,2026-09-30T10:14:50.565Z,null,true,1,2026-09-30T10:14:50.565Z,2026-09-30T10:14:50.565Z,null,null,null
270,18,T02,1,null,TABLE / COLUMN,null,null,null,<=,true,2026-09-30T10:14:50.565Z,null,true,1,2026-09-30T10:14:50.565Z,2026-09-30T10:14:50.565Z,null,null,null
271,18,T03,1,null,TABLE / COLUMN,null,null,null,<=,true,2026-09-30T10:14:50.565Z,null,true,1,2026-09-30T10:14:50.565Z,2026-09-30T10:14:50.565Z,null,null,null
272,18,T04,1,null,TABLE / COLUMN,null,null,null,<=,true,2026-09-30T10:14:50.565Z,null,true,1,2026-09-30T10:14:50.565Z,2026-09-30T10:14:50.565Z,null,null,null
273,18,T05,1,null,TABLE / COLUMN,null,null,2.000000,<=,true,2026-09-30T10:14:50.565Z,null,true,1,2026-09-30T10:14:50.565Z,2026-09-30T10:14:50.565Z,null,null,null
274,18,T06,1,null,TABLE,null,null,99.000000,>=,true,2026-09-30T10:14:50.565Z,null,true,1,2026-09-30T10:14:50.565Z,2026-09-30T10:14:50.565Z,null,null,null
275,25,U01,1,224,COLUMN / TABLE,null,null,99.000000,>=,true,2026-09-30T10:14:50.565Z,null,true,1,2026-09-30T10:14:50.565Z,2026-09-30T10:14:50.565Z,null,null,null
276,18,U04,1,null,TABLE,null,null,100.000000,>=,true,2026-09-30T10:14:50.565Z,null,true,1,2026-09-30T10:14:50.565Z,2026-09-30T10:14:50.565Z,null,null,null
277,18,U05,1,null,TABLE,null,null,100.000000,>=,true,2026-09-30T10:14:50.565Z,null,true,1,2026-09-30T10:14:50.565Z,2026-09-30T10:14:50.565Z,null,null,null
278,18,V12,1,169,COLUMN,null,null,0.100000,<=,true,2026-09-30T10:14:50.565Z,null,true,1,2026-09-30T10:14:50.565Z,2026-09-30T10:14:50.565Z,null,null,null
279,18,X03,1,null,TABLE,null,null,null,null,true,2026-09-30T10:14:50.565Z,null,true,1,2026-09-30T10:14:50.565Z,2026-09-30T10:14:50.565Z,null,null,null
280,18,X04,1,null,TABLE / COLUMN,null,null,null,null,true,2026-09-30T10:14:50.565Z,null,true,1,2026-09-30T10:14:50.565Z,2026-09-30T10:14:50.565Z,null,null,null
281,25,C01,1,229,COLUMN / TABLE,null,null,95.000000,>=,true,2026-09-30T10:14:50.565Z,null,true,1,2026-09-30T10:14:50.565Z,2026-09-30T10:14:50.565Z,null,null,null
282,17,C05,1,null,TABLE,null,null,95.000000,>=,true,2026-09-30T10:14:50.565Z,null,true,1,2026-09-30T10:14:50.565Z,2026-09-30T10:14:50.565Z,null,null,null
283,17,C07,1,null,TABLE,null,null,95.000000,>=,true,2026-09-30T10:14:50.565Z,null,true,1,2026-09-30T10:14:50.565Z,2026-09-30T10:14:50.565Z,null,null,null
284,17,I04,1,null,TABLE,null,null,0.000000,<=,true,2026-09-30T10:14:50.565Z,null,true,1,2026-09-30T10:14:50.565Z,2026-09-30T10:14:50.565Z,null,null,null
285,16,K03,1,151,COLUMN,null,null,98.000000,>=,true,2026-09-30T10:14:50.565Z,null,true,1,2026-09-30T10:14:50.565Z,2026-09-30T10:14:50.565Z,null,null,null
286,17,P01,1,null,TABLE,null,null,null,null,true,2026-09-30T10:14:50.565Z,null,true,1,2026-09-30T10:14:50.565Z,2026-09-30T10:14:50.565Z,null,null,null
287,3,P04,1,28,COLUMN,null,null,null,null,true,2026-09-30T10:14:50.565Z,null,true,1,2026-09-30T10:14:50.565Z,2026-09-30T10:14:50.565Z,null,null,null
288,17,P13,1,null,TABLE,null,null,null,null,true,2026-09-30T10:14:50.565Z,null,true,1,2026-09-30T10:14:50.565Z,2026-09-30T10:14:50.565Z,null,null,null
289,17,P14,1,null,TABLE,null,null,99.000000,>=,true,2026-09-30T10:14:50.565Z,null,true,1,2026-09-30T10:14:50.565Z,2026-09-30T10:14:50.565Z,null,null,null
290,17,T01,1,null,TABLE / COLUMN,null,null,98.000000,>=,true,2026-09-30T10:14:50.565Z,null,true,1,2026-09-30T10:14:50.565Z,2026-09-30T10:14:50.565Z,null,null,null
291,17,T02,1,null,TABLE / COLUMN,null,null,null,<=,true,2026-09-30T10:14:50.565Z,null,true,1,2026-09-30T10:14:50.565Z,2026-09-30T10:14:50.565Z,null,null,null
292,17,T03,1,null,TABLE / COLUMN,null,null,null,<=,true,2026-09-30T10:14:50.565Z,null,true,1,2026-09-30T10:14:50.565Z,2026-09-30T10:14:50.565Z,null,null,null
293,17,T04,1,null,TABLE / COLUMN,null,null,null,<=,true,2026-09-30T10:14:50.565Z,null,true,1,2026-09-30T10:14:50.565Z,2026-09-30T10:14:50.565Z,null,null,null
294,17,T05,1,null,TABLE / COLUMN,null,null,2.000000,<=,true,2026-09-30T10:14:50.565Z,null,true,1,2026-09-30T10:14:50.565Z,2026-09-30T10:14:50.565Z,null,null,null
295,17,T06,1,null,TABLE,null,null,99.000000,>=,true,2026-09-30T10:14:50.565Z,null,true,1,2026-09-30T10:14:50.565Z,2026-09-30T10:14:50.565Z,null,null,null
296,24,U01,1,215,COLUMN / TABLE,null,null,99.000000,>=,true,2026-09-30T10:14:50.565Z,null,true,1,2026-09-30T10:14:50.565Z,2026-09-30T10:14:50.565Z,null,null,null
297,17,U04,1,null,TABLE,null,null,100.000000,>=,true,2026-09-30T10:14:50.565Z,null,true,1,2026-09-30T10:14:50.565Z,2026-09-30T10:14:50.565Z,null,null,null
298,17,U05,1,null,TABLE,null,null,100.000000,>=,true,2026-09-30T10:14:50.565Z,null,true,1,2026-09-30T10:14:50.565Z,2026-09-30T10:14:50.565Z,null,null,null
299,17,V12,1,159,COLUMN,null,null,0.100000,<=,true,2026-09-30T10:14:50.565Z,null,true,1,2026-09-30T10:14:50.565Z,2026-09-30T10:14:50.565Z,null,null,null
300,17,X03,1,null,TABLE,null,null,null,null,true,2026-09-30T10:14:50.565Z,null,true,1,2026-09-30T10:14:50.565Z,2026-09-30T10:14:50.565Z,null,null,null
301,17,X04,1,null,TABLE / COLUMN,null,null,null,null,true,2026-09-30T10:14:50.565Z,null,true,1,2026-09-30T10:14:50.565Z,2026-09-30T10:14:50.565Z,null,null,null
302,25,C01,1,226,COLUMN / TABLE,null,null,95.000000,>=,true,2026-09-30T10:14:50.565Z,null,true,1,2026-09-30T10:14:50.565Z,2026-09-30T10:14:50.565Z,null,null,null
303,16,C05,1,null,TABLE,null,null,95.000000,>=,true,2026-09-30T10:14:50.565Z,null,true,1,2026-09-30T10:14:50.565Z,2026-09-30T10:14:50.565Z,null,null,null
304,16,C07,1,null,TABLE,null,null,95.000000,>=,true,2026-09-30T10:14:50.565Z,null,true,1,2026-09-30T10:14:50.565Z,2026-09-30T10:14:50.565Z,null,null,null
305,16,I04,1,null,TABLE,null,null,0.000000,<=,true,2026-09-30T10:14:50.565Z,null,true,1,2026-09-30T10:14:50.565Z,2026-09-30T10:14:50.565Z,null,null,null
306,14,K03,1,134,COLUMN,null,null,98.000000,>=,true,2026-09-30T10:14:50.565Z,null,true,1,2026-09-30T10:14:50.565Z,2026-09-30T10:14:50.565Z,null,null,null
307,16,P01,1,null,TABLE,null,null,null,null,true,2026-09-30T10:14:50.565Z,null,true,1,2026-09-30T10:14:50.565Z,2026-09-30T10:14:50.565Z,null,null,null
308,2,P04,1,22,COLUMN,null,null,null,null,true,2026-09-30T10:14:50.565Z,null,true,1,2026-09-30T10:14:50.565Z,2026-09-30T10:14:50.565Z,null,null,null
309,16,P13,1,null,TABLE,null,null,null,null,true,2026-09-30T10:14:50.565Z,null,true,1,2026-09-30T10:14:50.565Z,2026-09-30T10:14:50.565Z,null,null,null
310,16,P14,1,null,TABLE,null,null,99.000000,>=,true,2026-09-30T10:14:50.565Z,null,true,1,2026-09-30T10:14:50.565Z,2026-09-30T10:14:50.565Z,null,null,null
311,16,T01,1,null,TABLE / COLUMN,null,null,98.000000,>=,true,2026-09-30T10:14:50.565Z,null,true,1,2026-09-30T10:14:50.565Z,2026-09-30T10:14:50.565Z,null,null,null
312,16,T02,1,null,TABLE / COLUMN,null,null,null,<=,true,2026-09-30T10:14:50.565Z,null,true,1,2026-09-30T10:14:50.565Z,2026-09-30T10:14:50.565Z,null,null,null
313,16,T03,1,null,TABLE / COLUMN,null,null,null,<=,true,2026-09-30T10:14:50.565Z,null,true,1,2026-09-30T10:14:50.565Z,2026-09-30T10:14:50.565Z,null,null,null
314,16,T04,1,null,TABLE / COLUMN,null,null,null,<=,true,2026-09-30T10:14:50.565Z,null,true,1,2026-09-30T10:14:50.565Z,2026-09-30T10:14:50.565Z,null,null,null
315,16,T05,1,null,TABLE / COLUMN,null,null,2.000000,<=,true,2026-09-30T10:14:50.565Z,null,true,1,2026-09-30T10:14:50.565Z,2026-09-30T10:14:50.565Z,null,null,null
316,16,T06,1,null,TABLE,null,null,99.000000,>=,true,2026-09-30T10:14:50.565Z,null,true,1,2026-09-30T10:14:50.565Z,2026-09-30T10:14:50.565Z,null,null,null
317,23,U01,1,210,COLUMN / TABLE,null,null,99.000000,>=,true,2026-09-30T10:14:50.565Z,null,true,1,2026-09-30T10:14:50.565Z,2026-09-30T10:14:50.565Z,null,null,null
318,16,U04,1,null,TABLE,null,null,100.000000,>=,true,2026-09-30T10:14:50.565Z,null,true,1,2026-09-30T10:14:50.565Z,2026-09-30T10:14:50.565Z,null,null,null
319,16,U05,1,null,TABLE,null,null,100.000000,>=,true,2026-09-30T10:14:50.565Z,null,true,1,2026-09-30T10:14:50.565Z,2026-09-30T10:14:50.565Z,null,null,null
320,16,V12,1,155,COLUMN,null,null,0.100000,<=,true,2026-09-30T10:14:50.565Z,null,true,1,2026-09-30T10:14:50.565Z,2026-09-30T10:14:50.565Z,null,null,null
321,16,X03,1,null,TABLE,null,null,null,null,true,2026-09-30T10:14:50.565Z,null,true,1,2026-09-30T10:14:50.565Z,2026-09-30T10:14:50.565Z,null,null,null
322,16,X04,1,null,TABLE / COLUMN,null,null,null,null,true,2026-09-30T10:14:50.565Z,null,true,1,2026-09-30T10:14:50.565Z,2026-09-30T10:14:50.565Z,null,null,null
323,24,C01,1,223,COLUMN / TABLE,null,null,95.000000,>=,true,2026-09-30T10:14:50.565Z,null,true,1,2026-09-30T10:14:50.565Z,2026-09-30T10:14:50.565Z,null,null,null
324,15,C05,1,null,TABLE,null,null,95.000000,>=,true,2026-09-30T10:14:50.565Z,null,true,1,2026-09-30T10:14:50.565Z,2026-09-30T10:14:50.565Z,null,null,null
325,15,C07,1,null,TABLE,null,null,95.000000,>=,true,2026-09-30T10:14:50.565Z,null,true,1,2026-09-30T10:14:50.565Z,2026-09-30T10:14:50.565Z,null,null,null
326,15,I04,1,null,TABLE,null,null,0.000000,<=,true,2026-09-30T10:14:50.565Z,null,true,1,2026-09-30T10:14:50.565Z,2026-09-30T10:14:50.565Z,null,null,null
327,12,K03,1,118,COLUMN,null,null,98.000000,>=,true,2026-09-30T10:14:50.565Z,null,true,1,2026-09-30T10:14:50.565Z,2026-09-30T10:14:50.565Z,null,null,null
328,15,P01,1,null,TABLE,null,null,null,null,true,2026-09-30T10:14:50.565Z,null,true,1,2026-09-30T10:14:50.565Z,2026-09-30T10:14:50.565Z,null,null,null
329,15,P13,1,null,TABLE,null,null,null,null,true,2026-09-30T10:14:50.565Z,null,true,1,2026-09-30T10:14:50.565Z,2026-09-30T10:14:50.565Z,null,null,null
330,15,P14,1,null,TABLE,null,null,99.000000,>=,true,2026-09-30T10:14:50.565Z,null,true,1,2026-09-30T10:14:50.565Z,2026-09-30T10:14:50.565Z,null,null,null
331,15,T01,1,null,TABLE / COLUMN,null,null,98.000000,>=,true,2026-09-30T10:14:50.565Z,null,true,1,2026-09-30T10:14:50.565Z,2026-09-30T10:14:50.565Z,null,null,null
332,15,T02,1,null,TABLE / COLUMN,null,null,null,<=,true,2026-09-30T10:14:50.565Z,null,true,1,2026-09-30T10:14:50.565Z,2026-09-30T10:14:50.565Z,null,null,null
333,15,T03,1,null,TABLE / COLUMN,null,null,null,<=,true,2026-09-30T10:14:50.565Z,null,true,1,2026-09-30T10:14:50.565Z,2026-09-30T10:14:50.565Z,null,null,null
334,15,T04,1,null,TABLE / COLUMN,null,null,null,<=,true,2026-09-30T10:14:50.565Z,null,true,1,2026-09-30T10:14:50.565Z,2026-09-30T10:14:50.565Z,null,null,null
335,15,T05,1,null,TABLE / COLUMN,null,null,2.000000,<=,true,2026-09-30T10:14:50.565Z,null,true,1,2026-09-30T10:14:50.565Z,2026-09-30T10:14:50.565Z,null,null,null
336,15,T06,1,null,TABLE,null,null,99.000000,>=,true,2026-09-30T10:14:50.565Z,null,true,1,2026-09-30T10:14:50.565Z,2026-09-30T10:14:50.565Z,null,null,null
337,23,U01,1,208,COLUMN / TABLE,null,null,99.000000,>=,true,2026-09-30T10:14:50.565Z,null,true,1,2026-09-30T10:14:50.565Z,2026-09-30T10:14:50.565Z,null,null,null
338,15,U04,1,null,TABLE,null,null,100.000000,>=,true,2026-09-30T10:14:50.565Z,null,true,1,2026-09-30T10:14:50.565Z,2026-09-30T10:14:50.565Z,null,null,null
339,15,U05,1,null,TABLE,null,null,100.000000,>=,true,2026-09-30T10:14:50.565Z,null,true,1,2026-09-30T10:14:50.565Z,2026-09-30T10:14:50.565Z,null,null,null
340,16,V12,1,154,COLUMN,null,null,0.100000,<=,true,2026-09-30T10:14:50.565Z,null,true,1,2026-09-30T10:14:50.565Z,2026-09-30T10:14:50.565Z,null,null,null
341,15,X03,1,null,TABLE,null,null,null,null,true,2026-09-30T10:14:50.565Z,null,true,1,2026-09-30T10:14:50.565Z,2026-09-30T10:14:50.565Z,null,null,null
342,15,X04,1,null,TABLE / COLUMN,null,null,null,null,true,2026-09-30T10:14:50.565Z,null,true,1,2026-09-30T10:14:50.565Z,2026-09-30T10:14:50.565Z,null,null,null
343,24,C01,1,221,COLUMN / TABLE,null,null,95.000000,>=,true,2026-09-30T10:14:50.565Z,null,true,1,2026-09-30T10:14:50.565Z,2026-09-30T10:14:50.565Z,null,null,null
344,14,C05,1,null,TABLE,null,null,95.000000,>=,true,2026-09-30T10:14:50.565Z,null,true,1,2026-09-30T10:14:50.565Z,2026-09-30T10:14:50.565Z,null,null,null
345,14,C07,1,null,TABLE,null,null,95.000000,>=,true,2026-09-30T10:14:50.565Z,null,true,1,2026-09-30T10:14:50.565Z,2026-09-30T10:14:50.565Z,null,null,null
346,14,I04,1,null,TABLE,null,null,0.000000,<=,true,2026-09-30T10:14:50.565Z,null,true,1,2026-09-30T10:14:50.565Z,2026-09-30T10:14:50.565Z,null,null,null
347,12,K03,1,117,COLUMN,null,null,98.000000,>=,true,2026-09-30T10:14:50.565Z,null,true,1,2026-09-30T10:14:50.565Z,2026-09-30T10:14:50.565Z,null,null,null
348,14,P01,1,null,TABLE,null,null,null,null,true,2026-09-30T10:14:50.565Z,null,true,1,2026-09-30T10:14:50.565Z,2026-09-30T10:14:50.565Z,null,null,null
349,14,P13,1,null,TABLE,null,null,null,null,true,2026-09-30T10:14:50.565Z,null,true,1,2026-09-30T10:14:50.565Z,2026-09-30T10:14:50.565Z,null,null,null
350,14,P14,1,null,TABLE,null,null,99.000000,>=,true,2026-09-30T10:14:50.565Z,null,true,1,2026-09-30T10:14:50.565Z,2026-09-30T10:14:50.565Z,null,null,null
351,14,T01,1,null,TABLE / COLUMN,null,null,98.000000,>=,true,2026-09-30T10:14:50.565Z,null,true,1,2026-09-30T10:14:50.565Z,2026-09-30T10:14:50.565Z,null,null,null
352,14,T02,1,null,TABLE / COLUMN,null,null,null,<=,true,2026-09-30T10:14:50.565Z,null,true,1,2026-09-30T10:14:50.565Z,2026-09-30T10:14:50.565Z,null,null,null
353,14,T03,1,null,TABLE / COLUMN,null,null,null,<=,true,2026-09-30T10:14:50.565Z,null,true,1,2026-09-30T10:14:50.565Z,2026-09-30T10:14:50.565Z,null,null,null
354,14,T04,1,null,TABLE / COLUMN,null,null,null,<=,true,2026-09-30T10:14:50.565Z,null,true,1,2026-09-30T10:14:50.565Z,2026-09-30T10:14:50.565Z,null,null,null
355,14,T05,1,null,TABLE / COLUMN,null,null,2.000000,<=,true,2026-09-30T10:14:50.565Z,null,true,1,2026-09-30T10:14:50.565Z,2026-09-30T10:14:50.565Z,null,null,null
356,14,T06,1,null,TABLE,null,null,99.000000,>=,true,2026-09-30T10:14:50.565Z,null,true,1,2026-09-30T10:14:50.565Z,2026-09-30T10:14:50.565Z,null,null,null
357,22,U01,1,205,COLUMN / TABLE,null,null,99.000000,>=,true,2026-09-30T10:14:50.565Z,null,true,1,2026-09-30T10:14:50.565Z,2026-09-30T10:14:50.565Z,null,null,null
358,14,U04,1,null,TABLE,null,null,100.000000,>=,true,2026-09-30T10:14:50.565Z,null,true,1,2026-09-30T10:14:50.565Z,2026-09-30T10:14:50.565Z,null,null,null
359,14,U05,1,null,TABLE,null,null,100.000000,>=,true,2026-09-30T10:14:50.565Z,null,true,1,2026-09-30T10:14:50.565Z,2026-09-30T10:14:50.565Z,null,null,null
360,15,V12,1,145,COLUMN,null,null,0.100000,<=,true,2026-09-30T10:14:50.565Z,null,true,1,2026-09-30T10:14:50.565Z,2026-09-30T10:14:50.565Z,null,null,null
361,14,X03,1,null,TABLE,null,null,null,null,true,2026-09-30T10:14:50.565Z,null,true,1,2026-09-30T10:14:50.565Z,2026-09-30T10:14:50.565Z,null,null,null
362,14,X04,1,null,TABLE / COLUMN,null,null,null,null,true,2026-09-30T10:14:50.565Z,null,true,1,2026-09-30T10:14:50.565Z,2026-09-30T10:14:50.565Z,null,null,null
363,24,C01,1,219,COLUMN / TABLE,null,null,95.000000,>=,true,2026-09-30T10:14:50.565Z,null,true,1,2026-09-30T10:14:50.565Z,2026-09-30T10:14:50.565Z,null,null,null
364,13,C05,1,null,TABLE,null,null,95.000000,>=,true,2026-09-30T10:14:50.565Z,null,true,1,2026-09-30T10:14:50.565Z,2026-09-30T10:14:50.565Z,null,null,null
365,13,C07,1,null,TABLE,null,null,95.000000,>=,true,2026-09-30T10:14:50.565Z,null,true,1,2026-09-30T10:14:50.565Z,2026-09-30T10:14:50.565Z,null,null,null
366,13,I04,1,null,TABLE,null,null,0.000000,<=,true,2026-09-30T10:14:50.565Z,null,true,1,2026-09-30T10:14:50.565Z,2026-09-30T10:14:50.565Z,null,null,null
367,10,K03,1,101,COLUMN,null,null,98.000000,>=,true,2026-09-30T10:14:50.565Z,null,true,1,2026-09-30T10:14:50.565Z,2026-09-30T10:14:50.565Z,null,null,null
368,13,P01,1,null,TABLE,null,null,null,null,true,2026-09-30T10:14:50.565Z,null,true,1,2026-09-30T10:14:50.565Z,2026-09-30T10:14:50.565Z,null,null,null
369,13,P13,1,null,TABLE,null,null,null,null,true,2026-09-30T10:14:50.565Z,null,true,1,2026-09-30T10:14:50.565Z,2026-09-30T10:14:50.565Z,null,null,null
370,13,P14,1,null,TABLE,null,null,99.000000,>=,true,2026-09-30T10:14:50.565Z,null,true,1,2026-09-30T10:14:50.565Z,2026-09-30T10:14:50.565Z,null,null,null
371,13,T01,1,null,TABLE / COLUMN,null,null,98.000000,>=,true,2026-09-30T10:14:50.565Z,null,true,1,2026-09-30T10:14:50.565Z,2026-09-30T10:14:50.565Z,null,null,null
372,13,T02,1,null,TABLE / COLUMN,null,null,null,<=,true,2026-09-30T10:14:50.565Z,null,true,1,2026-09-30T10:14:50.565Z,2026-09-30T10:14:50.565Z,null,null,null
373,13,T03,1,null,TABLE / COLUMN,null,null,null,<=,true,2026-09-30T10:14:50.565Z,null,true,1,2026-09-30T10:14:50.565Z,2026-09-30T10:14:50.565Z,null,null,null
374,13,T04,1,null,TABLE / COLUMN,null,null,null,<=,true,2026-09-30T10:14:50.565Z,null,true,1,2026-09-30T10:14:50.565Z,2026-09-30T10:14:50.565Z,null,null,null
375,13,T05,1,null,TABLE / COLUMN,null,null,2.000000,<=,true,2026-09-30T10:14:50.565Z,null,true,1,2026-09-30T10:14:50.565Z,2026-09-30T10:14:50.565Z,null,null,null
376,13,T06,1,null,TABLE,null,null,99.000000,>=,true,2026-09-30T10:14:50.565Z,null,true,1,2026-09-30T10:14:50.565Z,2026-09-30T10:14:50.565Z,null,null,null
377,22,U01,1,201,COLUMN / TABLE,null,null,99.000000,>=,true,2026-09-30T10:14:50.565Z,null,true,1,2026-09-30T10:14:50.565Z,2026-09-30T10:14:50.565Z,null,null,null
378,13,U04,1,null,TABLE,null,null,100.000000,>=,true,2026-09-30T10:14:50.565Z,null,true,1,2026-09-30T10:14:50.565Z,2026-09-30T10:14:50.565Z,null,null,null
379,13,U05,1,null,TABLE,null,null,100.000000,>=,true,2026-09-30T10:14:50.565Z,null,true,1,2026-09-30T10:14:50.565Z,2026-09-30T10:14:50.565Z,null,null,null
380,15,V12,1,144,COLUMN,null,null,0.100000,<=,true,2026-09-30T10:14:50.565Z,null,true,1,2026-09-30T10:14:50.565Z,2026-09-30T10:14:50.565Z,null,null,null
381,13,X03,1,null,TABLE,null,null,null,null,true,2026-09-30T10:14:50.565Z,null,true,1,2026-09-30T10:14:50.565Z,2026-09-30T10:14:50.565Z,null,null,null
382,13,X04,1,null,TABLE / COLUMN,null,null,null,null,true,2026-09-30T10:14:50.565Z,null,true,1,2026-09-30T10:14:50.565Z,2026-09-30T10:14:50.565Z,null,null,null
383,24,C01,1,218,COLUMN / TABLE,null,null,95.000000,>=,true,2026-09-30T10:14:50.565Z,null,true,1,2026-09-30T10:14:50.565Z,2026-09-30T10:14:50.565Z,null,null,null
384,12,C05,1,null,TABLE,null,null,95.000000,>=,true,2026-09-30T10:14:50.565Z,null,true,1,2026-09-30T10:14:50.565Z,2026-09-30T10:14:50.565Z,null,null,null
385,12,C07,1,null,TABLE,null,null,95.000000,>=,true,2026-09-30T10:14:50.565Z,null,true,1,2026-09-30T10:14:50.565Z,2026-09-30T10:14:50.565Z,null,null,null
386,12,I04,1,null,TABLE,null,null,0.000000,<=,true,2026-09-30T10:14:50.565Z,null,true,1,2026-09-30T10:14:50.565Z,2026-09-30T10:14:50.565Z,null,null,null
387,10,K03,1,100,COLUMN,null,null,98.000000,>=,true,2026-09-30T10:14:50.565Z,null,true,1,2026-09-30T10:14:50.565Z,2026-09-30T10:14:50.565Z,null,null,null
388,12,P01,1,null,TABLE,null,null,null,null,true,2026-09-30T10:14:50.565Z,null,true,1,2026-09-30T10:14:50.565Z,2026-09-30T10:14:50.565Z,null,null,null
389,12,P13,1,null,TABLE,null,null,null,null,true,2026-09-30T10:14:50.565Z,null,true,1,2026-09-30T10:14:50.565Z,2026-09-30T10:14:50.565Z,null,null,null
390,12,P14,1,null,TABLE,null,null,99.000000,>=,true,2026-09-30T10:14:50.565Z,null,true,1,2026-09-30T10:14:50.565Z,2026-09-30T10:14:50.565Z,null,null,null
391,12,T01,1,null,TABLE / COLUMN,null,null,98.000000,>=,true,2026-09-30T10:14:50.565Z,null,true,1,2026-09-30T10:14:50.565Z,2026-09-30T10:14:50.565Z,null,null,null
392,12,T02,1,null,TABLE / COLUMN,null,null,null,<=,true,2026-09-30T10:14:50.565Z,null,true,1,2026-09-30T10:14:50.565Z,2026-09-30T10:14:50.565Z,null,null,null
393,12,T03,1,null,TABLE / COLUMN,null,null,null,<=,true,2026-09-30T10:14:50.565Z,null,true,1,2026-09-30T10:14:50.565Z,2026-09-30T10:14:50.565Z,null,null,null
394,12,T04,1,null,TABLE / COLUMN,null,null,null,<=,true,2026-09-30T10:14:50.565Z,null,true,1,2026-09-30T10:14:50.565Z,2026-09-30T10:14:50.565Z,null,null,null
395,12,T05,1,null,TABLE / COLUMN,null,null,2.000000,<=,true,2026-09-30T10:14:50.565Z,null,true,1,2026-09-30T10:14:50.565Z,2026-09-30T10:14:50.565Z,null,null,null
396,12,T06,1,null,TABLE,null,null,99.000000,>=,true,2026-09-30T10:14:50.565Z,null,true,1,2026-09-30T10:14:50.565Z,2026-09-30T10:14:50.565Z,null,null,null
397,21,U01,1,196,COLUMN / TABLE,null,null,99.000000,>=,true,2026-09-30T10:14:50.565Z,null,true,1,2026-09-30T10:14:50.565Z,2026-09-30T10:14:50.565Z,null,null,null
398,12,U04,1,null,TABLE,null,null,100.000000,>=,true,2026-09-30T10:14:50.565Z,null,true,1,2026-09-30T10:14:50.565Z,2026-09-30T10:14:50.565Z,null,null,null
399,12,U05,1,null,TABLE,null,null,100.000000,>=,true,2026-09-30T10:14:50.565Z,null,true,1,2026-09-30T10:14:50.565Z,2026-09-30T10:14:50.565Z,null,null,null
400,13,V12,1,130,COLUMN,null,null,0.100000,<=,true,2026-09-30T10:14:50.565Z,null,true,1,2026-09-30T10:14:50.565Z,2026-09-30T10:14:50.565Z,null,null,null
401,12,X03,1,null,TABLE,null,null,null,null,true,2026-09-30T10:14:50.565Z,null,true,1,2026-09-30T10:14:50.565Z,2026-09-30T10:14:50.565Z,null,null,null
402,12,X04,1,null,TABLE / COLUMN,null,null,null,null,true,2026-09-30T10:14:50.565Z,null,true,1,2026-09-30T10:14:50.565Z,2026-09-30T10:14:50.565Z,null,null,null
403,24,C01,1,216,COLUMN / TABLE,null,null,95.000000,>=,true,2026-09-30T10:14:50.565Z,null,true,1,2026-09-30T10:14:50.565Z,2026-09-30T10:14:50.565Z,null,null,null
404,11,C05,1,null,TABLE,null,null,95.000000,>=,true,2026-09-30T10:14:50.565Z,null,true,1,2026-09-30T10:14:50.565Z,2026-09-30T10:14:50.565Z,null,null,null
405,11,C07,1,null,TABLE,null,null,95.000000,>=,true,2026-09-30T10:14:50.565Z,null,true,1,2026-09-30T10:14:50.565Z,2026-09-30T10:14:50.565Z,null,null,null
406,11,I04,1,null,TABLE,null,null,0.000000,<=,true,2026-09-30T10:14:50.565Z,null,true,1,2026-09-30T10:14:50.565Z,2026-09-30T10:14:50.565Z,null,null,null
407,9,K03,1,88,COLUMN,null,null,98.000000,>=,true,2026-09-30T10:14:50.565Z,null,true,1,2026-09-30T10:14:50.565Z,2026-09-30T10:14:50.565Z,null,null,null
408,11,P01,1,null,TABLE,null,null,null,null,true,2026-09-30T10:14:50.565Z,null,true,1,2026-09-30T10:14:50.565Z,2026-09-30T10:14:50.565Z,null,null,null
409,11,P13,1,null,TABLE,null,null,null,null,true,2026-09-30T10:14:50.565Z,null,true,1,2026-09-30T10:14:50.565Z,2026-09-30T10:14:50.565Z,null,null,null
410,11,P14,1,null,TABLE,null,null,99.000000,>=,true,2026-09-30T10:14:50.565Z,null,true,1,2026-09-30T10:14:50.565Z,2026-09-30T10:14:50.565Z,null,null,null
411,11,T01,1,null,TABLE / COLUMN,null,null,98.000000,>=,true,2026-09-30T10:14:50.565Z,null,true,1,2026-09-30T10:14:50.565Z,2026-09-30T10:14:50.565Z,null,null,null
412,11,T02,1,null,TABLE / COLUMN,null,null,null,<=,true,2026-09-30T10:14:50.565Z,null,true,1,2026-09-30T10:14:50.565Z,2026-09-30T10:14:50.565Z,null,null,null
413,11,T03,1,null,TABLE / COLUMN,null,null,null,<=,true,2026-09-30T10:14:50.565Z,null,true,1,2026-09-30T10:14:50.565Z,2026-09-30T10:14:50.565Z,null,null,null
414,11,T04,1,null,TABLE / COLUMN,null,null,null,<=,true,2026-09-30T10:14:50.565Z,null,true,1,2026-09-30T10:14:50.565Z,2026-09-30T10:14:50.565Z,null,null,null
415,11,T05,1,null,TABLE / COLUMN,null,null,2.000000,<=,true,2026-09-30T10:14:50.565Z,null,true,1,2026-09-30T10:14:50.565Z,2026-09-30T10:14:50.565Z,null,null,null
416,11,T06,1,null,TABLE,null,null,99.000000,>=,true,2026-09-30T10:14:50.565Z,null,true,1,2026-09-30T10:14:50.565Z,2026-09-30T10:14:50.565Z,null,null,null
417,20,U01,1,190,COLUMN / TABLE,null,null,99.000000,>=,true,2026-09-30T10:14:50.565Z,null,true,1,2026-09-30T10:14:50.565Z,2026-09-30T10:14:50.565Z,null,null,null
418,11,U04,1,null,TABLE,null,null,100.000000,>=,true,2026-09-30T10:14:50.565Z,null,true,1,2026-09-30T10:14:50.565Z,2026-09-30T10:14:50.565Z,null,null,null
419,11,U05,1,null,TABLE,null,null,100.000000,>=,true,2026-09-30T10:14:50.565Z,null,true,1,2026-09-30T10:14:50.565Z,2026-09-30T10:14:50.565Z,null,null,null
420,13,V12,1,129,COLUMN,null,null,0.100000,<=,true,2026-09-30T10:14:50.565Z,null,true,1,2026-09-30T10:14:50.565Z,2026-09-30T10:14:50.565Z,null,null,null
421,11,X03,1,null,TABLE,null,null,null,null,true,2026-09-30T10:14:50.565Z,null,true,1,2026-09-30T10:14:50.565Z,2026-09-30T10:14:50.565Z,null,null,null
422,11,X04,1,null,TABLE / COLUMN,null,null,null,null,true,2026-09-30T10:14:50.565Z,null,true,1,2026-09-30T10:14:50.565Z,2026-09-30T10:14:50.565Z,null,null,null
423,23,C01,1,214,COLUMN / TABLE,null,null,95.000000,>=,true,2026-09-30T10:14:50.565Z,null,true,1,2026-09-30T10:14:50.565Z,2026-09-30T10:14:50.565Z,null,null,null
424,10,C05,1,null,TABLE,null,null,95.000000,>=,true,2026-09-30T10:14:50.565Z,null,true,1,2026-09-30T10:14:50.565Z,2026-09-30T10:14:50.565Z,null,null,null
425,10,C07,1,null,TABLE,null,null,95.000000,>=,true,2026-09-30T10:14:50.565Z,null,true,1,2026-09-30T10:14:50.565Z,2026-09-30T10:14:50.565Z,null,null,null
426,10,I04,1,null,TABLE,null,null,0.000000,<=,true,2026-09-30T10:14:50.565Z,null,true,1,2026-09-30T10:14:50.565Z,2026-09-30T10:14:50.565Z,null,null,null
427,5,K03,1,50,COLUMN,null,null,98.000000,>=,true,2026-09-30T10:14:50.565Z,null,true,1,2026-09-30T10:14:50.565Z,2026-09-30T10:14:50.565Z,null,null,null
428,10,P01,1,null,TABLE,null,null,null,null,true,2026-09-30T10:14:50.565Z,null,true,1,2026-09-30T10:14:50.565Z,2026-09-30T10:14:50.565Z,null,null,null
429,10,P13,1,null,TABLE,null,null,null,null,true,2026-09-30T10:14:50.565Z,null,true,1,2026-09-30T10:14:50.565Z,2026-09-30T10:14:50.565Z,null,null,null
430,10,P14,1,null,TABLE,null,null,99.000000,>=,true,2026-09-30T10:14:50.565Z,null,true,1,2026-09-30T10:14:50.565Z,2026-09-30T10:14:50.565Z,null,null,null
431,10,T01,1,null,TABLE / COLUMN,null,null,98.000000,>=,true,2026-09-30T10:14:50.565Z,null,true,1,2026-09-30T10:14:50.565Z,2026-09-30T10:14:50.565Z,null,null,null
432,10,T02,1,null,TABLE / COLUMN,null,null,null,<=,true,2026-09-30T10:14:50.565Z,null,true,1,2026-09-30T10:14:50.565Z,2026-09-30T10:14:50.565Z,null,null,null
433,10,T03,1,null,TABLE / COLUMN,null,null,null,<=,true,2026-09-30T10:14:50.565Z,null,true,1,2026-09-30T10:14:50.565Z,2026-09-30T10:14:50.565Z,null,null,null
434,10,T04,1,null,TABLE / COLUMN,null,null,null,<=,true,2026-09-30T10:14:50.565Z,null,true,1,2026-09-30T10:14:50.565Z,2026-09-30T10:14:50.565Z,null,null,null
435,10,T05,1,null,TABLE / COLUMN,null,null,2.000000,<=,true,2026-09-30T10:14:50.565Z,null,true,1,2026-09-30T10:14:50.565Z,2026-09-30T10:14:50.565Z,null,null,null
436,10,T06,1,null,TABLE,null,null,99.000000,>=,true,2026-09-30T10:14:50.565Z,null,true,1,2026-09-30T10:14:50.565Z,2026-09-30T10:14:50.565Z,null,null,null
437,20,U01,1,185,COLUMN / TABLE,null,null,99.000000,>=,true,2026-09-30T10:14:50.565Z,null,true,1,2026-09-30T10:14:50.565Z,2026-09-30T10:14:50.565Z,null,null,null
438,10,U04,1,null,TABLE,null,null,100.000000,>=,true,2026-09-30T10:14:50.565Z,null,true,1,2026-09-30T10:14:50.565Z,2026-09-30T10:14:50.565Z,null,null,null
439,10,U05,1,null,TABLE,null,null,100.000000,>=,true,2026-09-30T10:14:50.565Z,null,true,1,2026-09-30T10:14:50.565Z,2026-09-30T10:14:50.565Z,null,null,null
440,12,V12,1,119,COLUMN,null,null,0.100000,<=,true,2026-09-30T10:14:50.565Z,null,true,1,2026-09-30T10:14:50.565Z,2026-09-30T10:14:50.565Z,null,null,null
441,10,X03,1,null,TABLE,null,null,null,null,true,2026-09-30T10:14:50.565Z,null,true,1,2026-09-30T10:14:50.565Z,2026-09-30T10:14:50.565Z,null,null,null
442,10,X04,1,null,TABLE / COLUMN,null,null,null,null,true,2026-09-30T10:14:50.565Z,null,true,1,2026-09-30T10:14:50.565Z,2026-09-30T10:14:50.565Z,null,null,null
443,23,C01,1,209,COLUMN / TABLE,null,null,95.000000,>=,true,2026-09-30T10:14:50.565Z,null,true,1,2026-09-30T10:14:50.565Z,2026-09-30T10:14:50.565Z,null,null,null
444,9,C05,1,null,TABLE,null,null,95.000000,>=,true,2026-09-30T10:14:50.565Z,null,true,1,2026-09-30T10:14:50.565Z,2026-09-30T10:14:50.565Z,null,null,null
445,9,C07,1,null,TABLE,null,null,95.000000,>=,true,2026-09-30T10:14:50.565Z,null,true,1,2026-09-30T10:14:50.565Z,2026-09-30T10:14:50.565Z,null,null,null
446,9,I04,1,null,TABLE,null,null,0.000000,<=,true,2026-09-30T10:14:50.565Z,null,true,1,2026-09-30T10:14:50.565Z,2026-09-30T10:14:50.565Z,null,null,null
447,4,K03,1,42,COLUMN,null,null,98.000000,>=,true,2026-09-30T10:14:50.565Z,null,true,1,2026-09-30T10:14:50.565Z,2026-09-30T10:14:50.565Z,null,null,null
448,9,P01,1,null,TABLE,null,null,null,null,true,2026-09-30T10:14:50.565Z,null,true,1,2026-09-30T10:14:50.565Z,2026-09-30T10:14:50.565Z,null,null,null
449,9,P13,1,null,TABLE,null,null,null,null,true,2026-09-30T10:14:50.565Z,null,true,1,2026-09-30T10:14:50.565Z,2026-09-30T10:14:50.565Z,null,null,null
450,9,P14,1,null,TABLE,null,null,99.000000,>=,true,2026-09-30T10:14:50.565Z,null,true,1,2026-09-30T10:14:50.565Z,2026-09-30T10:14:50.565Z,null,null,null
451,9,T01,1,null,TABLE / COLUMN,null,null,98.000000,>=,true,2026-09-30T10:14:50.565Z,null,true,1,2026-09-30T10:14:50.565Z,2026-09-30T10:14:50.565Z,null,null,null
452,9,T02,1,null,TABLE / COLUMN,null,null,null,<=,true,2026-09-30T10:14:50.565Z,null,true,1,2026-09-30T10:14:50.565Z,2026-09-30T10:14:50.565Z,null,null,null
453,9,T03,1,null,TABLE / COLUMN,null,null,null,<=,true,2026-09-30T10:14:50.565Z,null,true,1,2026-09-30T10:14:50.565Z,2026-09-30T10:14:50.565Z,null,null,null
454,9,T04,1,null,TABLE / COLUMN,null,null,null,<=,true,2026-09-30T10:14:50.565Z,null,true,1,2026-09-30T10:14:50.565Z,2026-09-30T10:14:50.565Z,null,null,null
455,9,T05,1,null,TABLE / COLUMN,null,null,2.000000,<=,true,2026-09-30T10:14:50.565Z,null,true,1,2026-09-30T10:14:50.565Z,2026-09-30T10:14:50.565Z,null,null,null
456,9,T06,1,null,TABLE,null,null,99.000000,>=,true,2026-09-30T10:14:50.565Z,null,true,1,2026-09-30T10:14:50.565Z,2026-09-30T10:14:50.565Z,null,null,null
457,20,U01,1,184,COLUMN / TABLE,null,null,99.000000,>=,true,2026-09-30T10:14:50.565Z,null,true,1,2026-09-30T10:14:50.565Z,2026-09-30T10:14:50.565Z,null,null,null
458,9,U04,1,null,TABLE,null,null,100.000000,>=,true,2026-09-30T10:14:50.565Z,null,true,1,2026-09-30T10:14:50.565Z,2026-09-30T10:14:50.565Z,null,null,null
459,9,U05,1,null,TABLE,null,null,100.000000,>=,true,2026-09-30T10:14:50.565Z,null,true,1,2026-09-30T10:14:50.565Z,2026-09-30T10:14:50.565Z,null,null,null
460,10,V12,1,102,COLUMN,null,null,0.100000,<=,true,2026-09-30T10:14:50.565Z,null,true,1,2026-09-30T10:14:50.565Z,2026-09-30T10:14:50.565Z,null,null,null
461,9,X03,1,null,TABLE,null,null,null,null,true,2026-09-30T10:14:50.565Z,null,true,1,2026-09-30T10:14:50.565Z,2026-09-30T10:14:50.565Z,null,null,null
462,9,X04,1,null,TABLE / COLUMN,null,null,null,null,true,2026-09-30T10:14:50.565Z,null,true,1,2026-09-30T10:14:50.565Z,2026-09-30T10:14:50.565Z,null,null,null
463,22,C01,1,207,COLUMN / TABLE,null,null,95.000000,>=,true,2026-09-30T10:14:50.565Z,null,true,1,2026-09-30T10:14:50.565Z,2026-09-30T10:14:50.565Z,null,null,null
464,8,C05,1,null,TABLE,null,null,95.000000,>=,true,2026-09-30T10:14:50.565Z,null,true,1,2026-09-30T10:14:50.565Z,2026-09-30T10:14:50.565Z,null,null,null
465,8,C07,1,null,TABLE,null,null,95.000000,>=,true,2026-09-30T10:14:50.565Z,null,true,1,2026-09-30T10:14:50.565Z,2026-09-30T10:14:50.565Z,null,null,null
466,8,I04,1,null,TABLE,null,null,0.000000,<=,true,2026-09-30T10:14:50.565Z,null,true,1,2026-09-30T10:14:50.565Z,2026-09-30T10:14:50.565Z,null,null,null
467,3,K03,1,33,COLUMN,null,null,98.000000,>=,true,2026-09-30T10:14:50.565Z,null,true,1,2026-09-30T10:14:50.565Z,2026-09-30T10:14:50.565Z,null,null,null
468,8,P01,1,null,TABLE,null,null,null,null,true,2026-09-30T10:14:50.565Z,null,true,1,2026-09-30T10:14:50.565Z,2026-09-30T10:14:50.565Z,null,null,null
469,8,P13,1,null,TABLE,null,null,null,null,true,2026-09-30T10:14:50.565Z,null,true,1,2026-09-30T10:14:50.565Z,2026-09-30T10:14:50.565Z,null,null,null
470,8,P14,1,null,TABLE,null,null,99.000000,>=,true,2026-09-30T10:14:50.565Z,null,true,1,2026-09-30T10:14:50.565Z,2026-09-30T10:14:50.565Z,null,null,null
471,8,T01,1,null,TABLE / COLUMN,null,null,98.000000,>=,true,2026-09-30T10:14:50.565Z,null,true,1,2026-09-30T10:14:50.565Z,2026-09-30T10:14:50.565Z,null,null,null
472,8,T02,1,null,TABLE / COLUMN,null,null,null,<=,true,2026-09-30T10:14:50.565Z,null,true,1,2026-09-30T10:14:50.565Z,2026-09-30T10:14:50.565Z,null,null,null
473,8,T03,1,null,TABLE / COLUMN,null,null,null,<=,true,2026-09-30T10:14:50.565Z,null,true,1,2026-09-30T10:14:50.565Z,2026-09-30T10:14:50.565Z,null,null,null
474,8,T04,1,null,TABLE / COLUMN,null,null,null,<=,true,2026-09-30T10:14:50.565Z,null,true,1,2026-09-30T10:14:50.565Z,2026-09-30T10:14:50.565Z,null,null,null
475,8,T05,1,null,TABLE / COLUMN,null,null,2.000000,<=,true,2026-09-30T10:14:50.565Z,null,true,1,2026-09-30T10:14:50.565Z,2026-09-30T10:14:50.565Z,null,null,null
476,8,T06,1,null,TABLE,null,null,99.000000,>=,true,2026-09-30T10:14:50.565Z,null,true,1,2026-09-30T10:14:50.565Z,2026-09-30T10:14:50.565Z,null,null,null
477,19,U01,1,178,COLUMN / TABLE,null,null,99.000000,>=,true,2026-09-30T10:14:50.565Z,null,true,1,2026-09-30T10:14:50.565Z,2026-09-30T10:14:50.565Z,null,null,null
478,8,U04,1,null,TABLE,null,null,100.000000,>=,true,2026-09-30T10:14:50.565Z,null,true,1,2026-09-30T10:14:50.565Z,2026-09-30T10:14:50.565Z,null,null,null
479,8,U05,1,null,TABLE,null,null,100.000000,>=,true,2026-09-30T10:14:50.565Z,null,true,1,2026-09-30T10:14:50.565Z,2026-09-30T10:14:50.565Z,null,null,null
480,9,V12,1,89,COLUMN,null,null,0.100000,<=,true,2026-09-30T10:14:50.565Z,null,true,1,2026-09-30T10:14:50.565Z,2026-09-30T10:14:50.565Z,null,null,null
481,8,X03,1,null,TABLE,null,null,null,null,true,2026-09-30T10:14:50.565Z,null,true,1,2026-09-30T10:14:50.565Z,2026-09-30T10:14:50.565Z,null,null,null
482,8,X04,1,null,TABLE / COLUMN,null,null,null,null,true,2026-09-30T10:14:50.565Z,null,true,1,2026-09-30T10:14:50.565Z,2026-09-30T10:14:50.565Z,null,null,null
483,22,C01,1,206,COLUMN / TABLE,null,null,95.000000,>=,true,2026-09-30T10:14:50.565Z,null,true,1,2026-09-30T10:14:50.565Z,2026-09-30T10:14:50.565Z,null,null,null
484,7,C05,1,null,TABLE,null,null,95.000000,>=,true,2026-09-30T10:14:50.565Z,null,true,1,2026-09-30T10:14:50.565Z,2026-09-30T10:14:50.565Z,null,null,null
485,7,C07,1,null,TABLE,null,null,95.000000,>=,true,2026-09-30T10:14:50.565Z,null,true,1,2026-09-30T10:14:50.565Z,2026-09-30T10:14:50.565Z,null,null,null
486,7,I04,1,null,TABLE,null,null,0.000000,<=,true,2026-09-30T10:14:50.565Z,null,true,1,2026-09-30T10:14:50.565Z,2026-09-30T10:14:50.565Z,null,null,null
487,2,K03,1,23,COLUMN,null,null,98.000000,>=,true,2026-09-30T10:14:50.565Z,null,true,1,2026-09-30T10:14:50.565Z,2026-09-30T10:14:50.565Z,null,null,null
488,7,P01,1,null,TABLE,null,null,null,null,true,2026-09-30T10:14:50.565Z,null,true,1,2026-09-30T10:14:50.565Z,2026-09-30T10:14:50.565Z,null,null,null
489,7,P13,1,null,TABLE,null,null,null,null,true,2026-09-30T10:14:50.565Z,null,true,1,2026-09-30T10:14:50.565Z,2026-09-30T10:14:50.565Z,null,null,null
490,7,P14,1,null,TABLE,null,null,99.000000,>=,true,2026-09-30T10:14:50.565Z,null,true,1,2026-09-30T10:14:50.565Z,2026-09-30T10:14:50.565Z,null,null,null
491,7,T01,1,null,TABLE / COLUMN,null,null,98.000000,>=,true,2026-09-30T10:14:50.565Z,null,true,1,2026-09-30T10:14:50.565Z,2026-09-30T10:14:50.565Z,null,null,null
492,7,T02,1,null,TABLE / COLUMN,null,null,null,<=,true,2026-09-30T10:14:50.565Z,null,true,1,2026-09-30T10:14:50.565Z,2026-09-30T10:14:50.565Z,null,null,null
493,7,T03,1,null,TABLE / COLUMN,null,null,null,<=,true,2026-09-30T10:14:50.565Z,null,true,1,2026-09-30T10:14:50.565Z,2026-09-30T10:14:50.565Z,null,null,null
494,7,T04,1,null,TABLE / COLUMN,null,null,null,<=,true,2026-09-30T10:14:50.565Z,null,true,1,2026-09-30T10:14:50.565Z,2026-09-30T10:14:50.565Z,null,null,null
495,7,T05,1,null,TABLE / COLUMN,null,null,2.000000,<=,true,2026-09-30T10:14:50.565Z,null,true,1,2026-09-30T10:14:50.565Z,2026-09-30T10:14:50.565Z,null,null,null
496,7,T06,1,null,TABLE,null,null,99.000000,>=,true,2026-09-30T10:14:50.565Z,null,true,1,2026-09-30T10:14:50.565Z,2026-09-30T10:14:50.565Z,null,null,null
497,19,U01,1,177,COLUMN / TABLE,null,null,99.000000,>=,true,2026-09-30T10:14:50.565Z,null,true,1,2026-09-30T10:14:50.565Z,2026-09-30T10:14:50.565Z,null,null,null
498,7,U04,1,null,TABLE,null,null,100.000000,>=,true,2026-09-30T10:14:50.565Z,null,true,1,2026-09-30T10:14:50.565Z,2026-09-30T10:14:50.565Z,null,null,null
499,7,U05,1,null,TABLE,null,null,100.000000,>=,true,2026-09-30T10:14:50.565Z,null,true,1,2026-09-30T10:14:50.565Z,2026-09-30T10:14:50.565Z,null,null,null
500,9,V12,1,85,COLUMN,null,null,0.100000,<=,true,2026-09-30T10:14:50.565Z,null,true,1,2026-09-30T10:14:50.565Z,2026-09-30T10:14:50.565Z,null,null,null
501,7,X03,1,null,TABLE,null,null,null,null,true,2026-09-30T10:14:50.565Z,null,true,1,2026-09-30T10:14:50.565Z,2026-09-30T10:14:50.565Z,null,null,null
502,7,X04,1,null,TABLE / COLUMN,null,null,null,null,true,2026-09-30T10:14:50.565Z,null,true,1,2026-09-30T10:14:50.565Z,2026-09-30T10:14:50.565Z,null,null,null
503,22,C01,1,204,COLUMN / TABLE,null,null,95.000000,>=,true,2026-09-30T10:14:50.565Z,null,true,1,2026-09-30T10:14:50.565Z,2026-09-30T10:14:50.565Z,null,null,null
504,6,C05,1,null,TABLE,null,null,95.000000,>=,true,2026-09-30T10:14:50.565Z,null,true,1,2026-09-30T10:14:50.565Z,2026-09-30T10:14:50.565Z,null,null,null
505,6,C07,1,null,TABLE,null,null,95.000000,>=,true,2026-09-30T10:14:50.565Z,null,true,1,2026-09-30T10:14:50.565Z,2026-09-30T10:14:50.565Z,null,null,null
506,6,I04,1,null,TABLE,null,null,0.000000,<=,true,2026-09-30T10:14:50.565Z,null,true,1,2026-09-30T10:14:50.565Z,2026-09-30T10:14:50.565Z,null,null,null
507,2,K03,1,21,COLUMN,null,null,98.000000,>=,true,2026-09-30T10:14:50.565Z,null,true,1,2026-09-30T10:14:50.565Z,2026-09-30T10:14:50.565Z,null,null,null
508,6,P01,1,null,TABLE,null,null,null,null,true,2026-09-30T10:14:50.565Z,null,true,1,2026-09-30T10:14:50.565Z,2026-09-30T10:14:50.565Z,null,null,null
509,6,P13,1,null,TABLE,null,null,null,null,true,2026-09-30T10:14:50.565Z,null,true,1,2026-09-30T10:14:50.565Z,2026-09-30T10:14:50.565Z,null,null,null
510,6,P14,1,null,TABLE,null,null,99.000000,>=,true,2026-09-30T10:14:50.565Z,null,true,1,2026-09-30T10:14:50.565Z,2026-09-30T10:14:50.565Z,null,null,null
511,6,T01,1,null,TABLE / COLUMN,null,null,98.000000,>=,true,2026-09-30T10:14:50.565Z,null,true,1,2026-09-30T10:14:50.565Z,2026-09-30T10:14:50.565Z,null,null,null
512,6,T02,1,null,TABLE / COLUMN,null,null,null,<=,true,2026-09-30T10:14:50.565Z,null,true,1,2026-09-30T10:14:50.565Z,2026-09-30T10:14:50.565Z,null,null,null
513,6,T03,1,null,TABLE / COLUMN,null,null,null,<=,true,2026-09-30T10:14:50.565Z,null,true,1,2026-09-30T10:14:50.565Z,2026-09-30T10:14:50.565Z,null,null,null
514,6,T04,1,null,TABLE / COLUMN,null,null,null,<=,true,2026-09-30T10:14:50.565Z,null,true,1,2026-09-30T10:14:50.565Z,2026-09-30T10:14:50.565Z,null,null,null
515,6,T05,1,null,TABLE / COLUMN,null,null,2.000000,<=,true,2026-09-30T10:14:50.565Z,null,true,1,2026-09-30T10:14:50.565Z,2026-09-30T10:14:50.565Z,null,null,null
516,6,T06,1,null,TABLE,null,null,99.000000,>=,true,2026-09-30T10:14:50.565Z,null,true,1,2026-09-30T10:14:50.565Z,2026-09-30T10:14:50.565Z,null,null,null
517,19,U01,1,176,COLUMN / TABLE,null,null,99.000000,>=,true,2026-09-30T10:14:50.565Z,null,true,1,2026-09-30T10:14:50.565Z,2026-09-30T10:14:50.565Z,null,null,null
518,6,U04,1,null,TABLE,null,null,100.000000,>=,true,2026-09-30T10:14:50.565Z,null,true,1,2026-09-30T10:14:50.565Z,2026-09-30T10:14:50.565Z,null,null,null
519,6,U05,1,null,TABLE,null,null,100.000000,>=,true,2026-09-30T10:14:50.565Z,null,true,1,2026-09-30T10:14:50.565Z,2026-09-30T10:14:50.565Z,null,null,null
520,8,V12,1,76,COLUMN,null,null,0.100000,<=,true,2026-09-30T10:14:50.565Z,null,true,1,2026-09-30T10:14:50.565Z,2026-09-30T10:14:50.565Z,null,null,null
521,6,X03,1,null,TABLE,null,null,null,null,true,2026-09-30T10:14:50.565Z,null,true,1,2026-09-30T10:14:50.565Z,2026-09-30T10:14:50.565Z,null,null,null
522,6,X04,1,null,TABLE / COLUMN,null,null,null,null,true,2026-09-30T10:14:50.565Z,null,true,1,2026-09-30T10:14:50.565Z,2026-09-30T10:14:50.565Z,null,null,null
523,22,C01,1,203,COLUMN / TABLE,null,null,95.000000,>=,true,2026-09-30T10:14:50.565Z,null,true,1,2026-09-30T10:14:50.565Z,2026-09-30T10:14:50.565Z,null,null,null
524,5,C05,1,null,TABLE,null,null,95.000000,>=,true,2026-09-30T10:14:50.565Z,null,true,1,2026-09-30T10:14:50.565Z,2026-09-30T10:14:50.565Z,null,null,null
525,5,C07,1,null,TABLE,null,null,95.000000,>=,true,2026-09-30T10:14:50.565Z,null,true,1,2026-09-30T10:14:50.565Z,2026-09-30T10:14:50.565Z,null,null,null
526,5,I04,1,null,TABLE,null,null,0.000000,<=,true,2026-09-30T10:14:50.565Z,null,true,1,2026-09-30T10:14:50.565Z,2026-09-30T10:14:50.565Z,null,null,null
527,2,K03,1,18,COLUMN,null,null,98.000000,>=,true,2026-09-30T10:14:50.565Z,null,true,1,2026-09-30T10:14:50.565Z,2026-09-30T10:14:50.565Z,null,null,null
528,5,P01,1,null,TABLE,null,null,null,null,true,2026-09-30T10:14:50.565Z,null,true,1,2026-09-30T10:14:50.565Z,2026-09-30T10:14:50.565Z,null,null,null
529,5,P13,1,null,TABLE,null,null,null,null,true,2026-09-30T10:14:50.565Z,null,true,1,2026-09-30T10:14:50.565Z,2026-09-30T10:14:50.565Z,null,null,null
530,5,P14,1,null,TABLE,null,null,99.000000,>=,true,2026-09-30T10:14:50.565Z,null,true,1,2026-09-30T10:14:50.565Z,2026-09-30T10:14:50.565Z,null,null,null
531,5,T01,1,null,TABLE / COLUMN,null,null,98.000000,>=,true,2026-09-30T10:14:50.565Z,null,true,1,2026-09-30T10:14:50.565Z,2026-09-30T10:14:50.565Z,null,null,null
532,5,T02,1,null,TABLE / COLUMN,null,null,null,<=,true,2026-09-30T10:14:50.565Z,null,true,1,2026-09-30T10:14:50.565Z,2026-09-30T10:14:50.565Z,null,null,null
533,5,T03,1,null,TABLE / COLUMN,null,null,null,<=,true,2026-09-30T10:14:50.565Z,null,true,1,2026-09-30T10:14:50.565Z,2026-09-30T10:14:50.565Z,null,null,null
534,5,T04,1,null,TABLE / COLUMN,null,null,null,<=,true,2026-09-30T10:14:50.565Z,null,true,1,2026-09-30T10:14:50.565Z,2026-09-30T10:14:50.565Z,null,null,null
535,5,T05,1,null,TABLE / COLUMN,null,null,2.000000,<=,true,2026-09-30T10:14:50.565Z,null,true,1,2026-09-30T10:14:50.565Z,2026-09-30T10:14:50.565Z,null,null,null
536,5,T06,1,null,TABLE,null,null,99.000000,>=,true,2026-09-30T10:14:50.565Z,null,true,1,2026-09-30T10:14:50.565Z,2026-09-30T10:14:50.565Z,null,null,null
537,18,U01,1,168,COLUMN / TABLE,null,null,99.000000,>=,true,2026-09-30T10:14:50.565Z,null,true,1,2026-09-30T10:14:50.565Z,2026-09-30T10:14:50.565Z,null,null,null
538,5,U04,1,null,TABLE,null,null,100.000000,>=,true,2026-09-30T10:14:50.565Z,null,true,1,2026-09-30T10:14:50.565Z,2026-09-30T10:14:50.565Z,null,null,null
539,5,U05,1,null,TABLE,null,null,100.000000,>=,true,2026-09-30T10:14:50.565Z,null,true,1,2026-09-30T10:14:50.565Z,2026-09-30T10:14:50.565Z,null,null,null
540,6,V12,1,59,COLUMN,null,null,0.100000,<=,true,2026-09-30T10:14:50.565Z,null,true,1,2026-09-30T10:14:50.565Z,2026-09-30T10:14:50.565Z,null,null,null
541,5,X03,1,null,TABLE,null,null,null,null,true,2026-09-30T10:14:50.565Z,null,true,1,2026-09-30T10:14:50.565Z,2026-09-30T10:14:50.565Z,null,null,null
542,5,X04,1,null,TABLE / COLUMN,null,null,null,null,true,2026-09-30T10:14:50.565Z,null,true,1,2026-09-30T10:14:50.565Z,2026-09-30T10:14:50.565Z,null,null,null
543,22,C01,1,202,COLUMN / TABLE,null,null,95.000000,>=,true,2026-09-30T10:14:50.565Z,null,true,1,2026-09-30T10:14:50.565Z,2026-09-30T10:14:50.565Z,null,null,null
544,4,C05,1,null,TABLE,null,null,95.000000,>=,true,2026-09-30T10:14:50.565Z,null,true,1,2026-09-30T10:14:50.565Z,2026-09-30T10:14:50.565Z,null,null,null
545,4,C07,1,null,TABLE,null,null,95.000000,>=,true,2026-09-30T10:14:50.565Z,null,true,1,2026-09-30T10:14:50.565Z,2026-09-30T10:14:50.565Z,null,null,null
546,4,I04,1,null,TABLE,null,null,0.000000,<=,true,2026-09-30T10:14:50.565Z,null,true,1,2026-09-30T10:14:50.565Z,2026-09-30T10:14:50.565Z,null,null,null
547,2,K03,1,17,COLUMN,null,null,98.000000,>=,true,2026-09-30T10:14:50.565Z,null,true,1,2026-09-30T10:14:50.565Z,2026-09-30T10:14:50.565Z,null,null,null
548,4,P01,1,null,TABLE,null,null,null,null,true,2026-09-30T10:14:50.565Z,null,true,1,2026-09-30T10:14:50.565Z,2026-09-30T10:14:50.565Z,null,null,null
549,4,P13,1,null,TABLE,null,null,null,null,true,2026-09-30T10:14:50.565Z,null,true,1,2026-09-30T10:14:50.565Z,2026-09-30T10:14:50.565Z,null,null,null
550,4,P14,1,null,TABLE,null,null,99.000000,>=,true,2026-09-30T10:14:50.565Z,null,true,1,2026-09-30T10:14:50.565Z,2026-09-30T10:14:50.565Z,null,null,null
551,4,T01,1,null,TABLE / COLUMN,null,null,98.000000,>=,true,2026-09-30T10:14:50.565Z,null,true,1,2026-09-30T10:14:50.565Z,2026-09-30T10:14:50.565Z,null,null,null
552,4,T02,1,null,TABLE / COLUMN,null,null,null,<=,true,2026-09-30T10:14:50.565Z,null,true,1,2026-09-30T10:14:50.565Z,2026-09-30T10:14:50.565Z,null,null,null
553,4,T03,1,null,TABLE / COLUMN,null,null,null,<=,true,2026-09-30T10:14:50.565Z,null,true,1,2026-09-30T10:14:50.565Z,2026-09-30T10:14:50.565Z,null,null,null
554,4,T04,1,null,TABLE / COLUMN,null,null,null,<=,true,2026-09-30T10:14:50.565Z,null,true,1,2026-09-30T10:14:50.565Z,2026-09-30T10:14:50.565Z,null,null,null
555,4,T05,1,null,TABLE / COLUMN,null,null,2.000000,<=,true,2026-09-30T10:14:50.565Z,null,true,1,2026-09-30T10:14:50.565Z,2026-09-30T10:14:50.565Z,null,null,null
556,4,T06,1,null,TABLE,null,null,99.000000,>=,true,2026-09-30T10:14:50.565Z,null,true,1,2026-09-30T10:14:50.565Z,2026-09-30T10:14:50.565Z,null,null,null
557,18,U01,1,167,COLUMN / TABLE,null,null,99.000000,>=,true,2026-09-30T10:14:50.565Z,null,true,1,2026-09-30T10:14:50.565Z,2026-09-30T10:14:50.565Z,null,null,null
558,4,U04,1,null,TABLE,null,null,100.000000,>=,true,2026-09-30T10:14:50.565Z,null,true,1,2026-09-30T10:14:50.565Z,2026-09-30T10:14:50.565Z,null,null,null
559,4,U05,1,null,TABLE,null,null,100.000000,>=,true,2026-09-30T10:14:50.565Z,null,true,1,2026-09-30T10:14:50.565Z,2026-09-30T10:14:50.565Z,null,null,null
560,4,V12,1,38,COLUMN,null,null,0.100000,<=,true,2026-09-30T10:14:50.565Z,null,true,1,2026-09-30T10:14:50.565Z,2026-09-30T10:14:50.565Z,null,null,null
561,4,X03,1,null,TABLE,null,null,null,null,true,2026-09-30T10:14:50.565Z,null,true,1,2026-09-30T10:14:50.565Z,2026-09-30T10:14:50.565Z,null,null,null
562,4,X04,1,null,TABLE / COLUMN,null,null,null,null,true,2026-09-30T10:14:50.565Z,null,true,1,2026-09-30T10:14:50.565Z,2026-09-30T10:14:50.565Z,null,null,null
563,21,C01,1,200,COLUMN / TABLE,null,null,95.000000,>=,true,2026-09-30T10:14:50.565Z,null,true,1,2026-09-30T10:14:50.565Z,2026-09-30T10:14:50.565Z,null,null,null
564,3,C05,1,null,TABLE,null,null,95.000000,>=,true,2026-09-30T10:14:50.565Z,null,true,1,2026-09-30T10:14:50.565Z,2026-09-30T10:14:50.565Z,null,null,null
565,3,C07,1,null,TABLE,null,null,95.000000,>=,true,2026-09-30T10:14:50.565Z,null,true,1,2026-09-30T10:14:50.565Z,2026-09-30T10:14:50.565Z,null,null,null
566,3,I04,1,null,TABLE,null,null,0.000000,<=,true,2026-09-30T10:14:50.565Z,null,true,1,2026-09-30T10:14:50.565Z,2026-09-30T10:14:50.565Z,null,null,null
567,1,K03,1,13,COLUMN,null,null,98.000000,>=,true,2026-09-30T10:14:50.565Z,null,true,1,2026-09-30T10:14:50.565Z,2026-09-30T10:14:50.565Z,null,null,null
568,3,P01,1,null,TABLE,null,null,null,null,true,2026-09-30T10:14:50.565Z,null,true,1,2026-09-30T10:14:50.565Z,2026-09-30T10:14:50.565Z,null,null,null
569,3,P13,1,null,TABLE,null,null,null,null,true,2026-09-30T10:14:50.565Z,null,true,1,2026-09-30T10:14:50.565Z,2026-09-30T10:14:50.565Z,null,null,null
570,3,P14,1,null,TABLE,null,null,99.000000,>=,true,2026-09-30T10:14:50.565Z,null,true,1,2026-09-30T10:14:50.565Z,2026-09-30T10:14:50.565Z,null,null,null
571,3,T01,1,null,TABLE / COLUMN,null,null,98.000000,>=,true,2026-09-30T10:14:50.565Z,null,true,1,2026-09-30T10:14:50.565Z,2026-09-30T10:14:50.565Z,null,null,null
572,3,T02,1,null,TABLE / COLUMN,null,null,null,<=,true,2026-09-30T10:14:50.565Z,null,true,1,2026-09-30T10:14:50.565Z,2026-09-30T10:14:50.565Z,null,null,null
573,3,T03,1,null,TABLE / COLUMN,null,null,null,<=,true,2026-09-30T10:14:50.565Z,null,true,1,2026-09-30T10:14:50.565Z,2026-09-30T10:14:50.565Z,null,null,null
574,3,T04,1,null,TABLE / COLUMN,null,null,null,<=,true,2026-09-30T10:14:50.565Z,null,true,1,2026-09-30T10:14:50.565Z,2026-09-30T10:14:50.565Z,null,null,null
575,3,T05,1,null,TABLE / COLUMN,null,null,2.000000,<=,true,2026-09-30T10:14:50.565Z,null,true,1,2026-09-30T10:14:50.565Z,2026-09-30T10:14:50.565Z,null,null,null
576,3,T06,1,null,TABLE,null,null,99.000000,>=,true,2026-09-30T10:14:50.565Z,null,true,1,2026-09-30T10:14:50.565Z,2026-09-30T10:14:50.565Z,null,null,null
577,17,U01,1,163,COLUMN / TABLE,null,null,99.000000,>=,true,2026-09-30T10:14:50.565Z,null,true,1,2026-09-30T10:14:50.565Z,2026-09-30T10:14:50.565Z,null,null,null
578,3,U04,1,null,TABLE,null,null,100.000000,>=,true,2026-09-30T10:14:50.565Z,null,true,1,2026-09-30T10:14:50.565Z,2026-09-30T10:14:50.565Z,null,null,null
579,3,U05,1,null,TABLE,null,null,100.000000,>=,true,2026-09-30T10:14:50.565Z,null,true,1,2026-09-30T10:14:50.565Z,2026-09-30T10:14:50.565Z,null,null,null
580,1,V12,1,9,COLUMN,null,null,0.100000,<=,true,2026-09-30T10:14:50.565Z,null,true,1,2026-09-30T10:14:50.565Z,2026-09-30T10:14:50.565Z,null,null,null
581,3,X03,1,null,TABLE,null,null,null,null,true,2026-09-30T10:14:50.565Z,null,true,1,2026-09-30T10:14:50.565Z,2026-09-30T10:14:50.565Z,null,null,null
582,3,X04,1,null,TABLE / COLUMN,null,null,null,null,true,2026-09-30T10:14:50.565Z,null,true,1,2026-09-30T10:14:50.565Z,2026-09-30T10:14:50.565Z,null,null,null
583,21,C01,1,199,COLUMN / TABLE,null,null,95.000000,>=,true,2026-09-30T10:14:50.565Z,null,true,1,2026-09-30T10:14:50.565Z,2026-09-30T10:14:50.565Z,null,null,null
584,2,C05,1,null,TABLE,null,null,95.000000,>=,true,2026-09-30T10:14:50.565Z,null,true,1,2026-09-30T10:14:50.565Z,2026-09-30T10:14:50.565Z,null,null,null
585,2,C07,1,null,TABLE,null,null,95.000000,>=,true,2026-09-30T10:14:50.565Z,null,true,1,2026-09-30T10:14:50.565Z,2026-09-30T10:14:50.565Z,null,null,null
586,2,I04,1,null,TABLE,null,null,0.000000,<=,true,2026-09-30T10:14:50.565Z,null,true,1,2026-09-30T10:14:50.565Z,2026-09-30T10:14:50.565Z,null,null,null
587,2,P01,1,null,TABLE,null,null,null,null,true,2026-09-30T10:14:50.565Z,null,true,1,2026-09-30T10:14:50.565Z,2026-09-30T10:14:50.565Z,null,null,null
588,2,P13,1,null,TABLE,null,null,null,null,true,2026-09-30T10:14:50.565Z,null,true,1,2026-09-30T10:14:50.565Z,2026-09-30T10:14:50.565Z,null,null,null
589,2,P14,1,null,TABLE,null,null,99.000000,>=,true,2026-09-30T10:14:50.565Z,null,true,1,2026-09-30T10:14:50.565Z,2026-09-30T10:14:50.565Z,null,null,null
590,2,T01,1,null,TABLE / COLUMN,null,null,98.000000,>=,true,2026-09-30T10:14:50.565Z,null,true,1,2026-09-30T10:14:50.565Z,2026-09-30T10:14:50.565Z,null,null,null
591,2,T02,1,null,TABLE / COLUMN,null,null,null,<=,true,2026-09-30T10:14:50.565Z,null,true,1,2026-09-30T10:14:50.565Z,2026-09-30T10:14:50.565Z,null,null,null
592,2,T03,1,null,TABLE / COLUMN,null,null,null,<=,true,2026-09-30T10:14:50.565Z,null,true,1,2026-09-30T10:14:50.565Z,2026-09-30T10:14:50.565Z,null,null,null
593,2,T04,1,null,TABLE / COLUMN,null,null,null,<=,true,2026-09-30T10:14:50.565Z,null,true,1,2026-09-30T10:14:50.565Z,2026-09-30T10:14:50.565Z,null,null,null
594,2,T05,1,null,TABLE / COLUMN,null,null,2.000000,<=,true,2026-09-30T10:14:50.565Z,null,true,1,2026-09-30T10:14:50.565Z,2026-09-30T10:14:50.565Z,null,null,null
595,2,T06,1,null,TABLE,null,null,99.000000,>=,true,2026-09-30T10:14:50.565Z,null,true,1,2026-09-30T10:14:50.565Z,2026-09-30T10:14:50.565Z,null,null,null
596,17,U01,1,161,COLUMN / TABLE,null,null,99.000000,>=,true,2026-09-30T10:14:50.565Z,null,true,1,2026-09-30T10:14:50.565Z,2026-09-30T10:14:50.565Z,null,null,null
597,2,U04,1,null,TABLE,null,null,100.000000,>=,true,2026-09-30T10:14:50.565Z,null,true,1,2026-09-30T10:14:50.565Z,2026-09-30T10:14:50.565Z,null,null,null
598,2,U05,1,null,TABLE,null,null,100.000000,>=,true,2026-09-30T10:14:50.565Z,null,true,1,2026-09-30T10:14:50.565Z,2026-09-30T10:14:50.565Z,null,null,null
599,1,V12,1,8,COLUMN,null,null,0.100000,<=,true,2026-09-30T10:14:50.565Z,null,true,1,2026-09-30T10:14:50.565Z,2026-09-30T10:14:50.565Z,null,null,null
600,2,X03,1,null,TABLE,null,null,null,null,true,2026-09-30T10:14:50.565Z,null,true,1,2026-09-30T10:14:50.565Z,2026-09-30T10:14:50.565Z,null,null,null
601,2,X04,1,null,TABLE / COLUMN,null,null,null,null,true,2026-09-30T10:14:50.565Z,null,true,1,2026-09-30T10:14:50.565Z,2026-09-30T10:14:50.565Z,null,null,null
602,21,C01,1,198,COLUMN / TABLE,null,null,95.000000,>=,true,2026-09-30T10:14:50.565Z,null,true,1,2026-09-30T10:14:50.565Z,2026-09-30T10:14:50.565Z,null,null,null
603,1,C05,1,null,TABLE,null,null,95.000000,>=,true,2026-09-30T10:14:50.565Z,null,true,1,2026-09-30T10:14:50.565Z,2026-09-30T10:14:50.565Z,null,null,null
604,1,C07,1,null,TABLE,null,null,95.000000,>=,true,2026-09-30T10:14:50.565Z,null,true,1,2026-09-30T10:14:50.565Z,2026-09-30T10:14:50.565Z,null,null,null
605,1,I04,1,null,TABLE,null,null,0.000000,<=,true,2026-09-30T10:14:50.565Z,null,true,1,2026-09-30T10:14:50.565Z,2026-09-30T10:14:50.565Z,null,null,null
606,1,P01,1,null,TABLE,null,null,null,null,true,2026-09-30T10:14:50.565Z,null,true,1,2026-09-30T10:14:50.565Z,2026-09-30T10:14:50.565Z,null,null,null
607,1,P13,1,null,TABLE,null,null,null,null,true,2026-09-30T10:14:50.565Z,null,true,1,2026-09-30T10:14:50.565Z,2026-09-30T10:14:50.565Z,null,null,null
608,1,P14,1,null,TABLE,null,null,99.000000,>=,true,2026-09-30T10:14:50.565Z,null,true,1,2026-09-30T10:14:50.565Z,2026-09-30T10:14:50.565Z,null,null,null
609,1,T01,1,null,TABLE / COLUMN,null,null,98.000000,>=,true,2026-09-30T10:14:50.565Z,null,true,1,2026-09-30T10:14:50.565Z,2026-09-30T10:14:50.565Z,null,null,null
610,1,T02,1,null,TABLE / COLUMN,null,null,null,<=,true,2026-09-30T10:14:50.565Z,null,true,1,2026-09-30T10:14:50.565Z,2026-09-30T10:14:50.565Z,null,null,null
611,1,T03,1,null,TABLE / COLUMN,null,null,null,<=,true,2026-09-30T10:14:50.565Z,null,true,1,2026-09-30T10:14:50.565Z,2026-09-30T10:14:50.565Z,null,null,null
612,1,T04,1,null,TABLE / COLUMN,null,null,null,<=,true,2026-09-30T10:14:50.565Z,null,true,1,2026-09-30T10:14:50.565Z,2026-09-30T10:14:50.565Z,null,null,null
613,1,T05,1,null,TABLE / COLUMN,null,null,2.000000,<=,true,2026-09-30T10:14:50.565Z,null,true,1,2026-09-30T10:14:50.565Z,2026-09-30T10:14:50.565Z,null,null,null
614,1,T06,1,null,TABLE,null,null,99.000000,>=,true,2026-09-30T10:14:50.565Z,null,true,1,2026-09-30T10:14:50.565Z,2026-09-30T10:14:50.565Z,null,null,null
615,17,U01,1,158,COLUMN / TABLE,null,null,99.000000,>=,true,2026-09-30T10:14:50.565Z,null,true,1,2026-09-30T10:14:50.565Z,2026-09-30T10:14:50.565Z,null,null,null
616,1,U04,1,null,TABLE,null,null,100.000000,>=,true,2026-09-30T10:14:50.565Z,null,true,1,2026-09-30T10:14:50.565Z,2026-09-30T10:14:50.565Z,null,null,null
617,1,U05,1,null,TABLE,null,null,100.000000,>=,true,2026-09-30T10:14:50.565Z,null,true,1,2026-09-30T10:14:50.565Z,2026-09-30T10:14:50.565Z,null,null,null
618,1,V12,1,7,COLUMN,null,null,0.100000,<=,true,2026-09-30T10:14:50.565Z,null,true,1,2026-09-30T10:14:50.565Z,2026-09-30T10:14:50.565Z,null,null,null
619,1,X03,1,null,TABLE,null,null,null,null,true,2026-09-30T10:14:50.565Z,null,true,1,2026-09-30T10:14:50.565Z,2026-09-30T10:14:50.565Z,null,null,null
620,1,X04,1,null,TABLE / COLUMN,null,null,null,null,true,2026-09-30T10:14:50.565Z,null,true,1,2026-09-30T10:14:50.565Z,2026-09-30T10:14:50.565Z,null,null,null
621,21,C01,1,195,COLUMN / TABLE,null,null,95.000000,>=,true,2026-09-30T10:14:50.565Z,null,true,1,2026-09-30T10:14:50.565Z,2026-09-30T10:14:50.565Z,null,null,null
622,17,U01,1,157,COLUMN / TABLE,null,null,99.000000,>=,true,2026-09-30T10:14:50.565Z,null,true,1,2026-09-30T10:14:50.565Z,2026-09-30T10:14:50.565Z,null,null,null
623,21,C01,1,194,COLUMN / TABLE,null,null,95.000000,>=,true,2026-09-30T10:14:50.565Z,null,true,1,2026-09-30T10:14:50.565Z,2026-09-30T10:14:50.565Z,null,null,null
624,16,U01,1,150,COLUMN / TABLE,null,null,99.000000,>=,true,2026-09-30T10:14:50.565Z,null,true,1,2026-09-30T10:14:50.565Z,2026-09-30T10:14:50.565Z,null,null,null
625,21,C01,1,193,COLUMN / TABLE,null,null,95.000000,>=,true,2026-09-30T10:14:50.565Z,null,true,1,2026-09-30T10:14:50.565Z,2026-09-30T10:14:50.565Z,null,null,null
626,16,U01,1,149,COLUMN / TABLE,null,null,99.000000,>=,true,2026-09-30T10:14:50.565Z,null,true,1,2026-09-30T10:14:50.565Z,2026-09-30T10:14:50.565Z,null,null,null
627,21,C01,1,192,COLUMN / TABLE,null,null,95.000000,>=,true,2026-09-30T10:14:50.565Z,null,true,1,2026-09-30T10:14:50.565Z,2026-09-30T10:14:50.565Z,null,null,null
628,15,U01,1,143,COLUMN / TABLE,null,null,99.000000,>=,true,2026-09-30T10:14:50.565Z,null,true,1,2026-09-30T10:14:50.565Z,2026-09-30T10:14:50.565Z,null,null,null
629,20,C01,1,191,COLUMN / TABLE,null,null,95.000000,>=,true,2026-09-30T10:14:50.565Z,null,true,1,2026-09-30T10:14:50.565Z,2026-09-30T10:14:50.565Z,null,null,null
630,15,U01,1,140,COLUMN / TABLE,null,null,99.000000,>=,true,2026-09-30T10:14:50.565Z,null,true,1,2026-09-30T10:14:50.565Z,2026-09-30T10:14:50.565Z,null,null,null
631,20,C01,1,189,COLUMN / TABLE,null,null,95.000000,>=,true,2026-09-30T10:14:50.565Z,null,true,1,2026-09-30T10:14:50.565Z,2026-09-30T10:14:50.565Z,null,null,null
632,13,U01,1,128,COLUMN / TABLE,null,null,99.000000,>=,true,2026-09-30T10:14:50.565Z,null,true,1,2026-09-30T10:14:50.565Z,2026-09-30T10:14:50.565Z,null,null,null
633,20,C01,1,187,COLUMN / TABLE,null,null,95.000000,>=,true,2026-09-30T10:14:50.565Z,null,true,1,2026-09-30T10:14:50.565Z,2026-09-30T10:14:50.565Z,null,null,null
634,13,U01,1,124,COLUMN / TABLE,null,null,99.000000,>=,true,2026-09-30T10:14:50.565Z,null,true,1,2026-09-30T10:14:50.565Z,2026-09-30T10:14:50.565Z,null,null,null
635,19,C01,1,183,COLUMN / TABLE,null,null,95.000000,>=,true,2026-09-30T10:14:50.565Z,null,true,1,2026-09-30T10:14:50.565Z,2026-09-30T10:14:50.565Z,null,null,null
636,12,U01,1,116,COLUMN / TABLE,null,null,99.000000,>=,true,2026-09-30T10:14:50.565Z,null,true,1,2026-09-30T10:14:50.565Z,2026-09-30T10:14:50.565Z,null,null,null
637,19,C01,1,182,COLUMN / TABLE,null,null,95.000000,>=,true,2026-09-30T10:14:50.565Z,null,true,1,2026-09-30T10:14:50.565Z,2026-09-30T10:14:50.565Z,null,null,null
638,12,U01,1,115,COLUMN / TABLE,null,null,99.000000,>=,true,2026-09-30T10:14:50.565Z,null,true,1,2026-09-30T10:14:50.565Z,2026-09-30T10:14:50.565Z,null,null,null
639,19,C01,1,181,COLUMN / TABLE,null,null,95.000000,>=,true,2026-09-30T10:14:50.565Z,null,true,1,2026-09-30T10:14:50.565Z,2026-09-30T10:14:50.565Z,null,null,null
640,11,U01,1,106,COLUMN / TABLE,null,null,99.000000,>=,true,2026-09-30T10:14:50.565Z,null,true,1,2026-09-30T10:14:50.565Z,2026-09-30T10:14:50.565Z,null,null,null
641,19,C01,1,179,COLUMN / TABLE,null,null,95.000000,>=,true,2026-09-30T10:14:50.565Z,null,true,1,2026-09-30T10:14:50.565Z,2026-09-30T10:14:50.565Z,null,null,null
642,11,U01,1,105,COLUMN / TABLE,null,null,99.000000,>=,true,2026-09-30T10:14:50.565Z,null,true,1,2026-09-30T10:14:50.565Z,2026-09-30T10:14:50.565Z,null,null,null
643,18,C01,1,175,COLUMN / TABLE,null,null,95.000000,>=,true,2026-09-30T10:14:50.565Z,null,true,1,2026-09-30T10:14:50.565Z,2026-09-30T10:14:50.565Z,null,null,null
644,10,U01,1,95,COLUMN / TABLE,null,null,99.000000,>=,true,2026-09-30T10:14:50.565Z,null,true,1,2026-09-30T10:14:50.565Z,2026-09-30T10:14:50.565Z,null,null,null
645,18,C01,1,174,COLUMN / TABLE,null,null,95.000000,>=,true,2026-09-30T10:14:50.565Z,null,true,1,2026-09-30T10:14:50.565Z,2026-09-30T10:14:50.565Z,null,null,null
646,10,U01,1,94,COLUMN / TABLE,null,null,99.000000,>=,true,2026-09-30T10:14:50.565Z,null,true,1,2026-09-30T10:14:50.565Z,2026-09-30T10:14:50.565Z,null,null,null
647,18,C01,1,171,COLUMN / TABLE,null,null,95.000000,>=,true,2026-09-30T10:14:50.565Z,null,true,1,2026-09-30T10:14:50.565Z,2026-09-30T10:14:50.565Z,null,null,null
648,9,U01,1,92,COLUMN / TABLE,null,null,99.000000,>=,true,2026-09-30T10:14:50.565Z,null,true,1,2026-09-30T10:14:50.565Z,2026-09-30T10:14:50.565Z,null,null,null
649,17,C01,1,166,COLUMN / TABLE,null,null,95.000000,>=,true,2026-09-30T10:14:50.565Z,null,true,1,2026-09-30T10:14:50.565Z,2026-09-30T10:14:50.565Z,null,null,null
650,9,U01,1,87,COLUMN / TABLE,null,null,99.000000,>=,true,2026-09-30T10:14:50.565Z,null,true,1,2026-09-30T10:14:50.565Z,2026-09-30T10:14:50.565Z,null,null,null
651,17,C01,1,164,COLUMN / TABLE,null,null,95.000000,>=,true,2026-09-30T10:14:50.565Z,null,true,1,2026-09-30T10:14:50.565Z,2026-09-30T10:14:50.565Z,null,null,null
652,9,U01,1,86,COLUMN / TABLE,null,null,99.000000,>=,true,2026-09-30T10:14:50.565Z,null,true,1,2026-09-30T10:14:50.565Z,2026-09-30T10:14:50.565Z,null,null,null
653,17,C01,1,162,COLUMN / TABLE,null,null,95.000000,>=,true,2026-09-30T10:14:50.565Z,null,true,1,2026-09-30T10:14:50.565Z,2026-09-30T10:14:50.565Z,null,null,null
654,9,U01,1,81,COLUMN / TABLE,null,null,99.000000,>=,true,2026-09-30T10:14:50.565Z,null,true,1,2026-09-30T10:14:50.565Z,2026-09-30T10:14:50.565Z,null,null,null
655,17,C01,1,160,COLUMN / TABLE,null,null,95.000000,>=,true,2026-09-30T10:14:50.565Z,null,true,1,2026-09-30T10:14:50.565Z,2026-09-30T10:14:50.565Z,null,null,null
656,8,U01,1,73,COLUMN / TABLE,null,null,99.000000,>=,true,2026-09-30T10:14:50.565Z,null,true,1,2026-09-30T10:14:50.565Z,2026-09-30T10:14:50.565Z,null,null,null
657,16,C01,1,156,COLUMN / TABLE,null,null,95.000000,>=,true,2026-09-30T10:14:50.565Z,null,true,1,2026-09-30T10:14:50.565Z,2026-09-30T10:14:50.565Z,null,null,null
658,8,U01,1,72,COLUMN / TABLE,null,null,99.000000,>=,true,2026-09-30T10:14:50.565Z,null,true,1,2026-09-30T10:14:50.565Z,2026-09-30T10:14:50.565Z,null,null,null
659,16,C01,1,153,COLUMN / TABLE,null,null,95.000000,>=,true,2026-09-30T10:14:50.565Z,null,true,1,2026-09-30T10:14:50.565Z,2026-09-30T10:14:50.565Z,null,null,null
660,7,U01,1,67,COLUMN / TABLE,null,null,99.000000,>=,true,2026-09-30T10:14:50.565Z,null,true,1,2026-09-30T10:14:50.565Z,2026-09-30T10:14:50.565Z,null,null,null
661,16,C01,1,152,COLUMN / TABLE,null,null,95.000000,>=,true,2026-09-30T10:14:50.565Z,null,true,1,2026-09-30T10:14:50.565Z,2026-09-30T10:14:50.565Z,null,null,null
662,7,U01,1,64,COLUMN / TABLE,null,null,99.000000,>=,true,2026-09-30T10:14:50.565Z,null,true,1,2026-09-30T10:14:50.565Z,2026-09-30T10:14:50.565Z,null,null,null
663,15,C01,1,148,COLUMN / TABLE,null,null,95.000000,>=,true,2026-09-30T10:14:50.565Z,null,true,1,2026-09-30T10:14:50.565Z,2026-09-30T10:14:50.565Z,null,null,null
664,6,U01,1,57,COLUMN / TABLE,null,null,99.000000,>=,true,2026-09-30T10:14:50.565Z,null,true,1,2026-09-30T10:14:50.565Z,2026-09-30T10:14:50.565Z,null,null,null
665,15,C01,1,142,COLUMN / TABLE,null,null,95.000000,>=,true,2026-09-30T10:14:50.565Z,null,true,1,2026-09-30T10:14:50.565Z,2026-09-30T10:14:50.565Z,null,null,null
666,5,U01,1,53,COLUMN / TABLE,null,null,99.000000,>=,true,2026-09-30T10:14:50.565Z,null,true,1,2026-09-30T10:14:50.565Z,2026-09-30T10:14:50.565Z,null,null,null
667,15,C01,1,141,COLUMN / TABLE,null,null,95.000000,>=,true,2026-09-30T10:14:50.565Z,null,true,1,2026-09-30T10:14:50.565Z,2026-09-30T10:14:50.565Z,null,null,null
668,5,U01,1,52,COLUMN / TABLE,null,null,99.000000,>=,true,2026-09-30T10:14:50.565Z,null,true,1,2026-09-30T10:14:50.565Z,2026-09-30T10:14:50.565Z,null,null,null
669,14,C01,1,139,COLUMN / TABLE,null,null,95.000000,>=,true,2026-09-30T10:14:50.565Z,null,true,1,2026-09-30T10:14:50.565Z,2026-09-30T10:14:50.565Z,null,null,null
670,5,U01,1,51,COLUMN / TABLE,null,null,99.000000,>=,true,2026-09-30T10:14:50.565Z,null,true,1,2026-09-30T10:14:50.565Z,2026-09-30T10:14:50.565Z,null,null,null
671,14,C01,1,138,COLUMN / TABLE,null,null,95.000000,>=,true,2026-09-30T10:14:50.565Z,null,true,1,2026-09-30T10:14:50.565Z,2026-09-30T10:14:50.565Z,null,null,null
672,5,U01,1,46,COLUMN / TABLE,null,null,99.000000,>=,true,2026-09-30T10:14:50.565Z,null,true,1,2026-09-30T10:14:50.565Z,2026-09-30T10:14:50.565Z,null,null,null
673,14,C01,1,137,COLUMN / TABLE,null,null,95.000000,>=,true,2026-09-30T10:14:50.565Z,null,true,1,2026-09-30T10:14:50.565Z,2026-09-30T10:14:50.565Z,null,null,null
674,5,U01,1,45,COLUMN / TABLE,null,null,99.000000,>=,true,2026-09-30T10:14:50.565Z,null,true,1,2026-09-30T10:14:50.565Z,2026-09-30T10:14:50.565Z,null,null,null
675,14,C01,1,136,COLUMN / TABLE,null,null,95.000000,>=,true,2026-09-30T10:14:50.565Z,null,true,1,2026-09-30T10:14:50.565Z,2026-09-30T10:14:50.565Z,null,null,null
676,4,U01,1,36,COLUMN / TABLE,null,null,99.000000,>=,true,2026-09-30T10:14:50.565Z,null,true,1,2026-09-30T10:14:50.565Z,2026-09-30T10:14:50.565Z,null,null,null
677,14,C01,1,135,COLUMN / TABLE,null,null,95.000000,>=,true,2026-09-30T10:14:50.565Z,null,true,1,2026-09-30T10:14:50.565Z,2026-09-30T10:14:50.565Z,null,null,null
678,4,U01,1,35,COLUMN / TABLE,null,null,99.000000,>=,true,2026-09-30T10:14:50.565Z,null,true,1,2026-09-30T10:14:50.565Z,2026-09-30T10:14:50.565Z,null,null,null
679,13,C01,1,133,COLUMN / TABLE,null,null,95.000000,>=,true,2026-09-30T10:14:50.565Z,null,true,1,2026-09-30T10:14:50.565Z,2026-09-30T10:14:50.565Z,null,null,null
680,3,U01,1,26,COLUMN / TABLE,null,null,99.000000,>=,true,2026-09-30T10:14:50.565Z,null,true,1,2026-09-30T10:14:50.565Z,2026-09-30T10:14:50.565Z,null,null,null
681,13,C01,1,131,COLUMN / TABLE,null,null,95.000000,>=,true,2026-09-30T10:14:50.565Z,null,true,1,2026-09-30T10:14:50.565Z,2026-09-30T10:14:50.565Z,null,null,null
682,3,U01,1,25,COLUMN / TABLE,null,null,99.000000,>=,true,2026-09-30T10:14:50.565Z,null,true,1,2026-09-30T10:14:50.565Z,2026-09-30T10:14:50.565Z,null,null,null
683,13,C01,1,127,COLUMN / TABLE,null,null,95.000000,>=,true,2026-09-30T10:14:50.565Z,null,true,1,2026-09-30T10:14:50.565Z,2026-09-30T10:14:50.565Z,null,null,null
684,2,U01,1,16,COLUMN / TABLE,null,null,99.000000,>=,true,2026-09-30T10:14:50.565Z,null,true,1,2026-09-30T10:14:50.565Z,2026-09-30T10:14:50.565Z,null,null,null
685,13,C01,1,126,COLUMN / TABLE,null,null,95.000000,>=,true,2026-09-30T10:14:50.565Z,null,true,1,2026-09-30T10:14:50.565Z,2026-09-30T10:14:50.565Z,null,null,null
686,2,U01,1,15,COLUMN / TABLE,null,null,99.000000,>=,true,2026-09-30T10:14:50.565Z,null,true,1,2026-09-30T10:14:50.565Z,2026-09-30T10:14:50.565Z,null,null,null
687,13,C01,1,125,COLUMN / TABLE,null,null,95.000000,>=,true,2026-09-30T10:14:50.565Z,null,true,1,2026-09-30T10:14:50.565Z,2026-09-30T10:14:50.565Z,null,null,null
688,12,C01,1,123,COLUMN / TABLE,null,null,95.000000,>=,true,2026-09-30T10:14:50.565Z,null,true,1,2026-09-30T10:14:50.565Z,2026-09-30T10:14:50.565Z,null,null,null
689,12,C01,1,122,COLUMN / TABLE,null,null,95.000000,>=,true,2026-09-30T10:14:50.565Z,null,true,1,2026-09-30T10:14:50.565Z,2026-09-30T10:14:50.565Z,null,null,null
690,12,C01,1,121,COLUMN / TABLE,null,null,95.000000,>=,true,2026-09-30T10:14:50.565Z,null,true,1,2026-09-30T10:14:50.565Z,2026-09-30T10:14:50.565Z,null,null,null
691,12,C01,1,120,COLUMN / TABLE,null,null,95.000000,>=,true,2026-09-30T10:14:50.565Z,null,true,1,2026-09-30T10:14:50.565Z,2026-09-30T10:14:50.565Z,null,null,null
692,11,C01,1,114,COLUMN / TABLE,null,null,95.000000,>=,true,2026-09-30T10:14:50.565Z,null,true,1,2026-09-30T10:14:50.565Z,2026-09-30T10:14:50.565Z,null,null,null
693,11,C01,1,113,COLUMN / TABLE,null,null,95.000000,>=,true,2026-09-30T10:14:50.565Z,null,true,1,2026-09-30T10:14:50.565Z,2026-09-30T10:14:50.565Z,null,null,null
694,11,C01,1,112,COLUMN / TABLE,null,null,95.000000,>=,true,2026-09-30T10:14:50.565Z,null,true,1,2026-09-30T10:14:50.565Z,2026-09-30T10:14:50.565Z,null,null,null
695,11,C01,1,111,COLUMN / TABLE,null,null,95.000000,>=,true,2026-09-30T10:14:50.565Z,null,true,1,2026-09-30T10:14:50.565Z,2026-09-30T10:14:50.565Z,null,null,null
696,11,C01,1,110,COLUMN / TABLE,null,null,95.000000,>=,true,2026-09-30T10:14:50.565Z,null,true,1,2026-09-30T10:14:50.565Z,2026-09-30T10:14:50.565Z,null,null,null
697,11,C01,1,108,COLUMN / TABLE,null,null,95.000000,>=,true,2026-09-30T10:14:50.565Z,null,true,1,2026-09-30T10:14:50.565Z,2026-09-30T10:14:50.565Z,null,null,null
698,11,C01,1,107,COLUMN / TABLE,null,null,95.000000,>=,true,2026-09-30T10:14:50.565Z,null,true,1,2026-09-30T10:14:50.565Z,2026-09-30T10:14:50.565Z,null,null,null
699,10,C01,1,104,COLUMN / TABLE,null,null,95.000000,>=,true,2026-09-30T10:14:50.565Z,null,true,1,2026-09-30T10:14:50.565Z,2026-09-30T10:14:50.565Z,null,null,null
700,10,C01,1,103,COLUMN / TABLE,null,null,95.000000,>=,true,2026-09-30T10:14:50.565Z,null,true,1,2026-09-30T10:14:50.565Z,2026-09-30T10:14:50.565Z,null,null,null
701,10,C01,1,97,COLUMN / TABLE,null,null,95.000000,>=,true,2026-09-30T10:14:50.565Z,null,true,1,2026-09-30T10:14:50.565Z,2026-09-30T10:14:50.565Z,null,null,null
702,10,C01,1,96,COLUMN / TABLE,null,null,95.000000,>=,true,2026-09-30T10:14:50.565Z,null,true,1,2026-09-30T10:14:50.565Z,2026-09-30T10:14:50.565Z,null,null,null
703,9,C01,1,93,COLUMN / TABLE,null,null,95.000000,>=,true,2026-09-30T10:14:50.565Z,null,true,1,2026-09-30T10:14:50.565Z,2026-09-30T10:14:50.565Z,null,null,null
704,9,C01,1,91,COLUMN / TABLE,null,null,95.000000,>=,true,2026-09-30T10:14:50.565Z,null,true,1,2026-09-30T10:14:50.565Z,2026-09-30T10:14:50.565Z,null,null,null
705,9,C01,1,90,COLUMN / TABLE,null,null,95.000000,>=,true,2026-09-30T10:14:50.565Z,null,true,1,2026-09-30T10:14:50.565Z,2026-09-30T10:14:50.565Z,null,null,null
706,9,C01,1,84,COLUMN / TABLE,null,null,95.000000,>=,true,2026-09-30T10:14:50.565Z,null,true,1,2026-09-30T10:14:50.565Z,2026-09-30T10:14:50.565Z,null,null,null
707,9,C01,1,83,COLUMN / TABLE,null,null,95.000000,>=,true,2026-09-30T10:14:50.565Z,null,true,1,2026-09-30T10:14:50.565Z,2026-09-30T10:14:50.565Z,null,null,null
708,9,C01,1,82,COLUMN / TABLE,null,null,95.000000,>=,true,2026-09-30T10:14:50.565Z,null,true,1,2026-09-30T10:14:50.565Z,2026-09-30T10:14:50.565Z,null,null,null
709,8,C01,1,80,COLUMN / TABLE,null,null,95.000000,>=,true,2026-09-30T10:14:50.565Z,null,true,1,2026-09-30T10:14:50.565Z,2026-09-30T10:14:50.565Z,null,null,null
710,8,C01,1,79,COLUMN / TABLE,null,null,95.000000,>=,true,2026-09-30T10:14:50.565Z,null,true,1,2026-09-30T10:14:50.565Z,2026-09-30T10:14:50.565Z,null,null,null
711,8,C01,1,77,COLUMN / TABLE,null,null,95.000000,>=,true,2026-09-30T10:14:50.565Z,null,true,1,2026-09-30T10:14:50.565Z,2026-09-30T10:14:50.565Z,null,null,null
712,8,C01,1,75,COLUMN / TABLE,null,null,95.000000,>=,true,2026-09-30T10:14:50.565Z,null,true,1,2026-09-30T10:14:50.565Z,2026-09-30T10:14:50.565Z,null,null,null
713,8,C01,1,74,COLUMN / TABLE,null,null,95.000000,>=,true,2026-09-30T10:14:50.565Z,null,true,1,2026-09-30T10:14:50.565Z,2026-09-30T10:14:50.565Z,null,null,null
714,7,C01,1,71,COLUMN / TABLE,null,null,95.000000,>=,true,2026-09-30T10:14:50.565Z,null,true,1,2026-09-30T10:14:50.565Z,2026-09-30T10:14:50.565Z,null,null,null
715,7,C01,1,66,COLUMN / TABLE,null,null,95.000000,>=,true,2026-09-30T10:14:50.565Z,null,true,1,2026-09-30T10:14:50.565Z,2026-09-30T10:14:50.565Z,null,null,null
716,7,C01,1,63,COLUMN / TABLE,null,null,95.000000,>=,true,2026-09-30T10:14:50.565Z,null,true,1,2026-09-30T10:14:50.565Z,2026-09-30T10:14:50.565Z,null,null,null
717,6,C01,1,62,COLUMN / TABLE,null,null,95.000000,>=,true,2026-09-30T10:14:50.565Z,null,true,1,2026-09-30T10:14:50.565Z,2026-09-30T10:14:50.565Z,null,null,null
718,6,C01,1,61,COLUMN / TABLE,null,null,95.000000,>=,true,2026-09-30T10:14:50.565Z,null,true,1,2026-09-30T10:14:50.565Z,2026-09-30T10:14:50.565Z,null,null,null
719,6,C01,1,60,COLUMN / TABLE,null,null,95.000000,>=,true,2026-09-30T10:14:50.565Z,null,true,1,2026-09-30T10:14:50.565Z,2026-09-30T10:14:50.565Z,null,null,null
720,6,C01,1,58,COLUMN / TABLE,null,null,95.000000,>=,true,2026-09-30T10:14:50.565Z,null,true,1,2026-09-30T10:14:50.565Z,2026-09-30T10:14:50.565Z,null,null,null
721,6,C01,1,56,COLUMN / TABLE,null,null,95.000000,>=,true,2026-09-30T10:14:50.565Z,null,true,1,2026-09-30T10:14:50.565Z,2026-09-30T10:14:50.565Z,null,null,null
722,5,C01,1,55,COLUMN / TABLE,null,null,95.000000,>=,true,2026-09-30T10:14:50.565Z,null,true,1,2026-09-30T10:14:50.565Z,2026-09-30T10:14:50.565Z,null,null,null
723,5,C01,1,54,COLUMN / TABLE,null,null,95.000000,>=,true,2026-09-30T10:14:50.565Z,null,true,1,2026-09-30T10:14:50.565Z,2026-09-30T10:14:50.565Z,null,null,null
724,5,C01,1,49,COLUMN / TABLE,null,null,95.000000,>=,true,2026-09-30T10:14:50.565Z,null,true,1,2026-09-30T10:14:50.565Z,2026-09-30T10:14:50.565Z,null,null,null
725,5,C01,1,48,COLUMN / TABLE,null,null,95.000000,>=,true,2026-09-30T10:14:50.565Z,null,true,1,2026-09-30T10:14:50.565Z,2026-09-30T10:14:50.565Z,null,null,null
726,5,C01,1,47,COLUMN / TABLE,null,null,95.000000,>=,true,2026-09-30T10:14:50.565Z,null,true,1,2026-09-30T10:14:50.565Z,2026-09-30T10:14:50.565Z,null,null,null
727,4,C01,1,44,COLUMN / TABLE,null,null,95.000000,>=,true,2026-09-30T10:14:50.565Z,null,true,1,2026-09-30T10:14:50.565Z,2026-09-30T10:14:50.565Z,null,null,null
728,4,C01,1,43,COLUMN / TABLE,null,null,95.000000,>=,true,2026-09-30T10:14:50.565Z,null,true,1,2026-09-30T10:14:50.565Z,2026-09-30T10:14:50.565Z,null,null,null
729,4,C01,1,40,COLUMN / TABLE,null,null,95.000000,>=,true,2026-09-30T10:14:50.565Z,null,true,1,2026-09-30T10:14:50.565Z,2026-09-30T10:14:50.565Z,null,null,null
730,4,C01,1,39,COLUMN / TABLE,null,null,95.000000,>=,true,2026-09-30T10:14:50.565Z,null,true,1,2026-09-30T10:14:50.565Z,2026-09-30T10:14:50.565Z,null,null,null
731,4,C01,1,37,COLUMN / TABLE,null,null,95.000000,>=,true,2026-09-30T10:14:50.565Z,null,true,1,2026-09-30T10:14:50.565Z,2026-09-30T10:14:50.565Z,null,null,null
732,3,C01,1,34,COLUMN / TABLE,null,null,95.000000,>=,true,2026-09-30T10:14:50.565Z,null,true,1,2026-09-30T10:14:50.565Z,2026-09-30T10:14:50.565Z,null,null,null
733,3,C01,1,32,COLUMN / TABLE,null,null,95.000000,>=,true,2026-09-30T10:14:50.565Z,null,true,1,2026-09-30T10:14:50.565Z,2026-09-30T10:14:50.565Z,null,null,null
734,3,C01,1,31,COLUMN / TABLE,null,null,95.000000,>=,true,2026-09-30T10:14:50.565Z,null,true,1,2026-09-30T10:14:50.565Z,2026-09-30T10:14:50.565Z,null,null,null
735,3,C01,1,27,COLUMN / TABLE,null,null,95.000000,>=,true,2026-09-30T10:14:50.565Z,null,true,1,2026-09-30T10:14:50.565Z,2026-09-30T10:14:50.565Z,null,null,null
736,2,C01,1,24,COLUMN / TABLE,null,null,95.000000,>=,true,2026-09-30T10:14:50.565Z,null,true,1,2026-09-30T10:14:50.565Z,2026-09-30T10:14:50.565Z,null,null,null
737,2,C01,1,20,COLUMN / TABLE,null,null,95.000000,>=,true,2026-09-30T10:14:50.565Z,null,true,1,2026-09-30T10:14:50.565Z,2026-09-30T10:14:50.565Z,null,null,null
738,1,C01,1,14,COLUMN / TABLE,null,null,95.000000,>=,true,2026-09-30T10:14:50.565Z,null,true,1,2026-09-30T10:14:50.565Z,2026-09-30T10:14:50.565Z,null,null,null
739,1,C01,1,12,COLUMN / TABLE,null,null,95.000000,>=,true,2026-09-30T10:14:50.565Z,null,true,1,2026-09-30T10:14:50.565Z,2026-09-30T10:14:50.565Z,null,null,null
740,1,C01,1,11,COLUMN / TABLE,null,null,95.000000,>=,true,2026-09-30T10:14:50.565Z,null,true,1,2026-09-30T10:14:50.565Z,2026-09-30T10:14:50.565Z,null,null,null
741,1,C01,1,10,COLUMN / TABLE,null,null,95.000000,>=,true,2026-09-30T10:14:50.565Z,null,true,1,2026-09-30T10:14:50.565Z,2026-09-30T10:14:50.565Z,null,null,null
742,1,C01,1,3,COLUMN / TABLE,null,null,95.000000,>=,true,2026-09-30T10:14:50.565Z,null,true,1,2026-09-30T10:14:50.565Z,2026-09-30T10:14:50.565Z,null,null,null
62,28,C01,1,269,COLUMN / TABLE,null,null,95.000000,>=,true,2026-09-30T10:14:50.565Z,null,true,1,2026-09-30T10:14:50.565Z,2026-10-01T13:07:44.193Z,null,null,null
