assignment_id,asset_id,rule_code,version_number,target_type,target_column_id,current_parameter_values,sql_expression,threshold_value,evaluation_operation,target_asset_id,target_asset_column_id,rule_name,rule_type,rule_description,rule_target_type,default_threshold,data_type,semantic_type,parameter_definition,sql_query_template,target_column_name,target_column_position,target_column_data_type,target_column_nullable,target_column_metadata,asset_name,s3_path,domain_name,sub_domain_name
1,1,A01,1,COLUMN,1,null,null,99.000000,>=,null,null,Reference-match accuracy %,PARAMETERIZED,Percentage of applicable values matching a trusted reference.,COLUMN / TABLE,99.000000,ALL,ANY,"
{
  ""parameters"": [
    {
      ""name"": ""reference_asset"",
      ""label"": ""Reference asset"",
      ""control"": ""asset_select"",
      ""required"": true
    },
    {
      ""name"": ""source_column"",
      ""label"": ""Source column"",
      ""control"": ""column_select"",
      ""required"": true
    },
    {
      ""name"": ""reference_column"",
      ""label"": ""Reference column"",
      ""control"": ""column_select"",
      ""required"": true
    }
  ]
}
","
SELECT
    100.0 * COUNT_IF(
        {match_condition}
    ) / NULLIF(COUNT({column}), 0) AS metric_value,
    COUNT_IF({match_condition}) AS passed_count,
    COUNT_IF(NOT ({match_condition})) AS failed_count,
    COUNT({column}) AS total_count,
    COUNT({column}) AS applicable_count
FROM {table}
WHERE {column} IS NOT NULL
",null,null,null,null,null,03_ISS_account_status,source/ISSUER/ISSUER_ACCOUNT_MANAGEMENT/03_iss_account_status,ISSUER,ISSUER_ACCOUNT_MANAGEMENT
2,1,A02,1,COLUMN,1,null,null,99.000000,>=,null,null,Reference lookup success %,PARAMETERIZED,Percentage of values successfully resolved through reference lookup.,COLUMN,99.000000,ALL,ANY,"{
          ""parameters"":[
            {
              ""name"":""reference_asset"",
              ""label"":""Reference asset"",
              ""control"":""asset_select"",
              ""required"":true
            },
            {
              ""name"":""reference_column"",
              ""label"":""Reference column"",
              ""control"":""column_select"",
              ""required"":true
            },
            {
              ""name"":""lookup_condition"",
              ""label"":""Lookup condition"",
              ""control"":""expression"",
              ""required"":true
            }
          ]
        }","
SELECT
    100.0 * COUNT_IF(
        {lookup_condition}
    ) / NULLIF(COUNT({column}), 0) AS metric_value,
    COUNT_IF({lookup_condition}) AS passed_count,
    COUNT_IF(NOT ({lookup_condition})) AS failed_count,
    COUNT({column}) AS total_count,
    COUNT({column}) AS applicable_count
FROM {table}
WHERE {column} IS NOT NULL
",null,null,null,null,null,03_ISS_account_status,source/ISSUER/ISSUER_ACCOUNT_MANAGEMENT/03_iss_account_status,ISSUER,ISSUER_ACCOUNT_MANAGEMENT
3,1,B01,1,COLUMN,1,null,null,99.000000,>=,null,null,Conditional completeness %,PARAMETERIZED,Required field populated when configured condition is true.,COLUMN / CROSS-COLUMN,99.000000,ALL,ANY,"{
          ""parameters"":[
            {
              ""name"":""condition"",
              ""label"":""Condition"",
              ""control"":""expression"",
              ""required"":true
            },
            {
              ""name"":""required_condition"",
              ""label"":""Required condition"",
              ""control"":""expression"",
              ""required"":true
            }
          ]
        }","
SELECT
    100.0 * COUNT_IF(
        NOT ({condition})
        OR ({required_condition})
    ) / NULLIF(COUNT(*), 0) AS metric_value,
    COUNT_IF(
        NOT ({condition})
        OR ({required_condition})
    ) AS passed_count,
    COUNT_IF(
        ({condition}) AND NOT ({required_condition})
    ) AS failed_count,
    COUNT(*) AS total_count,
    COUNT_IF({condition}) AS applicable_count
FROM {table}
",null,null,null,null,null,03_ISS_account_status,source/ISSUER/ISSUER_ACCOUNT_MANAGEMENT/03_iss_account_status,ISSUER,ISSUER_ACCOUNT_MANAGEMENT
4,1,B02,1,COLUMN,1,null,null,99.000000,>=,null,null,Conditional validity %,PARAMETERIZED,Validation requirement satisfied when configured condition is true.,COLUMN / CROSS-COLUMN,99.000000,ALL,ANY,"{
          ""parameters"":[
            {
              ""name"":""condition"",
              ""label"":""Condition"",
              ""control"":""expression"",
              ""required"":true
            },
            {
              ""name"":""validation_condition"",
              ""label"":""Validation condition"",
              ""control"":""expression"",
              ""required"":true
            }
          ]
        }","
SELECT
    100.0 * COUNT_IF(
        NOT ({condition})
        OR ({validation_condition})
    ) / NULLIF(COUNT(*), 0) AS metric_value,
    COUNT_IF(
        NOT ({condition})
        OR ({validation_condition})
    ) AS passed_count,
    COUNT_IF(
        ({condition}) AND NOT ({validation_condition})
    ) AS failed_count,
    COUNT(*) AS total_count,
    COUNT_IF({condition}) AS applicable_count
FROM {table}
",null,null,null,null,null,03_ISS_account_status,source/ISSUER/ISSUER_ACCOUNT_MANAGEMENT/03_iss_account_status,ISSUER,ISSUER_ACCOUNT_MANAGEMENT
5,1,B08,1,COLUMN,1,null,null,99.000000,>=,null,null,Conditional allowed-value compliance %,PARAMETERIZED,Percentage of values allowed for the configured row condition.,COLUMN / CROSS-COLUMN,99.000000,ALL,ANY,"{
          ""parameters"":[
            {
              ""name"":""condition"",
              ""label"":""Row condition"",
              ""control"":""expression"",
              ""required"":true
            },
            {
              ""name"":""allowed_values"",
              ""label"":""Allowed values"",
              ""control"":""multi_value"",
              ""required"":true
            }
          ]
        }","
SELECT
    100.0 * COUNT_IF(
        NOT ({condition})
        OR CAST({column} AS STRING) IN ({allowed_values})
    ) / NULLIF(COUNT(*), 0) AS metric_value,
    COUNT_IF(
        NOT ({condition})
        OR CAST({column} AS STRING) IN ({allowed_values})
    ) AS passed_count,
    COUNT_IF(
        ({condition})
        AND CAST({column} AS STRING) NOT IN ({allowed_values})
    ) AS failed_count,
    COUNT(*) AS total_count,
    COUNT_IF({condition}) AS applicable_count
FROM {table}
",null,null,null,null,null,03_ISS_account_status,source/ISSUER/ISSUER_ACCOUNT_MANAGEMENT/03_iss_account_status,ISSUER,ISSUER_ACCOUNT_MANAGEMENT
9,1,C04,1,COLUMN,2,null,null,98.000000,>=,null,null,Required-field compliance %,PARAMETERIZED,Percentage of records satisfying configured mandatory-field conditions.,COLUMN / TABLE,98.000000,ALL,ANY,"{
          ""parameters"":[
            {
              ""name"":""mandatory_condition"",
              ""label"":""Mandatory-field condition"",
              ""control"":""expression"",
              ""required"":true
            }
          ]
        }","
SELECT
    100.0 * COUNT_IF({mandatory_condition})
        / NULLIF(COUNT(*), 0) AS metric_value,
    COUNT_IF({mandatory_condition}) AS passed_count,
    COUNT_IF(NOT ({mandatory_condition})) AS failed_count,
    COUNT(*) AS total_count,
    COUNT(*) AS applicable_count
FROM {table}
",null,null,null,null,null,03_ISS_account_status,source/ISSUER/ISSUER_ACCOUNT_MANAGEMENT/03_iss_account_status,ISSUER,ISSUER_ACCOUNT_MANAGEMENT
603,1,C05,1,TABLE,null,null,null,95.000000,>=,null,null,Record completeness %,PARAMETERIZED,Average completeness across configured required fields.,TABLE,95.000000,ALL,ANY,"{
          ""parameters"":[
            {
              ""name"":""required_columns"",
              ""label"":""Required columns"",
              ""control"":""column_multi_select"",
              ""required"":true
            }
          ]
        }","
SELECT
    100.0 * COUNT_IF({required_columns_condition})
        / NULLIF(COUNT(*), 0) AS metric_value,
    COUNT_IF({required_columns_condition}) AS passed_count,
    COUNT_IF(NOT ({required_columns_condition})) AS failed_count,
    COUNT(*) AS total_count,
    COUNT(*) AS applicable_count
FROM {table}
",null,null,null,null,null,03_ISS_account_status,source/ISSUER/ISSUER_ACCOUNT_MANAGEMENT/03_iss_account_status,ISSUER,ISSUER_ACCOUNT_MANAGEMENT
604,1,C07,1,TABLE,null,null,null,95.000000,>=,null,null,Selected-column completeness %,PARAMETERIZED,Percentage of records where all configured selected columns are populated.,TABLE,95.000000,ALL,ANY,"{
          ""parameters"":[
            {
              ""name"":""selected_columns"",
              ""label"":""Selected columns"",
              ""control"":""column_multi_select"",
              ""required"":true
            }
          ]
        }","
SELECT
    100.0 * COUNT_IF({selected_columns_condition})
        / NULLIF(COUNT(*), 0) AS metric_value,
    COUNT_IF({selected_columns_condition}) AS passed_count,
    COUNT_IF(NOT ({selected_columns_condition})) AS failed_count,
    COUNT(*) AS total_count,
    COUNT(*) AS applicable_count
FROM {table}
",null,null,null,null,null,03_ISS_account_status,source/ISSUER/ISSUER_ACCOUNT_MANAGEMENT/03_iss_account_status,ISSUER,ISSUER_ACCOUNT_MANAGEMENT
605,1,I04,1,TABLE,null,null,null,0.000000,<=,null,null,Primary-key null %,PARAMETERIZED,Percentage of records where the configured primary key is NULL.,TABLE,0.000000,ALL,ID,"{
          ""parameters"":[
            {
              ""name"":""primary_key_column"",
              ""label"":""Primary key column"",
              ""control"":""column_select"",
              ""required"":true
            }
          ]
        }","
SELECT
    100.0 * COUNT_IF(
        {primary_key_column} IS NULL
    ) / NULLIF(COUNT(*), 0) AS metric_value,
    COUNT_IF(
        {primary_key_column} IS NOT NULL
    ) AS passed_count,
    COUNT_IF(
        {primary_key_column} IS NULL
    ) AS failed_count,
    COUNT(*) AS total_count,
    COUNT(*) AS applicable_count
FROM {table}
",null,null,null,null,null,03_ISS_account_status,source/ISSUER/ISSUER_ACCOUNT_MANAGEMENT/03_iss_account_status,ISSUER,ISSUER_ACCOUNT_MANAGEMENT
14,1,K02,1,COLUMN,1,null,null,99.000000,>=,null,null,Conditional rule compliance %,PARAMETERIZED,Percentage of applicable records satisfying a conditional requirement.,COLUMN / CROSS-COLUMN,99.000000,ALL,ANY,"{
          ""parameters"":[
            {
              ""name"":""condition"",
              ""label"":""Condition"",
              ""control"":""expression"",
              ""required"":true
            },
            {
              ""name"":""requirement"",
              ""label"":""Required outcome"",
              ""control"":""expression"",
              ""required"":true
            }
          ]
        }","
SELECT
    100.0 * COUNT_IF(
        NOT ({condition})
        OR ({requirement})
    ) / NULLIF(COUNT(*), 0) AS metric_value,
    COUNT_IF(
        NOT ({condition})
        OR ({requirement})
    ) AS passed_count,
    COUNT_IF(
        ({condition}) AND NOT ({requirement})
    ) AS failed_count,
    COUNT(*) AS total_count,
    COUNT_IF({condition}) AS applicable_count
FROM {table}
",null,null,null,null,null,03_ISS_account_status,source/ISSUER/ISSUER_ACCOUNT_MANAGEMENT/03_iss_account_status,ISSUER,ISSUER_ACCOUNT_MANAGEMENT
15,1,K03,1,COLUMN,5,null,null,98.000000,>=,null,null,Standardization compliance %,PARAMETERIZED,Percentage of values matching configured canonical representation.,COLUMN,98.000000,STRING,CODE/ID/STATUS,"
{
  ""parameters"": [
    {
      ""name"": ""standardization_type"",
      ""label"": ""Standardization type"",
      ""control"": ""select"",
      ""required"": true,
      ""options"": [
        ""TRIM"",
        ""UPPERCASE"",
        ""LOWERCASE""
      ]
    }
  ]
}
","
SELECT
    100.0 * COUNT_IF(
        CASE
            WHEN {standardization_type} = TRIM
                THEN CAST({column} AS STRING) = TRIM(CAST({column} AS STRING))
            WHEN {standardization_type} = UPPERCASE
                THEN CAST({column} AS STRING) = UPPER(CAST({column} AS STRING))
            WHEN {standardization_type} = LOWERCASE
                THEN CAST({column} AS STRING) = LOWER(CAST({column} AS STRING))
            ELSE FALSE
        END
    ) / NULLIF(COUNT({column}), 0) AS metric_value,

    COUNT_IF(
        CASE
            WHEN {standardization_type} = TRIM
                THEN CAST({column} AS STRING) = TRIM(CAST({column} AS STRING))
            WHEN {standardization_type} = UPPERCASE
                THEN CAST({column} AS STRING) = UPPER(CAST({column} AS STRING))
            WHEN {standardization_type} = LOWERCASE
                THEN CAST({column} AS STRING) = LOWER(CAST({column} AS STRING))
            ELSE FALSE
        END
    ) AS passed_count,

    COUNT_IF(
        NOT (
            CASE
                WHEN {standardization_type} = TRIM
                    THEN CAST({column} AS STRING) = TRIM(CAST({column} AS STRING))
                WHEN {standardization_type} = UPPERCASE
                    THEN CAST({column} AS STRING) = UPPER(CAST({column} AS STRING))
                WHEN {standardization_type} = LOWERCASE
                    THEN CAST({column} AS STRING) = LOWER(CAST({column} AS STRING))
                ELSE FALSE
            END
        )
    ) AS failed_count,

    COUNT({column}) AS total_count,
    COUNT({column}) AS applicable_count
FROM {table}
WHERE {column} IS NOT NULL
",null,null,null,null,null,03_ISS_account_status,source/ISSUER/ISSUER_ACCOUNT_MANAGEMENT/03_iss_account_status,ISSUER,ISSUER_ACCOUNT_MANAGEMENT
567,1,K03,1,COLUMN,13,null,null,98.000000,>=,null,null,Standardization compliance %,PARAMETERIZED,Percentage of values matching configured canonical representation.,COLUMN,98.000000,STRING,CODE/ID/STATUS,"
{
  ""parameters"": [
    {
      ""name"": ""standardization_type"",
      ""label"": ""Standardization type"",
      ""control"": ""select"",
      ""required"": true,
      ""options"": [
        ""TRIM"",
        ""UPPERCASE"",
        ""LOWERCASE""
      ]
    }
  ]
}
","
SELECT
    100.0 * COUNT_IF(
        CASE
            WHEN {standardization_type} = TRIM
                THEN CAST({column} AS STRING) = TRIM(CAST({column} AS STRING))
            WHEN {standardization_type} = UPPERCASE
                THEN CAST({column} AS STRING) = UPPER(CAST({column} AS STRING))
            WHEN {standardization_type} = LOWERCASE
                THEN CAST({column} AS STRING) = LOWER(CAST({column} AS STRING))
            ELSE FALSE
        END
    ) / NULLIF(COUNT({column}), 0) AS metric_value,

    COUNT_IF(
        CASE
            WHEN {standardization_type} = TRIM
                THEN CAST({column} AS STRING) = TRIM(CAST({column} AS STRING))
            WHEN {standardization_type} = UPPERCASE
                THEN CAST({column} AS STRING) = UPPER(CAST({column} AS STRING))
            WHEN {standardization_type} = LOWERCASE
                THEN CAST({column} AS STRING) = LOWER(CAST({column} AS STRING))
            ELSE FALSE
        END
    ) AS passed_count,

    COUNT_IF(
        NOT (
            CASE
                WHEN {standardization_type} = TRIM
                    THEN CAST({column} AS STRING) = TRIM(CAST({column} AS STRING))
                WHEN {standardization_type} = UPPERCASE
                    THEN CAST({column} AS STRING) = UPPER(CAST({column} AS STRING))
                WHEN {standardization_type} = LOWERCASE
                    THEN CAST({column} AS STRING) = LOWER(CAST({column} AS STRING))
                ELSE FALSE
            END
        )
    ) AS failed_count,

    COUNT({column}) AS total_count,
    COUNT({column}) AS applicable_count
FROM {table}
WHERE {column} IS NOT NULL
",null,null,null,null,null,03_ISS_account_status,source/ISSUER/ISSUER_ACCOUNT_MANAGEMENT/03_iss_account_status,ISSUER,ISSUER_ACCOUNT_MANAGEMENT
16,1,K04,1,COLUMN,5,null,null,99.000000,>=,null,null,Case consistency %,PARAMETERIZED,Percentage of values following configured case convention.,COLUMN,99.000000,STRING,CODE/ID/STATUS,"
{
  ""parameters"": [
    {
      ""name"": ""case_convention"",
      ""label"": ""Case convention"",
      ""control"": ""select"",
      ""required"": true,
      ""options"": [
        ""UPPER"",
        ""LOWER"",
        ""MIXED""
      ]
    }
  ]
}
","
SELECT
    100.0 * COUNT_IF(
        CASE
            WHEN {case_convention} = UPPER
                THEN CAST({column} AS STRING) = UPPER(CAST({column} AS STRING))
            WHEN {case_convention} = LOWER
                THEN CAST({column} AS STRING) = LOWER(CAST({column} AS STRING))
            WHEN {case_convention} = MIXED
                THEN TRUE
            ELSE FALSE
        END
    ) / NULLIF(COUNT({column}), 0) AS metric_value,

    COUNT_IF(
        CASE
            WHEN {case_convention} = UPPER
                THEN CAST({column} AS STRING) = UPPER(CAST({column} AS STRING))
            WHEN {case_convention} = LOWER
                THEN CAST({column} AS STRING) = LOWER(CAST({column} AS STRING))
            WHEN {case_convention} = MIXED
                THEN TRUE
            ELSE FALSE
        END
    ) AS passed_count,

    COUNT_IF(
        NOT (
            CASE
                WHEN {case_convention} = UPPER
                    THEN CAST({column} AS STRING) = UPPER(CAST({column} AS STRING))
                WHEN {case_convention} = LOWER
                    THEN CAST({column} AS STRING) = LOWER(CAST({column} AS STRING))
                WHEN {case_convention} = MIXED
                    THEN TRUE
                ELSE FALSE
            END
        )
    ) AS failed_count,

    COUNT({column}) AS total_count,
    COUNT({column}) AS applicable_count
FROM {table}
WHERE {column} IS NOT NULL
",null,null,null,null,null,03_ISS_account_status,source/ISSUER/ISSUER_ACCOUNT_MANAGEMENT/03_iss_account_status,ISSUER,ISSUER_ACCOUNT_MANAGEMENT
18,1,K07,1,COLUMN,5,null,null,1.000000,<=,null,null,Category fragmentation rate,PARAMETERIZED,Rate of non-canonical category variants.,COLUMN,1.000000,STRING,CODE/STATUS,"{
          ""parameters"":[
            {
              ""name"":""canonical_values"",
              ""label"":""Canonical values"",
              ""control"":""multi_value"",
              ""required"":true
            }
          ]
        }","
SELECT
    100.0 *
    COUNT_IF(
        {column} IS NOT NULL
        AND CAST({column} AS STRING) NOT IN ({canonical_values})
    )
    / NULLIF(COUNT({column}), 0) AS metric_value,

    COUNT_IF(
        {column} IS NOT NULL
        AND CAST({column} AS STRING) IN ({canonical_values})
    ) AS passed_count,

    COUNT_IF(
        {column} IS NOT NULL
        AND CAST({column} AS STRING) NOT IN ({canonical_values})
    ) AS failed_count,

    COUNT({column}) AS total_count,
    COUNT({column}) AS applicable_count
FROM {table}
",null,null,null,null,null,03_ISS_account_status,source/ISSUER/ISSUER_ACCOUNT_MANAGEMENT/03_iss_account_status,ISSUER,ISSUER_ACCOUNT_MANAGEMENT
27,1,P09,1,COLUMN,4,null,null,null,null,null,null,Percentile,PARAMETERIZED,Configured percentile using percentile_approx.,COLUMN,null,NUMERIC,NUMERIC_BUSINESS,"{
          ""parameters"":[
            {
              ""name"":""percentile"",
              ""label"":""Percentile"",
              ""control"":""number"",
              ""min"":0,
              ""max"":1,
              ""required"":true
            }
          ]
        }","
SELECT
    CAST(
        percentile_approx({column}, {percentile})
        AS DOUBLE
    ) AS metric_value,
    COUNT({column}) AS passed_count,
    0 AS failed_count,
    COUNT({column}) AS total_count,
    COUNT({column}) AS applicable_count
FROM {table}
WHERE {column} IS NOT NULL
",null,null,null,null,null,03_ISS_account_status,source/ISSUER/ISSUER_ACCOUNT_MANAGEMENT/03_iss_account_status,ISSUER,ISSUER_ACCOUNT_MANAGEMENT
28,1,P10,1,COLUMN,4,null,null,2.000000,<=,null,null,Outlier %,PARAMETERIZED,Percentage of values identified as statistical outliers.,COLUMN,2.000000,NUMERIC,NUMERIC_BUSINESS,"{
          ""parameters"":[
            {
              ""name"":""outlier_definition"",
              ""label"":""Outlier definition"",
              ""control"":""expression"",
              ""required"":true
            }
          ]
        }","
SELECT
    100.0 * COUNT_IF(
        {outlier_definition}
    ) / NULLIF(COUNT({column}), 0) AS metric_value,
    COUNT_IF(NOT ({outlier_definition})) AS passed_count,
    COUNT_IF({outlier_definition}) AS failed_count,
    COUNT({column}) AS total_count,
    COUNT({column}) AS applicable_count
FROM {table}
WHERE {column} IS NOT NULL
",null,null,null,null,null,03_ISS_account_status,source/ISSUER/ISSUER_ACCOUNT_MANAGEMENT/03_iss_account_status,ISSUER,ISSUER_ACCOUNT_MANAGEMENT
29,1,P11,1,COLUMN,1,null,null,null,null,null,null,Top-N value coverage %,PARAMETERIZED,Percentage of non-null records represented by the top N most frequent values.,COLUMN,null,ALL,ANY,"
{
  ""parameters"": [
    {
      ""name"": ""top_n"",
      ""label"": ""Top N"",
      ""control"": ""number"",
      ""required"": true,
      ""min"": 1,
      ""max"": 100
    }
  ]
}
","
WITH frequencies AS (
    SELECT
        {column} AS value,
        COUNT(*) AS frequency
    FROM {table}
    WHERE {column} IS NOT NULL
    GROUP BY {column}
),
top_values AS (
    SELECT
        value,
        frequency
    FROM frequencies
    ORDER BY frequency DESC
    LIMIT {top_n}
),
totals AS (
    SELECT
        SUM(frequency) AS total_frequency
    FROM frequencies
)
SELECT
    100.0 * COALESCE(
        (
            SELECT SUM(frequency)
            FROM top_values
        ), 0
    ) / NULLIF(
        (SELECT total_frequency FROM totals),
        0
    ) AS metric_value,

    0 AS passed_count,
    0 AS failed_count,

    (SELECT total_frequency FROM totals) AS total_count,

    (SELECT total_frequency FROM totals) AS applicable_count
",null,null,null,null,null,03_ISS_account_status,source/ISSUER/ISSUER_ACCOUNT_MANAGEMENT/03_iss_account_status,ISSUER,ISSUER_ACCOUNT_MANAGEMENT
30,1,P12,1,COLUMN,4,null,null,null,null,null,null,Distribution deviation,PARAMETERIZED,Deviation from configured baseline distribution.,COLUMN,null,NUMERIC,NUMERIC_BUSINESS,"{
          ""parameters"":[
            {
              ""name"":""baseline_distribution"",
              ""label"":""Baseline distribution"",
              ""control"":""json"",
              ""required"":true
            }
          ]
        }","
SELECT
    {baseline_distribution} AS metric_value,
    1 AS passed_count,
    0 AS failed_count,
    1 AS total_count,
    1 AS applicable_count
FROM {table}
",null,null,null,null,null,03_ISS_account_status,source/ISSUER/ISSUER_ACCOUNT_MANAGEMENT/03_iss_account_status,ISSUER,ISSUER_ACCOUNT_MANAGEMENT
607,1,P13,1,TABLE,null,null,null,null,null,null,null,Volume variance %,PARAMETERIZED,Percentage variance between current and baseline row volume.,TABLE,null,ALL,ANY,"{
          ""parameters"":[
            {
              ""name"":""baseline_row_count"",
              ""label"":""Baseline row count"",
              ""control"":""number"",
              ""min"":0,
              ""required"":true
            }
          ]
        }","
SELECT
    100.0 * ABS(
        COUNT(*) - {baseline_row_count}
    ) / NULLIF({baseline_row_count}, 0) AS metric_value,
    1 AS passed_count,
    0 AS failed_count,
    1 AS total_count,
    1 AS applicable_count
FROM {table}
",null,null,null,null,null,03_ISS_account_status,source/ISSUER/ISSUER_ACCOUNT_MANAGEMENT/03_iss_account_status,ISSUER,ISSUER_ACCOUNT_MANAGEMENT
608,1,P14,1,TABLE,null,null,null,99.000000,>=,null,null,Schema compliance %,PARAMETERIZED,Percentage of expected schema columns matching actual name and type.,TABLE,99.000000,ALL,ANY,"{
          ""parameters"":[
            {
              ""name"":""expected_schema"",
              ""label"":""Expected schema"",
              ""control"":""schema_definition"",
              ""required"":true
            }
          ]
        }","
SELECT
    {schema_compliance_expression} AS metric_value,
    {schema_passed_expression} AS passed_count,
    {schema_failed_expression} AS failed_count,
    {expected_column_count} AS total_count,
    {expected_column_count} AS applicable_count
FROM {table}
",null,null,null,null,null,03_ISS_account_status,source/ISSUER/ISSUER_ACCOUNT_MANAGEMENT/03_iss_account_status,ISSUER,ISSUER_ACCOUNT_MANAGEMENT
609,1,T01,1,TABLE,null,null,null,98.000000,>=,null,null,SLA compliance %,PARAMETERIZED,Percentage of records meeting configured SLA.,TABLE / COLUMN,98.000000,ALL,DATE_TIME,"{
          ""parameters"":[
            {
              ""name"":""sla_condition"",
              ""label"":""SLA condition"",
              ""control"":""expression"",
              ""required"":true
            }
          ]
        }","
SELECT
    100.0 * COUNT_IF({sla_condition})
        / NULLIF(COUNT(*), 0) AS metric_value,
    COUNT_IF({sla_condition}) AS passed_count,
    COUNT_IF(NOT ({sla_condition})) AS failed_count,
    COUNT(*) AS total_count,
    COUNT(*) AS applicable_count
FROM {table}
",null,null,null,null,null,03_ISS_account_status,source/ISSUER/ISSUER_ACCOUNT_MANAGEMENT/03_iss_account_status,ISSUER,ISSUER_ACCOUNT_MANAGEMENT
610,1,T02,1,TABLE,null,null,null,null,<=,null,null,Freshness age,PARAMETERIZED,Age of the most recent data timestamp.,TABLE / COLUMN,null,DATE/TIMESTAMP,DATE_TIME,"{
          ""parameters"":[
            {
              ""name"":""time_unit"",
              ""label"":""Time unit"",
              ""control"":""select"",
              ""options"":[""MINUTE"",""HOUR"",""DAY""],
              ""required"":true
            }
          ]
        }","
SELECT
    CAST(
        TIMESTAMPDIFF(
            {time_unit},
            MAX({column}),
            CURRENT_TIMESTAMP()
        )
        AS DOUBLE
    ) AS metric_value,

    0 AS passed_count,
    0 AS failed_count,
    COUNT(*) AS total_count,
    COUNT({column}) AS applicable_count
FROM {table}
",null,null,null,null,null,03_ISS_account_status,source/ISSUER/ISSUER_ACCOUNT_MANAGEMENT/03_iss_account_status,ISSUER,ISSUER_ACCOUNT_MANAGEMENT
611,1,T03,1,TABLE,null,null,null,null,<=,null,null,Average latency,PARAMETERIZED,Average difference between source and ingestion timestamps.,TABLE / COLUMN,null,DATE/TIMESTAMP,DATE_TIME,"{
          ""parameters"":[
            {
              ""name"":""source_timestamp_column"",
              ""label"":""Source timestamp column"",
              ""control"":""column_select"",
              ""required"":true
            },
            {
              ""name"":""ingestion_timestamp_column"",
              ""label"":""Ingestion timestamp column"",
              ""control"":""column_select"",
              ""required"":true
            },
            {
              ""name"":""time_unit"",
              ""label"":""Time unit"",
              ""control"":""select"",
              ""options"":[""SECOND"",""MINUTE"",""HOUR"",""DAY""],
              ""required"":true
            }
          ]
        }","
SELECT
    CAST(
        AVG(
            TIMESTAMPDIFF(
                {time_unit},
                {source_timestamp_column},
                {ingestion_timestamp_column}
            )
        )
        AS DOUBLE
    ) AS metric_value,

    0 AS passed_count,
    0 AS failed_count,
    COUNT(*) AS total_count,
    COUNT(*) AS applicable_count
FROM {table}
WHERE {source_timestamp_column} IS NOT NULL
  AND {ingestion_timestamp_column} IS NOT NULL
",null,null,null,null,null,03_ISS_account_status,source/ISSUER/ISSUER_ACCOUNT_MANAGEMENT/03_iss_account_status,ISSUER,ISSUER_ACCOUNT_MANAGEMENT
612,1,T04,1,TABLE,null,null,null,null,<=,null,null,Maximum latency,PARAMETERIZED,Maximum difference between source and ingestion timestamps.,TABLE / COLUMN,null,DATE/TIMESTAMP,DATE_TIME,"{
          ""parameters"":[
            {
              ""name"":""source_timestamp_column"",
              ""label"":""Source timestamp column"",
              ""control"":""column_select"",
              ""required"":true
            },
            {
              ""name"":""ingestion_timestamp_column"",
              ""label"":""Ingestion timestamp column"",
              ""control"":""column_select"",
              ""required"":true
            },
            {
              ""name"":""time_unit"",
              ""label"":""Time unit"",
              ""control"":""select"",
              ""options"":[""SECOND"",""MINUTE"",""HOUR"",""DAY""],
              ""required"":true
            }
          ]
        }","
SELECT
    CAST(
        MAX(
            TIMESTAMPDIFF(
                {time_unit},
                {source_timestamp_column},
                {ingestion_timestamp_column}
            )
        )
        AS DOUBLE
    ) AS metric_value,

    0 AS passed_count,
    0 AS failed_count,
    COUNT(*) AS total_count,
    COUNT(*) AS applicable_count
FROM {table}
WHERE {source_timestamp_column} IS NOT NULL
  AND {ingestion_timestamp_column} IS NOT NULL
",null,null,null,null,null,03_ISS_account_status,source/ISSUER/ISSUER_ACCOUNT_MANAGEMENT/03_iss_account_status,ISSUER,ISSUER_ACCOUNT_MANAGEMENT
613,1,T05,1,TABLE,null,null,null,2.000000,<=,null,null,Late-record %,PARAMETERIZED,Percentage of records arriving later than configured expectation.,TABLE / COLUMN,2.000000,ALL,DATE_TIME,"{
  ""parameters"": [
    {
      ""name"": ""arrival_timestamp_column"",
      ""label"": ""Arrival timestamp column"",
      ""control"": ""column_select"",
      ""required"": true
    },
    {
      ""name"": ""expected_arrival"",
      ""label"": ""Expected arrival"",
      ""control"": ""datetime"",
      ""required"": true
    }
  ]
}","
SELECT
    100.0 * COUNT_IF(
        {arrival_timestamp_column} > {expected_arrival}
    ) / NULLIF(COUNT(*), 0) AS metric_value,
    COUNT_IF(
        {arrival_timestamp_column} <= {expected_arrival}
    ) AS passed_count,
    COUNT_IF(
        {arrival_timestamp_column} > {expected_arrival}
    ) AS failed_count,
    COUNT(*) AS total_count,
    COUNT(*) AS applicable_count
FROM {table}
WHERE {arrival_timestamp_column} IS NOT NULL
",null,null,null,null,null,03_ISS_account_status,source/ISSUER/ISSUER_ACCOUNT_MANAGEMENT/03_iss_account_status,ISSUER,ISSUER_ACCOUNT_MANAGEMENT
614,1,T06,1,TABLE,null,null,null,99.000000,>=,null,null,Expected-arrival coverage %,PARAMETERIZED,Percentage of expected arrivals actually received.,TABLE,99.000000,ALL,ANY,"
{
  ""parameters"": [
    {
      ""name"": ""arrival_condition"",
      ""label"": ""Arrival condition"",
      ""control"": ""expression"",
      ""required"": true
    },
    {
      ""name"": ""expected_arrival_count"",
      ""label"": ""Expected arrival count"",
      ""control"": ""number"",
      ""required"": true
    }
  ]
}
","
SELECT
    100.0 * COUNT_IF({arrival_condition})
        / NULLIF({expected_arrival_count}, 0) AS metric_value,
    COUNT_IF({arrival_condition}) AS passed_count,
    COUNT_IF(NOT ({arrival_condition})) AS failed_count,
    {expected_arrival_count} AS total_count,
    {expected_arrival_count} AS applicable_count
FROM {table}
",null,null,null,null,null,03_ISS_account_status,source/ISSUER/ISSUER_ACCOUNT_MANAGEMENT/03_iss_account_status,ISSUER,ISSUER_ACCOUNT_MANAGEMENT
40,1,U02,1,COLUMN,1,null,null,1.000000,<=,null,null,Duplicate value %,PARAMETERIZED,Percentage of non-null values belonging to duplicate groups.,COLUMN,1.000000,ALL,ID/CODE,"{
          ""parameters"":[]
        }","
SELECT
    100.0 * COUNT_IF(
        {column} IN (
            SELECT {column}
            FROM {table}
            WHERE {column} IS NOT NULL
            GROUP BY {column}
            HAVING COUNT(*) > 1
        )
    ) / NULLIF(COUNT({column}), 0) AS metric_value,
    COUNT_IF(
        {column} NOT IN (
            SELECT {column}
            FROM {table}
            WHERE {column} IS NOT NULL
            GROUP BY {column}
            HAVING COUNT(*) > 1
        )
    ) AS passed_count,
    COUNT_IF(
        {column} IN (
            SELECT {column}
            FROM {table}
            WHERE {column} IS NOT NULL
            GROUP BY {column}
            HAVING COUNT(*) > 1
        )
    ) AS failed_count,
    COUNT({column}) AS total_count,
    COUNT({column}) AS applicable_count
FROM {table}
WHERE {column} IS NOT NULL
",null,null,null,null,null,03_ISS_account_status,source/ISSUER/ISSUER_ACCOUNT_MANAGEMENT/03_iss_account_status,ISSUER,ISSUER_ACCOUNT_MANAGEMENT
41,1,U03,1,COLUMN,1,null,null,0.000000,null,null,null,Duplicate group count,PARAMETERIZED,Number of distinct values occurring more than once.,COLUMN,0.000000,ALL,ID/CODE,"{
          ""parameters"":[]
        }","
SELECT
    CAST(COUNT(*) AS DOUBLE) AS metric_value,
    COUNT(*) AS passed_count,
    0 AS failed_count,
    COUNT(*) AS total_count,
    COUNT(*) AS applicable_count
FROM (
    SELECT {column}
    FROM {table}
    WHERE {column} IS NOT NULL
    GROUP BY {column}
    HAVING COUNT(*) > 1
) duplicate_groups
",null,null,null,null,null,03_ISS_account_status,source/ISSUER/ISSUER_ACCOUNT_MANAGEMENT/03_iss_account_status,ISSUER,ISSUER_ACCOUNT_MANAGEMENT
616,1,U04,1,TABLE,null,null,null,100.000000,>=,null,null,Primary-key compliance %,PARAMETERIZED,Percentage of records having a non-null unique primary key.,TABLE,100.000000,ALL,ANY,"{
          ""parameters"":[
            {
              ""name"":""primary_key_column"",
              ""label"":""Primary key column"",
              ""control"":""column_select"",
              ""required"":true
            }
          ]
        }","
WITH key_stats AS (
    SELECT
        COUNT(*) AS total_count,
        COUNT({primary_key_column}) AS non_null_count,
        COUNT(DISTINCT {primary_key_column}) AS distinct_count
    FROM {table}
)
SELECT
    100.0 *
    CASE
        WHEN total_count = 0 THEN 100.0
        WHEN non_null_count = total_count
             AND distinct_count = total_count
        THEN 100.0
        ELSE 0.0
    END AS metric_value,

    CASE
        WHEN non_null_count = total_count
             AND distinct_count = total_count
        THEN total_count
        ELSE 0
    END AS passed_count,

    CASE
        WHEN non_null_count = total_count
             AND distinct_count = total_count
        THEN 0
        ELSE total_count
    END AS failed_count,

    total_count,
    total_count AS applicable_count
FROM key_stats
",null,null,null,null,null,03_ISS_account_status,source/ISSUER/ISSUER_ACCOUNT_MANAGEMENT/03_iss_account_status,ISSUER,ISSUER_ACCOUNT_MANAGEMENT
617,1,U05,1,TABLE,null,null,null,100.000000,>=,null,null,Composite-key uniqueness %,PARAMETERIZED,Percentage of applicable records with unique configured composite key.,TABLE,100.000000,ALL,ANY,"{
          ""parameters"":[
            {
              ""name"":""composite_key_columns"",
              ""label"":""Composite key columns"",
              ""control"":""column_multi_select"",
              ""required"":true
            }
          ]
        }","
SELECT
    100.0 * COUNT_IF(unique_key_flag = 1)
        / NULLIF(COUNT(*), 0) AS metric_value,
    COUNT_IF(unique_key_flag = 1) AS passed_count,
    COUNT_IF(unique_key_flag = 0) AS failed_count,
    COUNT(*) AS total_count,
    COUNT(*) AS applicable_count
FROM (
    SELECT
        {composite_key_columns},
        CASE
            WHEN COUNT(*) OVER (
                PARTITION BY {composite_key_columns}
            ) = 1 THEN 1
            ELSE 0
        END AS unique_key_flag
    FROM {table}
) keyed_rows
",null,null,null,null,null,03_ISS_account_status,source/ISSUER/ISSUER_ACCOUNT_MANAGEMENT/03_iss_account_status,ISSUER,ISSUER_ACCOUNT_MANAGEMENT
44,1,V01,1,COLUMN,4,null,null,95.000000,>=,null,null,Validity %,PARAMETERIZED,Percentage of applicable values satisfying a configured validation rule.,COLUMN / TABLE,95.000000,NUMERIC,NUMERIC_BUSINESS,"{
          ""parameters"":[
            {
              ""name"":""validation_condition"",
              ""label"":""Validation condition"",
              ""control"":""expression"",
              ""required"":true
            }
          ]
        }","
SELECT
    100.0 * COUNT_IF({validation_condition})
        / NULLIF(COUNT({column}), 0) AS metric_value,
    COUNT_IF({validation_condition}) AS passed_count,
    COUNT_IF(NOT ({validation_condition})) AS failed_count,
    COUNT({column}) AS total_count,
    COUNT({column}) AS applicable_count
FROM {table}
WHERE {column} IS NOT NULL
",null,null,null,null,null,03_ISS_account_status,source/ISSUER/ISSUER_ACCOUNT_MANAGEMENT/03_iss_account_status,ISSUER,ISSUER_ACCOUNT_MANAGEMENT
45,1,V02,1,COLUMN,1,null,null,98.000000,>=,null,null,Pattern compliance %,PARAMETERIZED,Percentage of non-null values matching a configured regular expression.,COLUMN,98.000000,STRING,EMAIL/PHONE/ID/CODE,"{
          ""parameters"":[
            {
              ""name"":""regular_expression"",
              ""label"":""Regular expression"",
              ""control"":""regex"",
              ""required"":true
            }
          ]
        }","
SELECT
    100.0 * COUNT_IF(
        RLIKE(CAST({column} AS STRING), {regular_expression})
    ) / NULLIF(COUNT({column}), 0) AS metric_value,
    COUNT_IF(
        RLIKE(CAST({column} AS STRING), {regular_expression})
    ) AS passed_count,
    COUNT_IF(
        NOT RLIKE(CAST({column} AS STRING), {regular_expression})
    ) AS failed_count,
    COUNT({column}) AS total_count,
    COUNT({column}) AS applicable_count
FROM {table}
WHERE {column} IS NOT NULL
",null,null,null,null,null,03_ISS_account_status,source/ISSUER/ISSUER_ACCOUNT_MANAGEMENT/03_iss_account_status,ISSUER,ISSUER_ACCOUNT_MANAGEMENT
46,1,V05,1,COLUMN,4,null,null,99.000000,>=,null,null,Range compliance %,PARAMETERIZED,Percentage of applicable values within configured minimum and maximum.,COLUMN,99.000000,NUMERIC,NUMERIC_BUSINESS,"{""minimum_value"":""number"",""maximum_value"":""number""}","
SELECT
    ROUND(
        100.0 * SUM(
            CASE
                WHEN {column} >= {minimum_value}
                 AND {column} <= {maximum_value}
                THEN 1
                ELSE 0
            END
        ) / COUNT(*),
        2
    ) AS metric_value,

    SUM(
        CASE
            WHEN {column} >= {minimum_value}
             AND {column} <= {maximum_value}
            THEN 1
            ELSE 0
        END
    ) AS passed_count,

    SUM(
        CASE
            WHEN {column} < {minimum_value}
              OR {column} > {maximum_value}
            THEN 1
            ELSE 0
        END
    ) AS failed_count,

    COUNT(*) AS total_count
FROM {table}
WHERE {column} IS NOT NULL
",null,null,null,null,null,03_ISS_account_status,source/ISSUER/ISSUER_ACCOUNT_MANAGEMENT/03_iss_account_status,ISSUER,ISSUER_ACCOUNT_MANAGEMENT
47,1,V06,1,COLUMN,5,null,null,99.000000,>=,null,null,Allowed-value compliance %,PARAMETERIZED,Percentage of values belonging to a configured allowed-value set.,COLUMN,99.000000,STRING,STATUS/CODE,"{
          ""parameters"":[
            {
              ""name"":""allowed_values"",
              ""label"":""Allowed values"",
              ""control"":""multi_value"",
              ""required"":true
            }
          ]
        }","
SELECT
    100.0 * COUNT_IF(
        CAST({column} AS STRING) IN ({allowed_values})
    ) / NULLIF(COUNT({column}), 0) AS metric_value,
    COUNT_IF(
        CAST({column} AS STRING) IN ({allowed_values})
    ) AS passed_count,
    COUNT_IF(
        CAST({column} AS STRING) NOT IN ({allowed_values})
    ) AS failed_count,
    COUNT({column}) AS total_count,
    COUNT({column}) AS applicable_count
FROM {table}
WHERE {column} IS NOT NULL
",null,null,null,null,null,03_ISS_account_status,source/ISSUER/ISSUER_ACCOUNT_MANAGEMENT/03_iss_account_status,ISSUER,ISSUER_ACCOUNT_MANAGEMENT
48,1,V07,1,COLUMN,2,null,null,99.000000,>=,null,null,Length compliance %,PARAMETERIZED,Percentage of string values within configured length limits.,COLUMN,99.000000,STRING,ANY,"{
          ""parameters"":[
            {
              ""name"":""minimum_length"",
              ""label"":""Minimum length"",
              ""control"":""number"",
              ""required"":true
            },
            {
              ""name"":""maximum_length"",
              ""label"":""Maximum length"",
              ""control"":""number"",
              ""required"":true
            }
          ]
        }","
SELECT
    100.0 * COUNT_IF(
        LENGTH(CAST({column} AS STRING))
        BETWEEN {minimum_length} AND {maximum_length}
    ) / NULLIF(COUNT({column}), 0) AS metric_value,
    COUNT_IF(
        LENGTH(CAST({column} AS STRING))
        BETWEEN {minimum_length} AND {maximum_length}
    ) AS passed_count,
    COUNT_IF(
        NOT (
            LENGTH(CAST({column} AS STRING))
            BETWEEN {minimum_length} AND {maximum_length}
        )
    ) AS failed_count,
    COUNT({column}) AS total_count,
    COUNT({column}) AS applicable_count
FROM {table}
WHERE {column} IS NOT NULL
",null,null,null,null,null,03_ISS_account_status,source/ISSUER/ISSUER_ACCOUNT_MANAGEMENT/03_iss_account_status,ISSUER,ISSUER_ACCOUNT_MANAGEMENT
49,1,V08,1,COLUMN,1,null,null,99.000000,>=,null,null,Format compliance %,PARAMETERIZED,Percentage of values satisfying configured format.,COLUMN,99.000000,STRING,CODE/ID/EMAIL/PHONE,"{
          ""parameters"":[
            {
              ""name"":""format_definition"",
              ""label"":""Format definition"",
              ""control"":""expression"",
              ""required"":true
            }
          ]
        }","
SELECT
    100.0 * COUNT_IF({format_definition})
        / NULLIF(COUNT({column}), 0) AS metric_value,
    COUNT_IF({format_definition}) AS passed_count,
    COUNT_IF(NOT ({format_definition})) AS failed_count,
    COUNT({column}) AS total_count,
    COUNT({column}) AS applicable_count
FROM {table}
WHERE {column} IS NOT NULL
",null,null,null,null,null,03_ISS_account_status,source/ISSUER/ISSUER_ACCOUNT_MANAGEMENT/03_iss_account_status,ISSUER,ISSUER_ACCOUNT_MANAGEMENT
50,1,V09,1,COLUMN,2,null,null,99.000000,>=,null,null,Character compliance %,PARAMETERIZED,Percentage of values containing only permitted character classes.,COLUMN,99.000000,STRING,ANY,"{
          ""parameters"":[
            {
              ""name"":""allowed_character_pattern"",
              ""label"":""Allowed character pattern"",
              ""control"":""regex"",
              ""required"":true
            }
          ]
        }","
SELECT
    100.0 * COUNT_IF(
        RLIKE(CAST({column} AS STRING), {allowed_character_pattern})
    ) / NULLIF(COUNT({column}), 0) AS metric_value,
    COUNT_IF(
        RLIKE(CAST({column} AS STRING), {allowed_character_pattern})
    ) AS passed_count,
    COUNT_IF(
        NOT RLIKE(CAST({column} AS STRING), {allowed_character_pattern})
    ) AS failed_count,
    COUNT({column}) AS total_count,
    COUNT({column}) AS applicable_count
FROM {table}
WHERE {column} IS NOT NULL
",null,null,null,null,null,03_ISS_account_status,source/ISSUER/ISSUER_ACCOUNT_MANAGEMENT/03_iss_account_status,ISSUER,ISSUER_ACCOUNT_MANAGEMENT
54,1,V13,1,COLUMN,1,null,null,null,null,null,null,Invalid value count,PARAMETERIZED,Count of values failing configured validation.,COLUMN / TABLE,null,ALL,ANY,"{
          ""parameters"":[
            {
              ""name"":""validation_condition"",
              ""label"":""Validation condition"",
              ""control"":""expression"",
              ""required"":true
            }
          ]
        }","
SELECT
    COUNT_IF(
        {column} IS NOT NULL
        AND NOT ({validation_condition})
    ) AS metric_value,

    COUNT_IF(
        {column} IS NOT NULL
        AND ({validation_condition})
    ) AS passed_count,

    COUNT_IF(
        {column} IS NOT NULL
        AND NOT ({validation_condition})
    ) AS failed_count,

    COUNT({column}) AS total_count,

    COUNT({column}) AS applicable_count
FROM {table}
",null,null,null,null,null,03_ISS_account_status,source/ISSUER/ISSUER_ACCOUNT_MANAGEMENT/03_iss_account_status,ISSUER,ISSUER_ACCOUNT_MANAGEMENT
259,2,A01,1,COLUMN,19,null,null,99.000000,>=,null,null,Reference-match accuracy %,PARAMETERIZED,Percentage of applicable values matching a trusted reference.,COLUMN / TABLE,99.000000,ALL,ANY,"
{
  ""parameters"": [
    {
      ""name"": ""reference_asset"",
      ""label"": ""Reference asset"",
      ""control"": ""asset_select"",
      ""required"": true
    },
    {
      ""name"": ""source_column"",
      ""label"": ""Source column"",
      ""control"": ""column_select"",
      ""required"": true
    },
    {
      ""name"": ""reference_column"",
      ""label"": ""Reference column"",
      ""control"": ""column_select"",
      ""required"": true
    }
  ]
}
","
SELECT
    100.0 * COUNT_IF(
        {match_condition}
    ) / NULLIF(COUNT({column}), 0) AS metric_value,
    COUNT_IF({match_condition}) AS passed_count,
    COUNT_IF(NOT ({match_condition})) AS failed_count,
    COUNT({column}) AS total_count,
    COUNT({column}) AS applicable_count
FROM {table}
WHERE {column} IS NOT NULL
",null,null,null,null,null,02_CRD_card_bin_range,source/CARD_MGMT/CARD_ISSUANCE_LIFECYCLE/02_crd_card_account_range,CARD_MGMT,CARD_ISSUANCE_LIFECYCLE
584,2,C05,1,TABLE,null,null,null,95.000000,>=,null,null,Record completeness %,PARAMETERIZED,Average completeness across configured required fields.,TABLE,95.000000,ALL,ANY,"{
          ""parameters"":[
            {
              ""name"":""required_columns"",
              ""label"":""Required columns"",
              ""control"":""column_multi_select"",
              ""required"":true
            }
          ]
        }","
SELECT
    100.0 * COUNT_IF({required_columns_condition})
        / NULLIF(COUNT(*), 0) AS metric_value,
    COUNT_IF({required_columns_condition}) AS passed_count,
    COUNT_IF(NOT ({required_columns_condition})) AS failed_count,
    COUNT(*) AS total_count,
    COUNT(*) AS applicable_count
FROM {table}
",null,null,null,null,null,02_CRD_card_bin_range,source/CARD_MGMT/CARD_ISSUANCE_LIFECYCLE/02_crd_card_account_range,CARD_MGMT,CARD_ISSUANCE_LIFECYCLE
585,2,C07,1,TABLE,null,null,null,95.000000,>=,null,null,Selected-column completeness %,PARAMETERIZED,Percentage of records where all configured selected columns are populated.,TABLE,95.000000,ALL,ANY,"{
          ""parameters"":[
            {
              ""name"":""selected_columns"",
              ""label"":""Selected columns"",
              ""control"":""column_multi_select"",
              ""required"":true
            }
          ]
        }","
SELECT
    100.0 * COUNT_IF({selected_columns_condition})
        / NULLIF(COUNT(*), 0) AS metric_value,
    COUNT_IF({selected_columns_condition}) AS passed_count,
    COUNT_IF(NOT ({selected_columns_condition})) AS failed_count,
    COUNT(*) AS total_count,
    COUNT(*) AS applicable_count
FROM {table}
",null,null,null,null,null,02_CRD_card_bin_range,source/CARD_MGMT/CARD_ISSUANCE_LIFECYCLE/02_crd_card_account_range,CARD_MGMT,CARD_ISSUANCE_LIFECYCLE
586,2,I04,1,TABLE,null,null,null,0.000000,<=,null,null,Primary-key null %,PARAMETERIZED,Percentage of records where the configured primary key is NULL.,TABLE,0.000000,ALL,ID,"{
          ""parameters"":[
            {
              ""name"":""primary_key_column"",
              ""label"":""Primary key column"",
              ""control"":""column_select"",
              ""required"":true
            }
          ]
        }","
SELECT
    100.0 * COUNT_IF(
        {primary_key_column} IS NULL
    ) / NULLIF(COUNT(*), 0) AS metric_value,
    COUNT_IF(
        {primary_key_column} IS NOT NULL
    ) AS passed_count,
    COUNT_IF(
        {primary_key_column} IS NULL
    ) AS failed_count,
    COUNT(*) AS total_count,
    COUNT(*) AS applicable_count
FROM {table}
",null,null,null,null,null,02_CRD_card_bin_range,source/CARD_MGMT/CARD_ISSUANCE_LIFECYCLE/02_crd_card_account_range,CARD_MGMT,CARD_ISSUANCE_LIFECYCLE
487,2,K03,1,COLUMN,23,null,null,98.000000,>=,null,null,Standardization compliance %,PARAMETERIZED,Percentage of values matching configured canonical representation.,COLUMN,98.000000,STRING,CODE/ID/STATUS,"
{
  ""parameters"": [
    {
      ""name"": ""standardization_type"",
      ""label"": ""Standardization type"",
      ""control"": ""select"",
      ""required"": true,
      ""options"": [
        ""TRIM"",
        ""UPPERCASE"",
        ""LOWERCASE""
      ]
    }
  ]
}
","
SELECT
    100.0 * COUNT_IF(
        CASE
            WHEN {standardization_type} = TRIM
                THEN CAST({column} AS STRING) = TRIM(CAST({column} AS STRING))
            WHEN {standardization_type} = UPPERCASE
                THEN CAST({column} AS STRING) = UPPER(CAST({column} AS STRING))
            WHEN {standardization_type} = LOWERCASE
                THEN CAST({column} AS STRING) = LOWER(CAST({column} AS STRING))
            ELSE FALSE
        END
    ) / NULLIF(COUNT({column}), 0) AS metric_value,

    COUNT_IF(
        CASE
            WHEN {standardization_type} = TRIM
                THEN CAST({column} AS STRING) = TRIM(CAST({column} AS STRING))
            WHEN {standardization_type} = UPPERCASE
                THEN CAST({column} AS STRING) = UPPER(CAST({column} AS STRING))
            WHEN {standardization_type} = LOWERCASE
                THEN CAST({column} AS STRING) = LOWER(CAST({column} AS STRING))
            ELSE FALSE
        END
    ) AS passed_count,

    COUNT_IF(
        NOT (
            CASE
                WHEN {standardization_type} = TRIM
                    THEN CAST({column} AS STRING) = TRIM(CAST({column} AS STRING))
                WHEN {standardization_type} = UPPERCASE
                    THEN CAST({column} AS STRING) = UPPER(CAST({column} AS STRING))
                WHEN {standardization_type} = LOWERCASE
                    THEN CAST({column} AS STRING) = LOWER(CAST({column} AS STRING))
                ELSE FALSE
            END
        )
    ) AS failed_count,

    COUNT({column}) AS total_count,
    COUNT({column}) AS applicable_count
FROM {table}
WHERE {column} IS NOT NULL
",null,null,null,null,null,02_CRD_card_bin_range,source/CARD_MGMT/CARD_ISSUANCE_LIFECYCLE/02_crd_card_account_range,CARD_MGMT,CARD_ISSUANCE_LIFECYCLE
507,2,K03,1,COLUMN,21,null,null,98.000000,>=,null,null,Standardization compliance %,PARAMETERIZED,Percentage of values matching configured canonical representation.,COLUMN,98.000000,STRING,CODE/ID/STATUS,"
{
  ""parameters"": [
    {
      ""name"": ""standardization_type"",
      ""label"": ""Standardization type"",
      ""control"": ""select"",
      ""required"": true,
      ""options"": [
        ""TRIM"",
        ""UPPERCASE"",
        ""LOWERCASE""
      ]
    }
  ]
}
","
SELECT
    100.0 * COUNT_IF(
        CASE
            WHEN {standardization_type} = TRIM
                THEN CAST({column} AS STRING) = TRIM(CAST({column} AS STRING))
            WHEN {standardization_type} = UPPERCASE
                THEN CAST({column} AS STRING) = UPPER(CAST({column} AS STRING))
            WHEN {standardization_type} = LOWERCASE
                THEN CAST({column} AS STRING) = LOWER(CAST({column} AS STRING))
            ELSE FALSE
        END
    ) / NULLIF(COUNT({column}), 0) AS metric_value,

    COUNT_IF(
        CASE
            WHEN {standardization_type} = TRIM
                THEN CAST({column} AS STRING) = TRIM(CAST({column} AS STRING))
            WHEN {standardization_type} = UPPERCASE
                THEN CAST({column} AS STRING) = UPPER(CAST({column} AS STRING))
            WHEN {standardization_type} = LOWERCASE
                THEN CAST({column} AS STRING) = LOWER(CAST({column} AS STRING))
            ELSE FALSE
        END
    ) AS passed_count,

    COUNT_IF(
        NOT (
            CASE
                WHEN {standardization_type} = TRIM
                    THEN CAST({column} AS STRING) = TRIM(CAST({column} AS STRING))
                WHEN {standardization_type} = UPPERCASE
                    THEN CAST({column} AS STRING) = UPPER(CAST({column} AS STRING))
                WHEN {standardization_type} = LOWERCASE
                    THEN CAST({column} AS STRING) = LOWER(CAST({column} AS STRING))
                ELSE FALSE
            END
        )
    ) AS failed_count,

    COUNT({column}) AS total_count,
    COUNT({column}) AS applicable_count
FROM {table}
WHERE {column} IS NOT NULL
",null,null,null,null,null,02_CRD_card_bin_range,source/CARD_MGMT/CARD_ISSUANCE_LIFECYCLE/02_crd_card_account_range,CARD_MGMT,CARD_ISSUANCE_LIFECYCLE
527,2,K03,1,COLUMN,18,null,null,98.000000,>=,null,null,Standardization compliance %,PARAMETERIZED,Percentage of values matching configured canonical representation.,COLUMN,98.000000,STRING,CODE/ID/STATUS,"
{
  ""parameters"": [
    {
      ""name"": ""standardization_type"",
      ""label"": ""Standardization type"",
      ""control"": ""select"",
      ""required"": true,
      ""options"": [
        ""TRIM"",
        ""UPPERCASE"",
        ""LOWERCASE""
      ]
    }
  ]
}
","
SELECT
    100.0 * COUNT_IF(
        CASE
            WHEN {standardization_type} = TRIM
                THEN CAST({column} AS STRING) = TRIM(CAST({column} AS STRING))
            WHEN {standardization_type} = UPPERCASE
                THEN CAST({column} AS STRING) = UPPER(CAST({column} AS STRING))
            WHEN {standardization_type} = LOWERCASE
                THEN CAST({column} AS STRING) = LOWER(CAST({column} AS STRING))
            ELSE FALSE
        END
    ) / NULLIF(COUNT({column}), 0) AS metric_value,

    COUNT_IF(
        CASE
            WHEN {standardization_type} = TRIM
                THEN CAST({column} AS STRING) = TRIM(CAST({column} AS STRING))
            WHEN {standardization_type} = UPPERCASE
                THEN CAST({column} AS STRING) = UPPER(CAST({column} AS STRING))
            WHEN {standardization_type} = LOWERCASE
                THEN CAST({column} AS STRING) = LOWER(CAST({column} AS STRING))
            ELSE FALSE
        END
    ) AS passed_count,

    COUNT_IF(
        NOT (
            CASE
                WHEN {standardization_type} = TRIM
                    THEN CAST({column} AS STRING) = TRIM(CAST({column} AS STRING))
                WHEN {standardization_type} = UPPERCASE
                    THEN CAST({column} AS STRING) = UPPER(CAST({column} AS STRING))
                WHEN {standardization_type} = LOWERCASE
                    THEN CAST({column} AS STRING) = LOWER(CAST({column} AS STRING))
                ELSE FALSE
            END
        )
    ) AS failed_count,

    COUNT({column}) AS total_count,
    COUNT({column}) AS applicable_count
FROM {table}
WHERE {column} IS NOT NULL
",null,null,null,null,null,02_CRD_card_bin_range,source/CARD_MGMT/CARD_ISSUANCE_LIFECYCLE/02_crd_card_account_range,CARD_MGMT,CARD_ISSUANCE_LIFECYCLE
547,2,K03,1,COLUMN,17,null,null,98.000000,>=,null,null,Standardization compliance %,PARAMETERIZED,Percentage of values matching configured canonical representation.,COLUMN,98.000000,STRING,CODE/ID/STATUS,"
{
  ""parameters"": [
    {
      ""name"": ""standardization_type"",
      ""label"": ""Standardization type"",
      ""control"": ""select"",
      ""required"": true,
      ""options"": [
        ""TRIM"",
        ""UPPERCASE"",
        ""LOWERCASE""
      ]
    }
  ]
}
","
SELECT
    100.0 * COUNT_IF(
        CASE
            WHEN {standardization_type} = TRIM
                THEN CAST({column} AS STRING) = TRIM(CAST({column} AS STRING))
            WHEN {standardization_type} = UPPERCASE
                THEN CAST({column} AS STRING) = UPPER(CAST({column} AS STRING))
            WHEN {standardization_type} = LOWERCASE
                THEN CAST({column} AS STRING) = LOWER(CAST({column} AS STRING))
            ELSE FALSE
        END
    ) / NULLIF(COUNT({column}), 0) AS metric_value,

    COUNT_IF(
        CASE
            WHEN {standardization_type} = TRIM
                THEN CAST({column} AS STRING) = TRIM(CAST({column} AS STRING))
            WHEN {standardization_type} = UPPERCASE
                THEN CAST({column} AS STRING) = UPPER(CAST({column} AS STRING))
            WHEN {standardization_type} = LOWERCASE
                THEN CAST({column} AS STRING) = LOWER(CAST({column} AS STRING))
            ELSE FALSE
        END
    ) AS passed_count,

    COUNT_IF(
        NOT (
            CASE
                WHEN {standardization_type} = TRIM
                    THEN CAST({column} AS STRING) = TRIM(CAST({column} AS STRING))
                WHEN {standardization_type} = UPPERCASE
                    THEN CAST({column} AS STRING) = UPPER(CAST({column} AS STRING))
                WHEN {standardization_type} = LOWERCASE
                    THEN CAST({column} AS STRING) = LOWER(CAST({column} AS STRING))
                ELSE FALSE
            END
        )
    ) AS failed_count,

    COUNT({column}) AS total_count,
    COUNT({column}) AS applicable_count
FROM {table}
WHERE {column} IS NOT NULL
",null,null,null,null,null,02_CRD_card_bin_range,source/CARD_MGMT/CARD_ISSUANCE_LIFECYCLE/02_crd_card_account_range,CARD_MGMT,CARD_ISSUANCE_LIFECYCLE
588,2,P13,1,TABLE,null,null,null,null,null,null,null,Volume variance %,PARAMETERIZED,Percentage variance between current and baseline row volume.,TABLE,null,ALL,ANY,"{
          ""parameters"":[
            {
              ""name"":""baseline_row_count"",
              ""label"":""Baseline row count"",
              ""control"":""number"",
              ""min"":0,
              ""required"":true
            }
          ]
        }","
SELECT
    100.0 * ABS(
        COUNT(*) - {baseline_row_count}
    ) / NULLIF({baseline_row_count}, 0) AS metric_value,
    1 AS passed_count,
    0 AS failed_count,
    1 AS total_count,
    1 AS applicable_count
FROM {table}
",null,null,null,null,null,02_CRD_card_bin_range,source/CARD_MGMT/CARD_ISSUANCE_LIFECYCLE/02_crd_card_account_range,CARD_MGMT,CARD_ISSUANCE_LIFECYCLE
589,2,P14,1,TABLE,null,null,null,99.000000,>=,null,null,Schema compliance %,PARAMETERIZED,Percentage of expected schema columns matching actual name and type.,TABLE,99.000000,ALL,ANY,"{
          ""parameters"":[
            {
              ""name"":""expected_schema"",
              ""label"":""Expected schema"",
              ""control"":""schema_definition"",
              ""required"":true
            }
          ]
        }","
SELECT
    {schema_compliance_expression} AS metric_value,
    {schema_passed_expression} AS passed_count,
    {schema_failed_expression} AS failed_count,
    {expected_column_count} AS total_count,
    {expected_column_count} AS applicable_count
FROM {table}
",null,null,null,null,null,02_CRD_card_bin_range,source/CARD_MGMT/CARD_ISSUANCE_LIFECYCLE/02_crd_card_account_range,CARD_MGMT,CARD_ISSUANCE_LIFECYCLE
590,2,T01,1,TABLE,null,null,null,98.000000,>=,null,null,SLA compliance %,PARAMETERIZED,Percentage of records meeting configured SLA.,TABLE / COLUMN,98.000000,ALL,DATE_TIME,"{
          ""parameters"":[
            {
              ""name"":""sla_condition"",
              ""label"":""SLA condition"",
              ""control"":""expression"",
              ""required"":true
            }
          ]
        }","
SELECT
    100.0 * COUNT_IF({sla_condition})
        / NULLIF(COUNT(*), 0) AS metric_value,
    COUNT_IF({sla_condition}) AS passed_count,
    COUNT_IF(NOT ({sla_condition})) AS failed_count,
    COUNT(*) AS total_count,
    COUNT(*) AS applicable_count
FROM {table}
",null,null,null,null,null,02_CRD_card_bin_range,source/CARD_MGMT/CARD_ISSUANCE_LIFECYCLE/02_crd_card_account_range,CARD_MGMT,CARD_ISSUANCE_LIFECYCLE
591,2,T02,1,TABLE,null,null,null,null,<=,null,null,Freshness age,PARAMETERIZED,Age of the most recent data timestamp.,TABLE / COLUMN,null,DATE/TIMESTAMP,DATE_TIME,"{
          ""parameters"":[
            {
              ""name"":""time_unit"",
              ""label"":""Time unit"",
              ""control"":""select"",
              ""options"":[""MINUTE"",""HOUR"",""DAY""],
              ""required"":true
            }
          ]
        }","
SELECT
    CAST(
        TIMESTAMPDIFF(
            {time_unit},
            MAX({column}),
            CURRENT_TIMESTAMP()
        )
        AS DOUBLE
    ) AS metric_value,

    0 AS passed_count,
    0 AS failed_count,
    COUNT(*) AS total_count,
    COUNT({column}) AS applicable_count
FROM {table}
",null,null,null,null,null,02_CRD_card_bin_range,source/CARD_MGMT/CARD_ISSUANCE_LIFECYCLE/02_crd_card_account_range,CARD_MGMT,CARD_ISSUANCE_LIFECYCLE
592,2,T03,1,TABLE,null,null,null,null,<=,null,null,Average latency,PARAMETERIZED,Average difference between source and ingestion timestamps.,TABLE / COLUMN,null,DATE/TIMESTAMP,DATE_TIME,"{
          ""parameters"":[
            {
              ""name"":""source_timestamp_column"",
              ""label"":""Source timestamp column"",
              ""control"":""column_select"",
              ""required"":true
            },
            {
              ""name"":""ingestion_timestamp_column"",
              ""label"":""Ingestion timestamp column"",
              ""control"":""column_select"",
              ""required"":true
            },
            {
              ""name"":""time_unit"",
              ""label"":""Time unit"",
              ""control"":""select"",
              ""options"":[""SECOND"",""MINUTE"",""HOUR"",""DAY""],
              ""required"":true
            }
          ]
        }","
SELECT
    CAST(
        AVG(
            TIMESTAMPDIFF(
                {time_unit},
                {source_timestamp_column},
                {ingestion_timestamp_column}
            )
        )
        AS DOUBLE
    ) AS metric_value,

    0 AS passed_count,
    0 AS failed_count,
    COUNT(*) AS total_count,
    COUNT(*) AS applicable_count
FROM {table}
WHERE {source_timestamp_column} IS NOT NULL
  AND {ingestion_timestamp_column} IS NOT NULL
",null,null,null,null,null,02_CRD_card_bin_range,source/CARD_MGMT/CARD_ISSUANCE_LIFECYCLE/02_crd_card_account_range,CARD_MGMT,CARD_ISSUANCE_LIFECYCLE
593,2,T04,1,TABLE,null,null,null,null,<=,null,null,Maximum latency,PARAMETERIZED,Maximum difference between source and ingestion timestamps.,TABLE / COLUMN,null,DATE/TIMESTAMP,DATE_TIME,"{
          ""parameters"":[
            {
              ""name"":""source_timestamp_column"",
              ""label"":""Source timestamp column"",
              ""control"":""column_select"",
              ""required"":true
            },
            {
              ""name"":""ingestion_timestamp_column"",
              ""label"":""Ingestion timestamp column"",
              ""control"":""column_select"",
              ""required"":true
            },
            {
              ""name"":""time_unit"",
              ""label"":""Time unit"",
              ""control"":""select"",
              ""options"":[""SECOND"",""MINUTE"",""HOUR"",""DAY""],
              ""required"":true
            }
          ]
        }","
SELECT
    CAST(
        MAX(
            TIMESTAMPDIFF(
                {time_unit},
                {source_timestamp_column},
                {ingestion_timestamp_column}
            )
        )
        AS DOUBLE
    ) AS metric_value,

    0 AS passed_count,
    0 AS failed_count,
    COUNT(*) AS total_count,
    COUNT(*) AS applicable_count
FROM {table}
WHERE {source_timestamp_column} IS NOT NULL
  AND {ingestion_timestamp_column} IS NOT NULL
",null,null,null,null,null,02_CRD_card_bin_range,source/CARD_MGMT/CARD_ISSUANCE_LIFECYCLE/02_crd_card_account_range,CARD_MGMT,CARD_ISSUANCE_LIFECYCLE
594,2,T05,1,TABLE,null,null,null,2.000000,<=,null,null,Late-record %,PARAMETERIZED,Percentage of records arriving later than configured expectation.,TABLE / COLUMN,2.000000,ALL,DATE_TIME,"{
  ""parameters"": [
    {
      ""name"": ""arrival_timestamp_column"",
      ""label"": ""Arrival timestamp column"",
      ""control"": ""column_select"",
      ""required"": true
    },
    {
      ""name"": ""expected_arrival"",
      ""label"": ""Expected arrival"",
      ""control"": ""datetime"",
      ""required"": true
    }
  ]
}","
SELECT
    100.0 * COUNT_IF(
        {arrival_timestamp_column} > {expected_arrival}
    ) / NULLIF(COUNT(*), 0) AS metric_value,
    COUNT_IF(
        {arrival_timestamp_column} <= {expected_arrival}
    ) AS passed_count,
    COUNT_IF(
        {arrival_timestamp_column} > {expected_arrival}
    ) AS failed_count,
    COUNT(*) AS total_count,
    COUNT(*) AS applicable_count
FROM {table}
WHERE {arrival_timestamp_column} IS NOT NULL
",null,null,null,null,null,02_CRD_card_bin_range,source/CARD_MGMT/CARD_ISSUANCE_LIFECYCLE/02_crd_card_account_range,CARD_MGMT,CARD_ISSUANCE_LIFECYCLE
595,2,T06,1,TABLE,null,null,null,99.000000,>=,null,null,Expected-arrival coverage %,PARAMETERIZED,Percentage of expected arrivals actually received.,TABLE,99.000000,ALL,ANY,"
{
  ""parameters"": [
    {
      ""name"": ""arrival_condition"",
      ""label"": ""Arrival condition"",
      ""control"": ""expression"",
      ""required"": true
    },
    {
      ""name"": ""expected_arrival_count"",
      ""label"": ""Expected arrival count"",
      ""control"": ""number"",
      ""required"": true
    }
  ]
}
","
SELECT
    100.0 * COUNT_IF({arrival_condition})
        / NULLIF({expected_arrival_count}, 0) AS metric_value,
    COUNT_IF({arrival_condition}) AS passed_count,
    COUNT_IF(NOT ({arrival_condition})) AS failed_count,
    {expected_arrival_count} AS total_count,
    {expected_arrival_count} AS applicable_count
FROM {table}
",null,null,null,null,null,02_CRD_card_bin_range,source/CARD_MGMT/CARD_ISSUANCE_LIFECYCLE/02_crd_card_account_range,CARD_MGMT,CARD_ISSUANCE_LIFECYCLE
597,2,U04,1,TABLE,null,null,null,100.000000,>=,null,null,Primary-key compliance %,PARAMETERIZED,Percentage of records having a non-null unique primary key.,TABLE,100.000000,ALL,ANY,"{
          ""parameters"":[
            {
              ""name"":""primary_key_column"",
              ""label"":""Primary key column"",
              ""control"":""column_select"",
              ""required"":true
            }
          ]
        }","
WITH key_stats AS (
    SELECT
        COUNT(*) AS total_count,
        COUNT({primary_key_column}) AS non_null_count,
        COUNT(DISTINCT {primary_key_column}) AS distinct_count
    FROM {table}
)
SELECT
    100.0 *
    CASE
        WHEN total_count = 0 THEN 100.0
        WHEN non_null_count = total_count
             AND distinct_count = total_count
        THEN 100.0
        ELSE 0.0
    END AS metric_value,

    CASE
        WHEN non_null_count = total_count
             AND distinct_count = total_count
        THEN total_count
        ELSE 0
    END AS passed_count,

    CASE
        WHEN non_null_count = total_count
             AND distinct_count = total_count
        THEN 0
        ELSE total_count
    END AS failed_count,

    total_count,
    total_count AS applicable_count
FROM key_stats
",null,null,null,null,null,02_CRD_card_bin_range,source/CARD_MGMT/CARD_ISSUANCE_LIFECYCLE/02_crd_card_account_range,CARD_MGMT,CARD_ISSUANCE_LIFECYCLE
598,2,U05,1,TABLE,null,null,null,100.000000,>=,null,null,Composite-key uniqueness %,PARAMETERIZED,Percentage of applicable records with unique configured composite key.,TABLE,100.000000,ALL,ANY,"{
          ""parameters"":[
            {
              ""name"":""composite_key_columns"",
              ""label"":""Composite key columns"",
              ""control"":""column_multi_select"",
              ""required"":true
            }
          ]
        }","
SELECT
    100.0 * COUNT_IF(unique_key_flag = 1)
        / NULLIF(COUNT(*), 0) AS metric_value,
    COUNT_IF(unique_key_flag = 1) AS passed_count,
    COUNT_IF(unique_key_flag = 0) AS failed_count,
    COUNT(*) AS total_count,
    COUNT(*) AS applicable_count
FROM (
    SELECT
        {composite_key_columns},
        CASE
            WHEN COUNT(*) OVER (
                PARTITION BY {composite_key_columns}
            ) = 1 THEN 1
            ELSE 0
        END AS unique_key_flag
    FROM {table}
) keyed_rows
",null,null,null,null,null,02_CRD_card_bin_range,source/CARD_MGMT/CARD_ISSUANCE_LIFECYCLE/02_crd_card_account_range,CARD_MGMT,CARD_ISSUANCE_LIFECYCLE
237,3,A01,1,COLUMN,30,null,null,99.000000,>=,null,null,Reference-match accuracy %,PARAMETERIZED,Percentage of applicable values matching a trusted reference.,COLUMN / TABLE,99.000000,ALL,ANY,"
{
  ""parameters"": [
    {
      ""name"": ""reference_asset"",
      ""label"": ""Reference asset"",
      ""control"": ""asset_select"",
      ""required"": true
    },
    {
      ""name"": ""source_column"",
      ""label"": ""Source column"",
      ""control"": ""column_select"",
      ""required"": true
    },
    {
      ""name"": ""reference_column"",
      ""label"": ""Reference column"",
      ""control"": ""column_select"",
      ""required"": true
    }
  ]
}
","
SELECT
    100.0 * COUNT_IF(
        {match_condition}
    ) / NULLIF(COUNT({column}), 0) AS metric_value,
    COUNT_IF({match_condition}) AS passed_count,
    COUNT_IF(NOT ({match_condition})) AS failed_count,
    COUNT({column}) AS total_count,
    COUNT({column}) AS applicable_count
FROM {table}
WHERE {column} IS NOT NULL
",null,null,null,null,null,03_ISS_issuer_account,source/ISSUER/ISSUER_ACCOUNT_MANAGEMENT/03_iss_issuer_account,ISSUER,ISSUER_ACCOUNT_MANAGEMENT
564,3,C05,1,TABLE,null,null,null,95.000000,>=,null,null,Record completeness %,PARAMETERIZED,Average completeness across configured required fields.,TABLE,95.000000,ALL,ANY,"{
          ""parameters"":[
            {
              ""name"":""required_columns"",
              ""label"":""Required columns"",
              ""control"":""column_multi_select"",
              ""required"":true
            }
          ]
        }","
SELECT
    100.0 * COUNT_IF({required_columns_condition})
        / NULLIF(COUNT(*), 0) AS metric_value,
    COUNT_IF({required_columns_condition}) AS passed_count,
    COUNT_IF(NOT ({required_columns_condition})) AS failed_count,
    COUNT(*) AS total_count,
    COUNT(*) AS applicable_count
FROM {table}
",null,null,null,null,null,03_ISS_issuer_account,source/ISSUER/ISSUER_ACCOUNT_MANAGEMENT/03_iss_issuer_account,ISSUER,ISSUER_ACCOUNT_MANAGEMENT
565,3,C07,1,TABLE,null,null,null,95.000000,>=,null,null,Selected-column completeness %,PARAMETERIZED,Percentage of records where all configured selected columns are populated.,TABLE,95.000000,ALL,ANY,"{
          ""parameters"":[
            {
              ""name"":""selected_columns"",
              ""label"":""Selected columns"",
              ""control"":""column_multi_select"",
              ""required"":true
            }
          ]
        }","
SELECT
    100.0 * COUNT_IF({selected_columns_condition})
        / NULLIF(COUNT(*), 0) AS metric_value,
    COUNT_IF({selected_columns_condition}) AS passed_count,
    COUNT_IF(NOT ({selected_columns_condition})) AS failed_count,
    COUNT(*) AS total_count,
    COUNT(*) AS applicable_count
FROM {table}
",null,null,null,null,null,03_ISS_issuer_account,source/ISSUER/ISSUER_ACCOUNT_MANAGEMENT/03_iss_issuer_account,ISSUER,ISSUER_ACCOUNT_MANAGEMENT
566,3,I04,1,TABLE,null,null,null,0.000000,<=,null,null,Primary-key null %,PARAMETERIZED,Percentage of records where the configured primary key is NULL.,TABLE,0.000000,ALL,ID,"{
          ""parameters"":[
            {
              ""name"":""primary_key_column"",
              ""label"":""Primary key column"",
              ""control"":""column_select"",
              ""required"":true
            }
          ]
        }","
SELECT
    100.0 * COUNT_IF(
        {primary_key_column} IS NULL
    ) / NULLIF(COUNT(*), 0) AS metric_value,
    COUNT_IF(
        {primary_key_column} IS NOT NULL
    ) AS passed_count,
    COUNT_IF(
        {primary_key_column} IS NULL
    ) AS failed_count,
    COUNT(*) AS total_count,
    COUNT(*) AS applicable_count
FROM {table}
",null,null,null,null,null,03_ISS_issuer_account,source/ISSUER/ISSUER_ACCOUNT_MANAGEMENT/03_iss_issuer_account,ISSUER,ISSUER_ACCOUNT_MANAGEMENT
467,3,K03,1,COLUMN,33,null,null,98.000000,>=,null,null,Standardization compliance %,PARAMETERIZED,Percentage of values matching configured canonical representation.,COLUMN,98.000000,STRING,CODE/ID/STATUS,"
{
  ""parameters"": [
    {
      ""name"": ""standardization_type"",
      ""label"": ""Standardization type"",
      ""control"": ""select"",
      ""required"": true,
      ""options"": [
        ""TRIM"",
        ""UPPERCASE"",
        ""LOWERCASE""
      ]
    }
  ]
}
","
SELECT
    100.0 * COUNT_IF(
        CASE
            WHEN {standardization_type} = TRIM
                THEN CAST({column} AS STRING) = TRIM(CAST({column} AS STRING))
            WHEN {standardization_type} = UPPERCASE
                THEN CAST({column} AS STRING) = UPPER(CAST({column} AS STRING))
            WHEN {standardization_type} = LOWERCASE
                THEN CAST({column} AS STRING) = LOWER(CAST({column} AS STRING))
            ELSE FALSE
        END
    ) / NULLIF(COUNT({column}), 0) AS metric_value,

    COUNT_IF(
        CASE
            WHEN {standardization_type} = TRIM
                THEN CAST({column} AS STRING) = TRIM(CAST({column} AS STRING))
            WHEN {standardization_type} = UPPERCASE
                THEN CAST({column} AS STRING) = UPPER(CAST({column} AS STRING))
            WHEN {standardization_type} = LOWERCASE
                THEN CAST({column} AS STRING) = LOWER(CAST({column} AS STRING))
            ELSE FALSE
        END
    ) AS passed_count,

    COUNT_IF(
        NOT (
            CASE
                WHEN {standardization_type} = TRIM
                    THEN CAST({column} AS STRING) = TRIM(CAST({column} AS STRING))
                WHEN {standardization_type} = UPPERCASE
                    THEN CAST({column} AS STRING) = UPPER(CAST({column} AS STRING))
                WHEN {standardization_type} = LOWERCASE
                    THEN CAST({column} AS STRING) = LOWER(CAST({column} AS STRING))
                ELSE FALSE
            END
        )
    ) AS failed_count,

    COUNT({column}) AS total_count,
    COUNT({column}) AS applicable_count
FROM {table}
WHERE {column} IS NOT NULL
",null,null,null,null,null,03_ISS_issuer_account,source/ISSUER/ISSUER_ACCOUNT_MANAGEMENT/03_iss_issuer_account,ISSUER,ISSUER_ACCOUNT_MANAGEMENT
569,3,P13,1,TABLE,null,null,null,null,null,null,null,Volume variance %,PARAMETERIZED,Percentage variance between current and baseline row volume.,TABLE,null,ALL,ANY,"{
          ""parameters"":[
            {
              ""name"":""baseline_row_count"",
              ""label"":""Baseline row count"",
              ""control"":""number"",
              ""min"":0,
              ""required"":true
            }
          ]
        }","
SELECT
    100.0 * ABS(
        COUNT(*) - {baseline_row_count}
    ) / NULLIF({baseline_row_count}, 0) AS metric_value,
    1 AS passed_count,
    0 AS failed_count,
    1 AS total_count,
    1 AS applicable_count
FROM {table}
",null,null,null,null,null,03_ISS_issuer_account,source/ISSUER/ISSUER_ACCOUNT_MANAGEMENT/03_iss_issuer_account,ISSUER,ISSUER_ACCOUNT_MANAGEMENT
570,3,P14,1,TABLE,null,null,null,99.000000,>=,null,null,Schema compliance %,PARAMETERIZED,Percentage of expected schema columns matching actual name and type.,TABLE,99.000000,ALL,ANY,"{
          ""parameters"":[
            {
              ""name"":""expected_schema"",
              ""label"":""Expected schema"",
              ""control"":""schema_definition"",
              ""required"":true
            }
          ]
        }","
SELECT
    {schema_compliance_expression} AS metric_value,
    {schema_passed_expression} AS passed_count,
    {schema_failed_expression} AS failed_count,
    {expected_column_count} AS total_count,
    {expected_column_count} AS applicable_count
FROM {table}
",null,null,null,null,null,03_ISS_issuer_account,source/ISSUER/ISSUER_ACCOUNT_MANAGEMENT/03_iss_issuer_account,ISSUER,ISSUER_ACCOUNT_MANAGEMENT
571,3,T01,1,TABLE,null,null,null,98.000000,>=,null,null,SLA compliance %,PARAMETERIZED,Percentage of records meeting configured SLA.,TABLE / COLUMN,98.000000,ALL,DATE_TIME,"{
          ""parameters"":[
            {
              ""name"":""sla_condition"",
              ""label"":""SLA condition"",
              ""control"":""expression"",
              ""required"":true
            }
          ]
        }","
SELECT
    100.0 * COUNT_IF({sla_condition})
        / NULLIF(COUNT(*), 0) AS metric_value,
    COUNT_IF({sla_condition}) AS passed_count,
    COUNT_IF(NOT ({sla_condition})) AS failed_count,
    COUNT(*) AS total_count,
    COUNT(*) AS applicable_count
FROM {table}
",null,null,null,null,null,03_ISS_issuer_account,source/ISSUER/ISSUER_ACCOUNT_MANAGEMENT/03_iss_issuer_account,ISSUER,ISSUER_ACCOUNT_MANAGEMENT
572,3,T02,1,TABLE,null,null,null,null,<=,null,null,Freshness age,PARAMETERIZED,Age of the most recent data timestamp.,TABLE / COLUMN,null,DATE/TIMESTAMP,DATE_TIME,"{
          ""parameters"":[
            {
              ""name"":""time_unit"",
              ""label"":""Time unit"",
              ""control"":""select"",
              ""options"":[""MINUTE"",""HOUR"",""DAY""],
              ""required"":true
            }
          ]
        }","
SELECT
    CAST(
        TIMESTAMPDIFF(
            {time_unit},
            MAX({column}),
            CURRENT_TIMESTAMP()
        )
        AS DOUBLE
    ) AS metric_value,

    0 AS passed_count,
    0 AS failed_count,
    COUNT(*) AS total_count,
    COUNT({column}) AS applicable_count
FROM {table}
",null,null,null,null,null,03_ISS_issuer_account,source/ISSUER/ISSUER_ACCOUNT_MANAGEMENT/03_iss_issuer_account,ISSUER,ISSUER_ACCOUNT_MANAGEMENT
573,3,T03,1,TABLE,null,null,null,null,<=,null,null,Average latency,PARAMETERIZED,Average difference between source and ingestion timestamps.,TABLE / COLUMN,null,DATE/TIMESTAMP,DATE_TIME,"{
          ""parameters"":[
            {
              ""name"":""source_timestamp_column"",
              ""label"":""Source timestamp column"",
              ""control"":""column_select"",
              ""required"":true
            },
            {
              ""name"":""ingestion_timestamp_column"",
              ""label"":""Ingestion timestamp column"",
              ""control"":""column_select"",
              ""required"":true
            },
            {
              ""name"":""time_unit"",
              ""label"":""Time unit"",
              ""control"":""select"",
              ""options"":[""SECOND"",""MINUTE"",""HOUR"",""DAY""],
              ""required"":true
            }
          ]
        }","
SELECT
    CAST(
        AVG(
            TIMESTAMPDIFF(
                {time_unit},
                {source_timestamp_column},
                {ingestion_timestamp_column}
            )
        )
        AS DOUBLE
    ) AS metric_value,

    0 AS passed_count,
    0 AS failed_count,
    COUNT(*) AS total_count,
    COUNT(*) AS applicable_count
FROM {table}
WHERE {source_timestamp_column} IS NOT NULL
  AND {ingestion_timestamp_column} IS NOT NULL
",null,null,null,null,null,03_ISS_issuer_account,source/ISSUER/ISSUER_ACCOUNT_MANAGEMENT/03_iss_issuer_account,ISSUER,ISSUER_ACCOUNT_MANAGEMENT
574,3,T04,1,TABLE,null,null,null,null,<=,null,null,Maximum latency,PARAMETERIZED,Maximum difference between source and ingestion timestamps.,TABLE / COLUMN,null,DATE/TIMESTAMP,DATE_TIME,"{
          ""parameters"":[
            {
              ""name"":""source_timestamp_column"",
              ""label"":""Source timestamp column"",
              ""control"":""column_select"",
              ""required"":true
            },
            {
              ""name"":""ingestion_timestamp_column"",
              ""label"":""Ingestion timestamp column"",
              ""control"":""column_select"",
              ""required"":true
            },
            {
              ""name"":""time_unit"",
              ""label"":""Time unit"",
              ""control"":""select"",
              ""options"":[""SECOND"",""MINUTE"",""HOUR"",""DAY""],
              ""required"":true
            }
          ]
        }","
SELECT
    CAST(
        MAX(
            TIMESTAMPDIFF(
                {time_unit},
                {source_timestamp_column},
                {ingestion_timestamp_column}
            )
        )
        AS DOUBLE
    ) AS metric_value,

    0 AS passed_count,
    0 AS failed_count,
    COUNT(*) AS total_count,
    COUNT(*) AS applicable_count
FROM {table}
WHERE {source_timestamp_column} IS NOT NULL
  AND {ingestion_timestamp_column} IS NOT NULL
",null,null,null,null,null,03_ISS_issuer_account,source/ISSUER/ISSUER_ACCOUNT_MANAGEMENT/03_iss_issuer_account,ISSUER,ISSUER_ACCOUNT_MANAGEMENT
575,3,T05,1,TABLE,null,null,null,2.000000,<=,null,null,Late-record %,PARAMETERIZED,Percentage of records arriving later than configured expectation.,TABLE / COLUMN,2.000000,ALL,DATE_TIME,"{
  ""parameters"": [
    {
      ""name"": ""arrival_timestamp_column"",
      ""label"": ""Arrival timestamp column"",
      ""control"": ""column_select"",
      ""required"": true
    },
    {
      ""name"": ""expected_arrival"",
      ""label"": ""Expected arrival"",
      ""control"": ""datetime"",
      ""required"": true
    }
  ]
}","
SELECT
    100.0 * COUNT_IF(
        {arrival_timestamp_column} > {expected_arrival}
    ) / NULLIF(COUNT(*), 0) AS metric_value,
    COUNT_IF(
        {arrival_timestamp_column} <= {expected_arrival}
    ) AS passed_count,
    COUNT_IF(
        {arrival_timestamp_column} > {expected_arrival}
    ) AS failed_count,
    COUNT(*) AS total_count,
    COUNT(*) AS applicable_count
FROM {table}
WHERE {arrival_timestamp_column} IS NOT NULL
",null,null,null,null,null,03_ISS_issuer_account,source/ISSUER/ISSUER_ACCOUNT_MANAGEMENT/03_iss_issuer_account,ISSUER,ISSUER_ACCOUNT_MANAGEMENT
576,3,T06,1,TABLE,null,null,null,99.000000,>=,null,null,Expected-arrival coverage %,PARAMETERIZED,Percentage of expected arrivals actually received.,TABLE,99.000000,ALL,ANY,"
{
  ""parameters"": [
    {
      ""name"": ""arrival_condition"",
      ""label"": ""Arrival condition"",
      ""control"": ""expression"",
      ""required"": true
    },
    {
      ""name"": ""expected_arrival_count"",
      ""label"": ""Expected arrival count"",
      ""control"": ""number"",
      ""required"": true
    }
  ]
}
","
SELECT
    100.0 * COUNT_IF({arrival_condition})
        / NULLIF({expected_arrival_count}, 0) AS metric_value,
    COUNT_IF({arrival_condition}) AS passed_count,
    COUNT_IF(NOT ({arrival_condition})) AS failed_count,
    {expected_arrival_count} AS total_count,
    {expected_arrival_count} AS applicable_count
FROM {table}
",null,null,null,null,null,03_ISS_issuer_account,source/ISSUER/ISSUER_ACCOUNT_MANAGEMENT/03_iss_issuer_account,ISSUER,ISSUER_ACCOUNT_MANAGEMENT
578,3,U04,1,TABLE,null,null,null,100.000000,>=,null,null,Primary-key compliance %,PARAMETERIZED,Percentage of records having a non-null unique primary key.,TABLE,100.000000,ALL,ANY,"{
          ""parameters"":[
            {
              ""name"":""primary_key_column"",
              ""label"":""Primary key column"",
              ""control"":""column_select"",
              ""required"":true
            }
          ]
        }","
WITH key_stats AS (
    SELECT
        COUNT(*) AS total_count,
        COUNT({primary_key_column}) AS non_null_count,
        COUNT(DISTINCT {primary_key_column}) AS distinct_count
    FROM {table}
)
SELECT
    100.0 *
    CASE
        WHEN total_count = 0 THEN 100.0
        WHEN non_null_count = total_count
             AND distinct_count = total_count
        THEN 100.0
        ELSE 0.0
    END AS metric_value,

    CASE
        WHEN non_null_count = total_count
             AND distinct_count = total_count
        THEN total_count
        ELSE 0
    END AS passed_count,

    CASE
        WHEN non_null_count = total_count
             AND distinct_count = total_count
        THEN 0
        ELSE total_count
    END AS failed_count,

    total_count,
    total_count AS applicable_count
FROM key_stats
",null,null,null,null,null,03_ISS_issuer_account,source/ISSUER/ISSUER_ACCOUNT_MANAGEMENT/03_iss_issuer_account,ISSUER,ISSUER_ACCOUNT_MANAGEMENT
579,3,U05,1,TABLE,null,null,null,100.000000,>=,null,null,Composite-key uniqueness %,PARAMETERIZED,Percentage of applicable records with unique configured composite key.,TABLE,100.000000,ALL,ANY,"{
          ""parameters"":[
            {
              ""name"":""composite_key_columns"",
              ""label"":""Composite key columns"",
              ""control"":""column_multi_select"",
              ""required"":true
            }
          ]
        }","
SELECT
    100.0 * COUNT_IF(unique_key_flag = 1)
        / NULLIF(COUNT(*), 0) AS metric_value,
    COUNT_IF(unique_key_flag = 1) AS passed_count,
    COUNT_IF(unique_key_flag = 0) AS failed_count,
    COUNT(*) AS total_count,
    COUNT(*) AS applicable_count
FROM (
    SELECT
        {composite_key_columns},
        CASE
            WHEN COUNT(*) OVER (
                PARTITION BY {composite_key_columns}
            ) = 1 THEN 1
            ELSE 0
        END AS unique_key_flag
    FROM {table}
) keyed_rows
",null,null,null,null,null,03_ISS_issuer_account,source/ISSUER/ISSUER_ACCOUNT_MANAGEMENT/03_iss_issuer_account,ISSUER,ISSUER_ACCOUNT_MANAGEMENT
544,4,C05,1,TABLE,null,null,null,95.000000,>=,null,null,Record completeness %,PARAMETERIZED,Average completeness across configured required fields.,TABLE,95.000000,ALL,ANY,"{
          ""parameters"":[
            {
              ""name"":""required_columns"",
              ""label"":""Required columns"",
              ""control"":""column_multi_select"",
              ""required"":true
            }
          ]
        }","
SELECT
    100.0 * COUNT_IF({required_columns_condition})
        / NULLIF(COUNT(*), 0) AS metric_value,
    COUNT_IF({required_columns_condition}) AS passed_count,
    COUNT_IF(NOT ({required_columns_condition})) AS failed_count,
    COUNT(*) AS total_count,
    COUNT(*) AS applicable_count
FROM {table}
",null,null,null,null,null,03_ISS_institution,source/ISSUER/ISSUER_INSTITUTION_MANAGEMENT/03_iss_institution,ISSUER,ISSUER_INSTITUTION_MANAGEMENT
545,4,C07,1,TABLE,null,null,null,95.000000,>=,null,null,Selected-column completeness %,PARAMETERIZED,Percentage of records where all configured selected columns are populated.,TABLE,95.000000,ALL,ANY,"{
          ""parameters"":[
            {
              ""name"":""selected_columns"",
              ""label"":""Selected columns"",
              ""control"":""column_multi_select"",
              ""required"":true
            }
          ]
        }","
SELECT
    100.0 * COUNT_IF({selected_columns_condition})
        / NULLIF(COUNT(*), 0) AS metric_value,
    COUNT_IF({selected_columns_condition}) AS passed_count,
    COUNT_IF(NOT ({selected_columns_condition})) AS failed_count,
    COUNT(*) AS total_count,
    COUNT(*) AS applicable_count
FROM {table}
",null,null,null,null,null,03_ISS_institution,source/ISSUER/ISSUER_INSTITUTION_MANAGEMENT/03_iss_institution,ISSUER,ISSUER_INSTITUTION_MANAGEMENT
546,4,I04,1,TABLE,null,null,null,0.000000,<=,null,null,Primary-key null %,PARAMETERIZED,Percentage of records where the configured primary key is NULL.,TABLE,0.000000,ALL,ID,"{
          ""parameters"":[
            {
              ""name"":""primary_key_column"",
              ""label"":""Primary key column"",
              ""control"":""column_select"",
              ""required"":true
            }
          ]
        }","
SELECT
    100.0 * COUNT_IF(
        {primary_key_column} IS NULL
    ) / NULLIF(COUNT(*), 0) AS metric_value,
    COUNT_IF(
        {primary_key_column} IS NOT NULL
    ) AS passed_count,
    COUNT_IF(
        {primary_key_column} IS NULL
    ) AS failed_count,
    COUNT(*) AS total_count,
    COUNT(*) AS applicable_count
FROM {table}
",null,null,null,null,null,03_ISS_institution,source/ISSUER/ISSUER_INSTITUTION_MANAGEMENT/03_iss_institution,ISSUER,ISSUER_INSTITUTION_MANAGEMENT
447,4,K03,1,COLUMN,42,null,null,98.000000,>=,null,null,Standardization compliance %,PARAMETERIZED,Percentage of values matching configured canonical representation.,COLUMN,98.000000,STRING,CODE/ID/STATUS,"
{
  ""parameters"": [
    {
      ""name"": ""standardization_type"",
      ""label"": ""Standardization type"",
      ""control"": ""select"",
      ""required"": true,
      ""options"": [
        ""TRIM"",
        ""UPPERCASE"",
        ""LOWERCASE""
      ]
    }
  ]
}
","
SELECT
    100.0 * COUNT_IF(
        CASE
            WHEN {standardization_type} = TRIM
                THEN CAST({column} AS STRING) = TRIM(CAST({column} AS STRING))
            WHEN {standardization_type} = UPPERCASE
                THEN CAST({column} AS STRING) = UPPER(CAST({column} AS STRING))
            WHEN {standardization_type} = LOWERCASE
                THEN CAST({column} AS STRING) = LOWER(CAST({column} AS STRING))
            ELSE FALSE
        END
    ) / NULLIF(COUNT({column}), 0) AS metric_value,

    COUNT_IF(
        CASE
            WHEN {standardization_type} = TRIM
                THEN CAST({column} AS STRING) = TRIM(CAST({column} AS STRING))
            WHEN {standardization_type} = UPPERCASE
                THEN CAST({column} AS STRING) = UPPER(CAST({column} AS STRING))
            WHEN {standardization_type} = LOWERCASE
                THEN CAST({column} AS STRING) = LOWER(CAST({column} AS STRING))
            ELSE FALSE
        END
    ) AS passed_count,

    COUNT_IF(
        NOT (
            CASE
                WHEN {standardization_type} = TRIM
                    THEN CAST({column} AS STRING) = TRIM(CAST({column} AS STRING))
                WHEN {standardization_type} = UPPERCASE
                    THEN CAST({column} AS STRING) = UPPER(CAST({column} AS STRING))
                WHEN {standardization_type} = LOWERCASE
                    THEN CAST({column} AS STRING) = LOWER(CAST({column} AS STRING))
                ELSE FALSE
            END
        )
    ) AS failed_count,

    COUNT({column}) AS total_count,
    COUNT({column}) AS applicable_count
FROM {table}
WHERE {column} IS NOT NULL
",null,null,null,null,null,03_ISS_institution,source/ISSUER/ISSUER_INSTITUTION_MANAGEMENT/03_iss_institution,ISSUER,ISSUER_INSTITUTION_MANAGEMENT
549,4,P13,1,TABLE,null,null,null,null,null,null,null,Volume variance %,PARAMETERIZED,Percentage variance between current and baseline row volume.,TABLE,null,ALL,ANY,"{
          ""parameters"":[
            {
              ""name"":""baseline_row_count"",
              ""label"":""Baseline row count"",
              ""control"":""number"",
              ""min"":0,
              ""required"":true
            }
          ]
        }","
SELECT
    100.0 * ABS(
        COUNT(*) - {baseline_row_count}
    ) / NULLIF({baseline_row_count}, 0) AS metric_value,
    1 AS passed_count,
    0 AS failed_count,
    1 AS total_count,
    1 AS applicable_count
FROM {table}
",null,null,null,null,null,03_ISS_institution,source/ISSUER/ISSUER_INSTITUTION_MANAGEMENT/03_iss_institution,ISSUER,ISSUER_INSTITUTION_MANAGEMENT
550,4,P14,1,TABLE,null,null,null,99.000000,>=,null,null,Schema compliance %,PARAMETERIZED,Percentage of expected schema columns matching actual name and type.,TABLE,99.000000,ALL,ANY,"{
          ""parameters"":[
            {
              ""name"":""expected_schema"",
              ""label"":""Expected schema"",
              ""control"":""schema_definition"",
              ""required"":true
            }
          ]
        }","
SELECT
    {schema_compliance_expression} AS metric_value,
    {schema_passed_expression} AS passed_count,
    {schema_failed_expression} AS failed_count,
    {expected_column_count} AS total_count,
    {expected_column_count} AS applicable_count
FROM {table}
",null,null,null,null,null,03_ISS_institution,source/ISSUER/ISSUER_INSTITUTION_MANAGEMENT/03_iss_institution,ISSUER,ISSUER_INSTITUTION_MANAGEMENT
551,4,T01,1,TABLE,null,null,null,98.000000,>=,null,null,SLA compliance %,PARAMETERIZED,Percentage of records meeting configured SLA.,TABLE / COLUMN,98.000000,ALL,DATE_TIME,"{
          ""parameters"":[
            {
              ""name"":""sla_condition"",
              ""label"":""SLA condition"",
              ""control"":""expression"",
              ""required"":true
            }
          ]
        }","
SELECT
    100.0 * COUNT_IF({sla_condition})
        / NULLIF(COUNT(*), 0) AS metric_value,
    COUNT_IF({sla_condition}) AS passed_count,
    COUNT_IF(NOT ({sla_condition})) AS failed_count,
    COUNT(*) AS total_count,
    COUNT(*) AS applicable_count
FROM {table}
",null,null,null,null,null,03_ISS_institution,source/ISSUER/ISSUER_INSTITUTION_MANAGEMENT/03_iss_institution,ISSUER,ISSUER_INSTITUTION_MANAGEMENT
552,4,T02,1,TABLE,null,null,null,null,<=,null,null,Freshness age,PARAMETERIZED,Age of the most recent data timestamp.,TABLE / COLUMN,null,DATE/TIMESTAMP,DATE_TIME,"{
          ""parameters"":[
            {
              ""name"":""time_unit"",
              ""label"":""Time unit"",
              ""control"":""select"",
              ""options"":[""MINUTE"",""HOUR"",""DAY""],
              ""required"":true
            }
          ]
        }","
SELECT
    CAST(
        TIMESTAMPDIFF(
            {time_unit},
            MAX({column}),
            CURRENT_TIMESTAMP()
        )
        AS DOUBLE
    ) AS metric_value,

    0 AS passed_count,
    0 AS failed_count,
    COUNT(*) AS total_count,
    COUNT({column}) AS applicable_count
FROM {table}
",null,null,null,null,null,03_ISS_institution,source/ISSUER/ISSUER_INSTITUTION_MANAGEMENT/03_iss_institution,ISSUER,ISSUER_INSTITUTION_MANAGEMENT
553,4,T03,1,TABLE,null,null,null,null,<=,null,null,Average latency,PARAMETERIZED,Average difference between source and ingestion timestamps.,TABLE / COLUMN,null,DATE/TIMESTAMP,DATE_TIME,"{
          ""parameters"":[
            {
              ""name"":""source_timestamp_column"",
              ""label"":""Source timestamp column"",
              ""control"":""column_select"",
              ""required"":true
            },
            {
              ""name"":""ingestion_timestamp_column"",
              ""label"":""Ingestion timestamp column"",
              ""control"":""column_select"",
              ""required"":true
            },
            {
              ""name"":""time_unit"",
              ""label"":""Time unit"",
              ""control"":""select"",
              ""options"":[""SECOND"",""MINUTE"",""HOUR"",""DAY""],
              ""required"":true
            }
          ]
        }","
SELECT
    CAST(
        AVG(
            TIMESTAMPDIFF(
                {time_unit},
                {source_timestamp_column},
                {ingestion_timestamp_column}
            )
        )
        AS DOUBLE
    ) AS metric_value,

    0 AS passed_count,
    0 AS failed_count,
    COUNT(*) AS total_count,
    COUNT(*) AS applicable_count
FROM {table}
WHERE {source_timestamp_column} IS NOT NULL
  AND {ingestion_timestamp_column} IS NOT NULL
",null,null,null,null,null,03_ISS_institution,source/ISSUER/ISSUER_INSTITUTION_MANAGEMENT/03_iss_institution,ISSUER,ISSUER_INSTITUTION_MANAGEMENT
554,4,T04,1,TABLE,null,null,null,null,<=,null,null,Maximum latency,PARAMETERIZED,Maximum difference between source and ingestion timestamps.,TABLE / COLUMN,null,DATE/TIMESTAMP,DATE_TIME,"{
          ""parameters"":[
            {
              ""name"":""source_timestamp_column"",
              ""label"":""Source timestamp column"",
              ""control"":""column_select"",
              ""required"":true
            },
            {
              ""name"":""ingestion_timestamp_column"",
              ""label"":""Ingestion timestamp column"",
              ""control"":""column_select"",
              ""required"":true
            },
            {
              ""name"":""time_unit"",
              ""label"":""Time unit"",
              ""control"":""select"",
              ""options"":[""SECOND"",""MINUTE"",""HOUR"",""DAY""],
              ""required"":true
            }
          ]
        }","
SELECT
    CAST(
        MAX(
            TIMESTAMPDIFF(
                {time_unit},
                {source_timestamp_column},
                {ingestion_timestamp_column}
            )
        )
        AS DOUBLE
    ) AS metric_value,

    0 AS passed_count,
    0 AS failed_count,
    COUNT(*) AS total_count,
    COUNT(*) AS applicable_count
FROM {table}
WHERE {source_timestamp_column} IS NOT NULL
  AND {ingestion_timestamp_column} IS NOT NULL
",null,null,null,null,null,03_ISS_institution,source/ISSUER/ISSUER_INSTITUTION_MANAGEMENT/03_iss_institution,ISSUER,ISSUER_INSTITUTION_MANAGEMENT
555,4,T05,1,TABLE,null,null,null,2.000000,<=,null,null,Late-record %,PARAMETERIZED,Percentage of records arriving later than configured expectation.,TABLE / COLUMN,2.000000,ALL,DATE_TIME,"{
  ""parameters"": [
    {
      ""name"": ""arrival_timestamp_column"",
      ""label"": ""Arrival timestamp column"",
      ""control"": ""column_select"",
      ""required"": true
    },
    {
      ""name"": ""expected_arrival"",
      ""label"": ""Expected arrival"",
      ""control"": ""datetime"",
      ""required"": true
    }
  ]
}","
SELECT
    100.0 * COUNT_IF(
        {arrival_timestamp_column} > {expected_arrival}
    ) / NULLIF(COUNT(*), 0) AS metric_value,
    COUNT_IF(
        {arrival_timestamp_column} <= {expected_arrival}
    ) AS passed_count,
    COUNT_IF(
        {arrival_timestamp_column} > {expected_arrival}
    ) AS failed_count,
    COUNT(*) AS total_count,
    COUNT(*) AS applicable_count
FROM {table}
WHERE {arrival_timestamp_column} IS NOT NULL
",null,null,null,null,null,03_ISS_institution,source/ISSUER/ISSUER_INSTITUTION_MANAGEMENT/03_iss_institution,ISSUER,ISSUER_INSTITUTION_MANAGEMENT
556,4,T06,1,TABLE,null,null,null,99.000000,>=,null,null,Expected-arrival coverage %,PARAMETERIZED,Percentage of expected arrivals actually received.,TABLE,99.000000,ALL,ANY,"
{
  ""parameters"": [
    {
      ""name"": ""arrival_condition"",
      ""label"": ""Arrival condition"",
      ""control"": ""expression"",
      ""required"": true
    },
    {
      ""name"": ""expected_arrival_count"",
      ""label"": ""Expected arrival count"",
      ""control"": ""number"",
      ""required"": true
    }
  ]
}
","
SELECT
    100.0 * COUNT_IF({arrival_condition})
        / NULLIF({expected_arrival_count}, 0) AS metric_value,
    COUNT_IF({arrival_condition}) AS passed_count,
    COUNT_IF(NOT ({arrival_condition})) AS failed_count,
    {expected_arrival_count} AS total_count,
    {expected_arrival_count} AS applicable_count
FROM {table}
",null,null,null,null,null,03_ISS_institution,source/ISSUER/ISSUER_INSTITUTION_MANAGEMENT/03_iss_institution,ISSUER,ISSUER_INSTITUTION_MANAGEMENT
558,4,U04,1,TABLE,null,null,null,100.000000,>=,null,null,Primary-key compliance %,PARAMETERIZED,Percentage of records having a non-null unique primary key.,TABLE,100.000000,ALL,ANY,"{
          ""parameters"":[
            {
              ""name"":""primary_key_column"",
              ""label"":""Primary key column"",
              ""control"":""column_select"",
              ""required"":true
            }
          ]
        }","
WITH key_stats AS (
    SELECT
        COUNT(*) AS total_count,
        COUNT({primary_key_column}) AS non_null_count,
        COUNT(DISTINCT {primary_key_column}) AS distinct_count
    FROM {table}
)
SELECT
    100.0 *
    CASE
        WHEN total_count = 0 THEN 100.0
        WHEN non_null_count = total_count
             AND distinct_count = total_count
        THEN 100.0
        ELSE 0.0
    END AS metric_value,

    CASE
        WHEN non_null_count = total_count
             AND distinct_count = total_count
        THEN total_count
        ELSE 0
    END AS passed_count,

    CASE
        WHEN non_null_count = total_count
             AND distinct_count = total_count
        THEN 0
        ELSE total_count
    END AS failed_count,

    total_count,
    total_count AS applicable_count
FROM key_stats
",null,null,null,null,null,03_ISS_institution,source/ISSUER/ISSUER_INSTITUTION_MANAGEMENT/03_iss_institution,ISSUER,ISSUER_INSTITUTION_MANAGEMENT
559,4,U05,1,TABLE,null,null,null,100.000000,>=,null,null,Composite-key uniqueness %,PARAMETERIZED,Percentage of applicable records with unique configured composite key.,TABLE,100.000000,ALL,ANY,"{
          ""parameters"":[
            {
              ""name"":""composite_key_columns"",
              ""label"":""Composite key columns"",
              ""control"":""column_multi_select"",
              ""required"":true
            }
          ]
        }","
SELECT
    100.0 * COUNT_IF(unique_key_flag = 1)
        / NULLIF(COUNT(*), 0) AS metric_value,
    COUNT_IF(unique_key_flag = 1) AS passed_count,
    COUNT_IF(unique_key_flag = 0) AS failed_count,
    COUNT(*) AS total_count,
    COUNT(*) AS applicable_count
FROM (
    SELECT
        {composite_key_columns},
        CASE
            WHEN COUNT(*) OVER (
                PARTITION BY {composite_key_columns}
            ) = 1 THEN 1
            ELSE 0
        END AS unique_key_flag
    FROM {table}
) keyed_rows
",null,null,null,null,null,03_ISS_institution,source/ISSUER/ISSUER_INSTITUTION_MANAGEMENT/03_iss_institution,ISSUER,ISSUER_INSTITUTION_MANAGEMENT
524,5,C05,1,TABLE,null,null,null,95.000000,>=,null,null,Record completeness %,PARAMETERIZED,Average completeness across configured required fields.,TABLE,95.000000,ALL,ANY,"{
          ""parameters"":[
            {
              ""name"":""required_columns"",
              ""label"":""Required columns"",
              ""control"":""column_multi_select"",
              ""required"":true
            }
          ]
        }","
SELECT
    100.0 * COUNT_IF({required_columns_condition})
        / NULLIF(COUNT(*), 0) AS metric_value,
    COUNT_IF({required_columns_condition}) AS passed_count,
    COUNT_IF(NOT ({required_columns_condition})) AS failed_count,
    COUNT(*) AS total_count,
    COUNT(*) AS applicable_count
FROM {table}
",null,null,null,null,null,03_ISS_issuer_relationship,source/ISSUER/ISSUER_INSTITUTION_MANAGEMENT/03_iss_issuer_relationship,ISSUER,ISSUER_INSTITUTION_MANAGEMENT
525,5,C07,1,TABLE,null,null,null,95.000000,>=,null,null,Selected-column completeness %,PARAMETERIZED,Percentage of records where all configured selected columns are populated.,TABLE,95.000000,ALL,ANY,"{
          ""parameters"":[
            {
              ""name"":""selected_columns"",
              ""label"":""Selected columns"",
              ""control"":""column_multi_select"",
              ""required"":true
            }
          ]
        }","
SELECT
    100.0 * COUNT_IF({selected_columns_condition})
        / NULLIF(COUNT(*), 0) AS metric_value,
    COUNT_IF({selected_columns_condition}) AS passed_count,
    COUNT_IF(NOT ({selected_columns_condition})) AS failed_count,
    COUNT(*) AS total_count,
    COUNT(*) AS applicable_count
FROM {table}
",null,null,null,null,null,03_ISS_issuer_relationship,source/ISSUER/ISSUER_INSTITUTION_MANAGEMENT/03_iss_issuer_relationship,ISSUER,ISSUER_INSTITUTION_MANAGEMENT
526,5,I04,1,TABLE,null,null,null,0.000000,<=,null,null,Primary-key null %,PARAMETERIZED,Percentage of records where the configured primary key is NULL.,TABLE,0.000000,ALL,ID,"{
          ""parameters"":[
            {
              ""name"":""primary_key_column"",
              ""label"":""Primary key column"",
              ""control"":""column_select"",
              ""required"":true
            }
          ]
        }","
SELECT
    100.0 * COUNT_IF(
        {primary_key_column} IS NULL
    ) / NULLIF(COUNT(*), 0) AS metric_value,
    COUNT_IF(
        {primary_key_column} IS NOT NULL
    ) AS passed_count,
    COUNT_IF(
        {primary_key_column} IS NULL
    ) AS failed_count,
    COUNT(*) AS total_count,
    COUNT(*) AS applicable_count
FROM {table}
",null,null,null,null,null,03_ISS_issuer_relationship,source/ISSUER/ISSUER_INSTITUTION_MANAGEMENT/03_iss_issuer_relationship,ISSUER,ISSUER_INSTITUTION_MANAGEMENT
427,5,K03,1,COLUMN,50,null,null,98.000000,>=,null,null,Standardization compliance %,PARAMETERIZED,Percentage of values matching configured canonical representation.,COLUMN,98.000000,STRING,CODE/ID/STATUS,"
{
  ""parameters"": [
    {
      ""name"": ""standardization_type"",
      ""label"": ""Standardization type"",
      ""control"": ""select"",
      ""required"": true,
      ""options"": [
        ""TRIM"",
        ""UPPERCASE"",
        ""LOWERCASE""
      ]
    }
  ]
}
","
SELECT
    100.0 * COUNT_IF(
        CASE
            WHEN {standardization_type} = TRIM
                THEN CAST({column} AS STRING) = TRIM(CAST({column} AS STRING))
            WHEN {standardization_type} = UPPERCASE
                THEN CAST({column} AS STRING) = UPPER(CAST({column} AS STRING))
            WHEN {standardization_type} = LOWERCASE
                THEN CAST({column} AS STRING) = LOWER(CAST({column} AS STRING))
            ELSE FALSE
        END
    ) / NULLIF(COUNT({column}), 0) AS metric_value,

    COUNT_IF(
        CASE
            WHEN {standardization_type} = TRIM
                THEN CAST({column} AS STRING) = TRIM(CAST({column} AS STRING))
            WHEN {standardization_type} = UPPERCASE
                THEN CAST({column} AS STRING) = UPPER(CAST({column} AS STRING))
            WHEN {standardization_type} = LOWERCASE
                THEN CAST({column} AS STRING) = LOWER(CAST({column} AS STRING))
            ELSE FALSE
        END
    ) AS passed_count,

    COUNT_IF(
        NOT (
            CASE
                WHEN {standardization_type} = TRIM
                    THEN CAST({column} AS STRING) = TRIM(CAST({column} AS STRING))
                WHEN {standardization_type} = UPPERCASE
                    THEN CAST({column} AS STRING) = UPPER(CAST({column} AS STRING))
                WHEN {standardization_type} = LOWERCASE
                    THEN CAST({column} AS STRING) = LOWER(CAST({column} AS STRING))
                ELSE FALSE
            END
        )
    ) AS failed_count,

    COUNT({column}) AS total_count,
    COUNT({column}) AS applicable_count
FROM {table}
WHERE {column} IS NOT NULL
",null,null,null,null,null,03_ISS_issuer_relationship,source/ISSUER/ISSUER_INSTITUTION_MANAGEMENT/03_iss_issuer_relationship,ISSUER,ISSUER_INSTITUTION_MANAGEMENT
529,5,P13,1,TABLE,null,null,null,null,null,null,null,Volume variance %,PARAMETERIZED,Percentage variance between current and baseline row volume.,TABLE,null,ALL,ANY,"{
          ""parameters"":[
            {
              ""name"":""baseline_row_count"",
              ""label"":""Baseline row count"",
              ""control"":""number"",
              ""min"":0,
              ""required"":true
            }
          ]
        }","
SELECT
    100.0 * ABS(
        COUNT(*) - {baseline_row_count}
    ) / NULLIF({baseline_row_count}, 0) AS metric_value,
    1 AS passed_count,
    0 AS failed_count,
    1 AS total_count,
    1 AS applicable_count
FROM {table}
",null,null,null,null,null,03_ISS_issuer_relationship,source/ISSUER/ISSUER_INSTITUTION_MANAGEMENT/03_iss_issuer_relationship,ISSUER,ISSUER_INSTITUTION_MANAGEMENT
530,5,P14,1,TABLE,null,null,null,99.000000,>=,null,null,Schema compliance %,PARAMETERIZED,Percentage of expected schema columns matching actual name and type.,TABLE,99.000000,ALL,ANY,"{
          ""parameters"":[
            {
              ""name"":""expected_schema"",
              ""label"":""Expected schema"",
              ""control"":""schema_definition"",
              ""required"":true
            }
          ]
        }","
SELECT
    {schema_compliance_expression} AS metric_value,
    {schema_passed_expression} AS passed_count,
    {schema_failed_expression} AS failed_count,
    {expected_column_count} AS total_count,
    {expected_column_count} AS applicable_count
FROM {table}
",null,null,null,null,null,03_ISS_issuer_relationship,source/ISSUER/ISSUER_INSTITUTION_MANAGEMENT/03_iss_issuer_relationship,ISSUER,ISSUER_INSTITUTION_MANAGEMENT
531,5,T01,1,TABLE,null,null,null,98.000000,>=,null,null,SLA compliance %,PARAMETERIZED,Percentage of records meeting configured SLA.,TABLE / COLUMN,98.000000,ALL,DATE_TIME,"{
          ""parameters"":[
            {
              ""name"":""sla_condition"",
              ""label"":""SLA condition"",
              ""control"":""expression"",
              ""required"":true
            }
          ]
        }","
SELECT
    100.0 * COUNT_IF({sla_condition})
        / NULLIF(COUNT(*), 0) AS metric_value,
    COUNT_IF({sla_condition}) AS passed_count,
    COUNT_IF(NOT ({sla_condition})) AS failed_count,
    COUNT(*) AS total_count,
    COUNT(*) AS applicable_count
FROM {table}
",null,null,null,null,null,03_ISS_issuer_relationship,source/ISSUER/ISSUER_INSTITUTION_MANAGEMENT/03_iss_issuer_relationship,ISSUER,ISSUER_INSTITUTION_MANAGEMENT
532,5,T02,1,TABLE,null,null,null,null,<=,null,null,Freshness age,PARAMETERIZED,Age of the most recent data timestamp.,TABLE / COLUMN,null,DATE/TIMESTAMP,DATE_TIME,"{
          ""parameters"":[
            {
              ""name"":""time_unit"",
              ""label"":""Time unit"",
              ""control"":""select"",
              ""options"":[""MINUTE"",""HOUR"",""DAY""],
              ""required"":true
            }
          ]
        }","
SELECT
    CAST(
        TIMESTAMPDIFF(
            {time_unit},
            MAX({column}),
            CURRENT_TIMESTAMP()
        )
        AS DOUBLE
    ) AS metric_value,

    0 AS passed_count,
    0 AS failed_count,
    COUNT(*) AS total_count,
    COUNT({column}) AS applicable_count
FROM {table}
",null,null,null,null,null,03_ISS_issuer_relationship,source/ISSUER/ISSUER_INSTITUTION_MANAGEMENT/03_iss_issuer_relationship,ISSUER,ISSUER_INSTITUTION_MANAGEMENT
533,5,T03,1,TABLE,null,null,null,null,<=,null,null,Average latency,PARAMETERIZED,Average difference between source and ingestion timestamps.,TABLE / COLUMN,null,DATE/TIMESTAMP,DATE_TIME,"{
          ""parameters"":[
            {
              ""name"":""source_timestamp_column"",
              ""label"":""Source timestamp column"",
              ""control"":""column_select"",
              ""required"":true
            },
            {
              ""name"":""ingestion_timestamp_column"",
              ""label"":""Ingestion timestamp column"",
              ""control"":""column_select"",
              ""required"":true
            },
            {
              ""name"":""time_unit"",
              ""label"":""Time unit"",
              ""control"":""select"",
              ""options"":[""SECOND"",""MINUTE"",""HOUR"",""DAY""],
              ""required"":true
            }
          ]
        }","
SELECT
    CAST(
        AVG(
            TIMESTAMPDIFF(
                {time_unit},
                {source_timestamp_column},
                {ingestion_timestamp_column}
            )
        )
        AS DOUBLE
    ) AS metric_value,

    0 AS passed_count,
    0 AS failed_count,
    COUNT(*) AS total_count,
    COUNT(*) AS applicable_count
FROM {table}
WHERE {source_timestamp_column} IS NOT NULL
  AND {ingestion_timestamp_column} IS NOT NULL
",null,null,null,null,null,03_ISS_issuer_relationship,source/ISSUER/ISSUER_INSTITUTION_MANAGEMENT/03_iss_issuer_relationship,ISSUER,ISSUER_INSTITUTION_MANAGEMENT
534,5,T04,1,TABLE,null,null,null,null,<=,null,null,Maximum latency,PARAMETERIZED,Maximum difference between source and ingestion timestamps.,TABLE / COLUMN,null,DATE/TIMESTAMP,DATE_TIME,"{
          ""parameters"":[
            {
              ""name"":""source_timestamp_column"",
              ""label"":""Source timestamp column"",
              ""control"":""column_select"",
              ""required"":true
            },
            {
              ""name"":""ingestion_timestamp_column"",
              ""label"":""Ingestion timestamp column"",
              ""control"":""column_select"",
              ""required"":true
            },
            {
              ""name"":""time_unit"",
              ""label"":""Time unit"",
              ""control"":""select"",
              ""options"":[""SECOND"",""MINUTE"",""HOUR"",""DAY""],
              ""required"":true
            }
          ]
        }","
SELECT
    CAST(
        MAX(
            TIMESTAMPDIFF(
                {time_unit},
                {source_timestamp_column},
                {ingestion_timestamp_column}
            )
        )
        AS DOUBLE
    ) AS metric_value,

    0 AS passed_count,
    0 AS failed_count,
    COUNT(*) AS total_count,
    COUNT(*) AS applicable_count
FROM {table}
WHERE {source_timestamp_column} IS NOT NULL
  AND {ingestion_timestamp_column} IS NOT NULL
",null,null,null,null,null,03_ISS_issuer_relationship,source/ISSUER/ISSUER_INSTITUTION_MANAGEMENT/03_iss_issuer_relationship,ISSUER,ISSUER_INSTITUTION_MANAGEMENT
535,5,T05,1,TABLE,null,null,null,2.000000,<=,null,null,Late-record %,PARAMETERIZED,Percentage of records arriving later than configured expectation.,TABLE / COLUMN,2.000000,ALL,DATE_TIME,"{
  ""parameters"": [
    {
      ""name"": ""arrival_timestamp_column"",
      ""label"": ""Arrival timestamp column"",
      ""control"": ""column_select"",
      ""required"": true
    },
    {
      ""name"": ""expected_arrival"",
      ""label"": ""Expected arrival"",
      ""control"": ""datetime"",
      ""required"": true
    }
  ]
}","
SELECT
    100.0 * COUNT_IF(
        {arrival_timestamp_column} > {expected_arrival}
    ) / NULLIF(COUNT(*), 0) AS metric_value,
    COUNT_IF(
        {arrival_timestamp_column} <= {expected_arrival}
    ) AS passed_count,
    COUNT_IF(
        {arrival_timestamp_column} > {expected_arrival}
    ) AS failed_count,
    COUNT(*) AS total_count,
    COUNT(*) AS applicable_count
FROM {table}
WHERE {arrival_timestamp_column} IS NOT NULL
",null,null,null,null,null,03_ISS_issuer_relationship,source/ISSUER/ISSUER_INSTITUTION_MANAGEMENT/03_iss_issuer_relationship,ISSUER,ISSUER_INSTITUTION_MANAGEMENT
536,5,T06,1,TABLE,null,null,null,99.000000,>=,null,null,Expected-arrival coverage %,PARAMETERIZED,Percentage of expected arrivals actually received.,TABLE,99.000000,ALL,ANY,"
{
  ""parameters"": [
    {
      ""name"": ""arrival_condition"",
      ""label"": ""Arrival condition"",
      ""control"": ""expression"",
      ""required"": true
    },
    {
      ""name"": ""expected_arrival_count"",
      ""label"": ""Expected arrival count"",
      ""control"": ""number"",
      ""required"": true
    }
  ]
}
","
SELECT
    100.0 * COUNT_IF({arrival_condition})
        / NULLIF({expected_arrival_count}, 0) AS metric_value,
    COUNT_IF({arrival_condition}) AS passed_count,
    COUNT_IF(NOT ({arrival_condition})) AS failed_count,
    {expected_arrival_count} AS total_count,
    {expected_arrival_count} AS applicable_count
FROM {table}
",null,null,null,null,null,03_ISS_issuer_relationship,source/ISSUER/ISSUER_INSTITUTION_MANAGEMENT/03_iss_issuer_relationship,ISSUER,ISSUER_INSTITUTION_MANAGEMENT
538,5,U04,1,TABLE,null,null,null,100.000000,>=,null,null,Primary-key compliance %,PARAMETERIZED,Percentage of records having a non-null unique primary key.,TABLE,100.000000,ALL,ANY,"{
          ""parameters"":[
            {
              ""name"":""primary_key_column"",
              ""label"":""Primary key column"",
              ""control"":""column_select"",
              ""required"":true
            }
          ]
        }","
WITH key_stats AS (
    SELECT
        COUNT(*) AS total_count,
        COUNT({primary_key_column}) AS non_null_count,
        COUNT(DISTINCT {primary_key_column}) AS distinct_count
    FROM {table}
)
SELECT
    100.0 *
    CASE
        WHEN total_count = 0 THEN 100.0
        WHEN non_null_count = total_count
             AND distinct_count = total_count
        THEN 100.0
        ELSE 0.0
    END AS metric_value,

    CASE
        WHEN non_null_count = total_count
             AND distinct_count = total_count
        THEN total_count
        ELSE 0
    END AS passed_count,

    CASE
        WHEN non_null_count = total_count
             AND distinct_count = total_count
        THEN 0
        ELSE total_count
    END AS failed_count,

    total_count,
    total_count AS applicable_count
FROM key_stats
",null,null,null,null,null,03_ISS_issuer_relationship,source/ISSUER/ISSUER_INSTITUTION_MANAGEMENT/03_iss_issuer_relationship,ISSUER,ISSUER_INSTITUTION_MANAGEMENT
539,5,U05,1,TABLE,null,null,null,100.000000,>=,null,null,Composite-key uniqueness %,PARAMETERIZED,Percentage of applicable records with unique configured composite key.,TABLE,100.000000,ALL,ANY,"{
          ""parameters"":[
            {
              ""name"":""composite_key_columns"",
              ""label"":""Composite key columns"",
              ""control"":""column_multi_select"",
              ""required"":true
            }
          ]
        }","
SELECT
    100.0 * COUNT_IF(unique_key_flag = 1)
        / NULLIF(COUNT(*), 0) AS metric_value,
    COUNT_IF(unique_key_flag = 1) AS passed_count,
    COUNT_IF(unique_key_flag = 0) AS failed_count,
    COUNT(*) AS total_count,
    COUNT(*) AS applicable_count
FROM (
    SELECT
        {composite_key_columns},
        CASE
            WHEN COUNT(*) OVER (
                PARTITION BY {composite_key_columns}
            ) = 1 THEN 1
            ELSE 0
        END AS unique_key_flag
    FROM {table}
) keyed_rows
",null,null,null,null,null,03_ISS_issuer_relationship,source/ISSUER/ISSUER_INSTITUTION_MANAGEMENT/03_iss_issuer_relationship,ISSUER,ISSUER_INSTITUTION_MANAGEMENT
504,6,C05,1,TABLE,null,null,null,95.000000,>=,null,null,Record completeness %,PARAMETERIZED,Average completeness across configured required fields.,TABLE,95.000000,ALL,ANY,"{
          ""parameters"":[
            {
              ""name"":""required_columns"",
              ""label"":""Required columns"",
              ""control"":""column_multi_select"",
              ""required"":true
            }
          ]
        }","
SELECT
    100.0 * COUNT_IF({required_columns_condition})
        / NULLIF(COUNT(*), 0) AS metric_value,
    COUNT_IF({required_columns_condition}) AS passed_count,
    COUNT_IF(NOT ({required_columns_condition})) AS failed_count,
    COUNT(*) AS total_count,
    COUNT(*) AS applicable_count
FROM {table}
",null,null,null,null,null,03_ISS_issuer,source/ISSUER/ISSUER_INSTITUTION_MANAGEMENT/03_iss_issuer,ISSUER,ISSUER_INSTITUTION_MANAGEMENT
505,6,C07,1,TABLE,null,null,null,95.000000,>=,null,null,Selected-column completeness %,PARAMETERIZED,Percentage of records where all configured selected columns are populated.,TABLE,95.000000,ALL,ANY,"{
          ""parameters"":[
            {
              ""name"":""selected_columns"",
              ""label"":""Selected columns"",
              ""control"":""column_multi_select"",
              ""required"":true
            }
          ]
        }","
SELECT
    100.0 * COUNT_IF({selected_columns_condition})
        / NULLIF(COUNT(*), 0) AS metric_value,
    COUNT_IF({selected_columns_condition}) AS passed_count,
    COUNT_IF(NOT ({selected_columns_condition})) AS failed_count,
    COUNT(*) AS total_count,
    COUNT(*) AS applicable_count
FROM {table}
",null,null,null,null,null,03_ISS_issuer,source/ISSUER/ISSUER_INSTITUTION_MANAGEMENT/03_iss_issuer,ISSUER,ISSUER_INSTITUTION_MANAGEMENT
506,6,I04,1,TABLE,null,null,null,0.000000,<=,null,null,Primary-key null %,PARAMETERIZED,Percentage of records where the configured primary key is NULL.,TABLE,0.000000,ALL,ID,"{
          ""parameters"":[
            {
              ""name"":""primary_key_column"",
              ""label"":""Primary key column"",
              ""control"":""column_select"",
              ""required"":true
            }
          ]
        }","
SELECT
    100.0 * COUNT_IF(
        {primary_key_column} IS NULL
    ) / NULLIF(COUNT(*), 0) AS metric_value,
    COUNT_IF(
        {primary_key_column} IS NOT NULL
    ) AS passed_count,
    COUNT_IF(
        {primary_key_column} IS NULL
    ) AS failed_count,
    COUNT(*) AS total_count,
    COUNT(*) AS applicable_count
FROM {table}
",null,null,null,null,null,03_ISS_issuer,source/ISSUER/ISSUER_INSTITUTION_MANAGEMENT/03_iss_issuer,ISSUER,ISSUER_INSTITUTION_MANAGEMENT
509,6,P13,1,TABLE,null,null,null,null,null,null,null,Volume variance %,PARAMETERIZED,Percentage variance between current and baseline row volume.,TABLE,null,ALL,ANY,"{
          ""parameters"":[
            {
              ""name"":""baseline_row_count"",
              ""label"":""Baseline row count"",
              ""control"":""number"",
              ""min"":0,
              ""required"":true
            }
          ]
        }","
SELECT
    100.0 * ABS(
        COUNT(*) - {baseline_row_count}
    ) / NULLIF({baseline_row_count}, 0) AS metric_value,
    1 AS passed_count,
    0 AS failed_count,
    1 AS total_count,
    1 AS applicable_count
FROM {table}
",null,null,null,null,null,03_ISS_issuer,source/ISSUER/ISSUER_INSTITUTION_MANAGEMENT/03_iss_issuer,ISSUER,ISSUER_INSTITUTION_MANAGEMENT
510,6,P14,1,TABLE,null,null,null,99.000000,>=,null,null,Schema compliance %,PARAMETERIZED,Percentage of expected schema columns matching actual name and type.,TABLE,99.000000,ALL,ANY,"{
          ""parameters"":[
            {
              ""name"":""expected_schema"",
              ""label"":""Expected schema"",
              ""control"":""schema_definition"",
              ""required"":true
            }
          ]
        }","
SELECT
    {schema_compliance_expression} AS metric_value,
    {schema_passed_expression} AS passed_count,
    {schema_failed_expression} AS failed_count,
    {expected_column_count} AS total_count,
    {expected_column_count} AS applicable_count
FROM {table}
",null,null,null,null,null,03_ISS_issuer,source/ISSUER/ISSUER_INSTITUTION_MANAGEMENT/03_iss_issuer,ISSUER,ISSUER_INSTITUTION_MANAGEMENT
511,6,T01,1,TABLE,null,null,null,98.000000,>=,null,null,SLA compliance %,PARAMETERIZED,Percentage of records meeting configured SLA.,TABLE / COLUMN,98.000000,ALL,DATE_TIME,"{
          ""parameters"":[
            {
              ""name"":""sla_condition"",
              ""label"":""SLA condition"",
              ""control"":""expression"",
              ""required"":true
            }
          ]
        }","
SELECT
    100.0 * COUNT_IF({sla_condition})
        / NULLIF(COUNT(*), 0) AS metric_value,
    COUNT_IF({sla_condition}) AS passed_count,
    COUNT_IF(NOT ({sla_condition})) AS failed_count,
    COUNT(*) AS total_count,
    COUNT(*) AS applicable_count
FROM {table}
",null,null,null,null,null,03_ISS_issuer,source/ISSUER/ISSUER_INSTITUTION_MANAGEMENT/03_iss_issuer,ISSUER,ISSUER_INSTITUTION_MANAGEMENT
512,6,T02,1,TABLE,null,null,null,null,<=,null,null,Freshness age,PARAMETERIZED,Age of the most recent data timestamp.,TABLE / COLUMN,null,DATE/TIMESTAMP,DATE_TIME,"{
          ""parameters"":[
            {
              ""name"":""time_unit"",
              ""label"":""Time unit"",
              ""control"":""select"",
              ""options"":[""MINUTE"",""HOUR"",""DAY""],
              ""required"":true
            }
          ]
        }","
SELECT
    CAST(
        TIMESTAMPDIFF(
            {time_unit},
            MAX({column}),
            CURRENT_TIMESTAMP()
        )
        AS DOUBLE
    ) AS metric_value,

    0 AS passed_count,
    0 AS failed_count,
    COUNT(*) AS total_count,
    COUNT({column}) AS applicable_count
FROM {table}
",null,null,null,null,null,03_ISS_issuer,source/ISSUER/ISSUER_INSTITUTION_MANAGEMENT/03_iss_issuer,ISSUER,ISSUER_INSTITUTION_MANAGEMENT
513,6,T03,1,TABLE,null,null,null,null,<=,null,null,Average latency,PARAMETERIZED,Average difference between source and ingestion timestamps.,TABLE / COLUMN,null,DATE/TIMESTAMP,DATE_TIME,"{
          ""parameters"":[
            {
              ""name"":""source_timestamp_column"",
              ""label"":""Source timestamp column"",
              ""control"":""column_select"",
              ""required"":true
            },
            {
              ""name"":""ingestion_timestamp_column"",
              ""label"":""Ingestion timestamp column"",
              ""control"":""column_select"",
              ""required"":true
            },
            {
              ""name"":""time_unit"",
              ""label"":""Time unit"",
              ""control"":""select"",
              ""options"":[""SECOND"",""MINUTE"",""HOUR"",""DAY""],
              ""required"":true
            }
          ]
        }","
SELECT
    CAST(
        AVG(
            TIMESTAMPDIFF(
                {time_unit},
                {source_timestamp_column},
                {ingestion_timestamp_column}
            )
        )
        AS DOUBLE
    ) AS metric_value,

    0 AS passed_count,
    0 AS failed_count,
    COUNT(*) AS total_count,
    COUNT(*) AS applicable_count
FROM {table}
WHERE {source_timestamp_column} IS NOT NULL
  AND {ingestion_timestamp_column} IS NOT NULL
",null,null,null,null,null,03_ISS_issuer,source/ISSUER/ISSUER_INSTITUTION_MANAGEMENT/03_iss_issuer,ISSUER,ISSUER_INSTITUTION_MANAGEMENT
514,6,T04,1,TABLE,null,null,null,null,<=,null,null,Maximum latency,PARAMETERIZED,Maximum difference between source and ingestion timestamps.,TABLE / COLUMN,null,DATE/TIMESTAMP,DATE_TIME,"{
          ""parameters"":[
            {
              ""name"":""source_timestamp_column"",
              ""label"":""Source timestamp column"",
              ""control"":""column_select"",
              ""required"":true
            },
            {
              ""name"":""ingestion_timestamp_column"",
              ""label"":""Ingestion timestamp column"",
              ""control"":""column_select"",
              ""required"":true
            },
            {
              ""name"":""time_unit"",
              ""label"":""Time unit"",
              ""control"":""select"",
              ""options"":[""SECOND"",""MINUTE"",""HOUR"",""DAY""],
              ""required"":true
            }
          ]
        }","
SELECT
    CAST(
        MAX(
            TIMESTAMPDIFF(
                {time_unit},
                {source_timestamp_column},
                {ingestion_timestamp_column}
            )
        )
        AS DOUBLE
    ) AS metric_value,

    0 AS passed_count,
    0 AS failed_count,
    COUNT(*) AS total_count,
    COUNT(*) AS applicable_count
FROM {table}
WHERE {source_timestamp_column} IS NOT NULL
  AND {ingestion_timestamp_column} IS NOT NULL
",null,null,null,null,null,03_ISS_issuer,source/ISSUER/ISSUER_INSTITUTION_MANAGEMENT/03_iss_issuer,ISSUER,ISSUER_INSTITUTION_MANAGEMENT
515,6,T05,1,TABLE,null,null,null,2.000000,<=,null,null,Late-record %,PARAMETERIZED,Percentage of records arriving later than configured expectation.,TABLE / COLUMN,2.000000,ALL,DATE_TIME,"{
  ""parameters"": [
    {
      ""name"": ""arrival_timestamp_column"",
      ""label"": ""Arrival timestamp column"",
      ""control"": ""column_select"",
      ""required"": true
    },
    {
      ""name"": ""expected_arrival"",
      ""label"": ""Expected arrival"",
      ""control"": ""datetime"",
      ""required"": true
    }
  ]
}","
SELECT
    100.0 * COUNT_IF(
        {arrival_timestamp_column} > {expected_arrival}
    ) / NULLIF(COUNT(*), 0) AS metric_value,
    COUNT_IF(
        {arrival_timestamp_column} <= {expected_arrival}
    ) AS passed_count,
    COUNT_IF(
        {arrival_timestamp_column} > {expected_arrival}
    ) AS failed_count,
    COUNT(*) AS total_count,
    COUNT(*) AS applicable_count
FROM {table}
WHERE {arrival_timestamp_column} IS NOT NULL
",null,null,null,null,null,03_ISS_issuer,source/ISSUER/ISSUER_INSTITUTION_MANAGEMENT/03_iss_issuer,ISSUER,ISSUER_INSTITUTION_MANAGEMENT
516,6,T06,1,TABLE,null,null,null,99.000000,>=,null,null,Expected-arrival coverage %,PARAMETERIZED,Percentage of expected arrivals actually received.,TABLE,99.000000,ALL,ANY,"
{
  ""parameters"": [
    {
      ""name"": ""arrival_condition"",
      ""label"": ""Arrival condition"",
      ""control"": ""expression"",
      ""required"": true
    },
    {
      ""name"": ""expected_arrival_count"",
      ""label"": ""Expected arrival count"",
      ""control"": ""number"",
      ""required"": true
    }
  ]
}
","
SELECT
    100.0 * COUNT_IF({arrival_condition})
        / NULLIF({expected_arrival_count}, 0) AS metric_value,
    COUNT_IF({arrival_condition}) AS passed_count,
    COUNT_IF(NOT ({arrival_condition})) AS failed_count,
    {expected_arrival_count} AS total_count,
    {expected_arrival_count} AS applicable_count
FROM {table}
",null,null,null,null,null,03_ISS_issuer,source/ISSUER/ISSUER_INSTITUTION_MANAGEMENT/03_iss_issuer,ISSUER,ISSUER_INSTITUTION_MANAGEMENT
518,6,U04,1,TABLE,null,null,null,100.000000,>=,null,null,Primary-key compliance %,PARAMETERIZED,Percentage of records having a non-null unique primary key.,TABLE,100.000000,ALL,ANY,"{
          ""parameters"":[
            {
              ""name"":""primary_key_column"",
              ""label"":""Primary key column"",
              ""control"":""column_select"",
              ""required"":true
            }
          ]
        }","
WITH key_stats AS (
    SELECT
        COUNT(*) AS total_count,
        COUNT({primary_key_column}) AS non_null_count,
        COUNT(DISTINCT {primary_key_column}) AS distinct_count
    FROM {table}
)
SELECT
    100.0 *
    CASE
        WHEN total_count = 0 THEN 100.0
        WHEN non_null_count = total_count
             AND distinct_count = total_count
        THEN 100.0
        ELSE 0.0
    END AS metric_value,

    CASE
        WHEN non_null_count = total_count
             AND distinct_count = total_count
        THEN total_count
        ELSE 0
    END AS passed_count,

    CASE
        WHEN non_null_count = total_count
             AND distinct_count = total_count
        THEN 0
        ELSE total_count
    END AS failed_count,

    total_count,
    total_count AS applicable_count
FROM key_stats
",null,null,null,null,null,03_ISS_issuer,source/ISSUER/ISSUER_INSTITUTION_MANAGEMENT/03_iss_issuer,ISSUER,ISSUER_INSTITUTION_MANAGEMENT
519,6,U05,1,TABLE,null,null,null,100.000000,>=,null,null,Composite-key uniqueness %,PARAMETERIZED,Percentage of applicable records with unique configured composite key.,TABLE,100.000000,ALL,ANY,"{
          ""parameters"":[
            {
              ""name"":""composite_key_columns"",
              ""label"":""Composite key columns"",
              ""control"":""column_multi_select"",
              ""required"":true
            }
          ]
        }","
SELECT
    100.0 * COUNT_IF(unique_key_flag = 1)
        / NULLIF(COUNT(*), 0) AS metric_value,
    COUNT_IF(unique_key_flag = 1) AS passed_count,
    COUNT_IF(unique_key_flag = 0) AS failed_count,
    COUNT(*) AS total_count,
    COUNT(*) AS applicable_count
FROM (
    SELECT
        {composite_key_columns},
        CASE
            WHEN COUNT(*) OVER (
                PARTITION BY {composite_key_columns}
            ) = 1 THEN 1
            ELSE 0
        END AS unique_key_flag
    FROM {table}
) keyed_rows
",null,null,null,null,null,03_ISS_issuer,source/ISSUER/ISSUER_INSTITUTION_MANAGEMENT/03_iss_issuer,ISSUER,ISSUER_INSTITUTION_MANAGEMENT
215,7,A01,1,COLUMN,65,null,null,99.000000,>=,null,null,Reference-match accuracy %,PARAMETERIZED,Percentage of applicable values matching a trusted reference.,COLUMN / TABLE,99.000000,ALL,ANY,"
{
  ""parameters"": [
    {
      ""name"": ""reference_asset"",
      ""label"": ""Reference asset"",
      ""control"": ""asset_select"",
      ""required"": true
    },
    {
      ""name"": ""source_column"",
      ""label"": ""Source column"",
      ""control"": ""column_select"",
      ""required"": true
    },
    {
      ""name"": ""reference_column"",
      ""label"": ""Reference column"",
      ""control"": ""column_select"",
      ""required"": true
    }
  ]
}
","
SELECT
    100.0 * COUNT_IF(
        {match_condition}
    ) / NULLIF(COUNT({column}), 0) AS metric_value,
    COUNT_IF({match_condition}) AS passed_count,
    COUNT_IF(NOT ({match_condition})) AS failed_count,
    COUNT({column}) AS total_count,
    COUNT({column}) AS applicable_count
FROM {table}
WHERE {column} IS NOT NULL
",null,null,null,null,null,02_CRD_card_bin_assignment,source/CARD_MGMT/CARD_ISSUANCE_LIFECYCLE/02_crd_bin_range_assignment,CARD_MGMT,CARD_ISSUANCE_LIFECYCLE
484,7,C05,1,TABLE,null,null,null,95.000000,>=,null,null,Record completeness %,PARAMETERIZED,Average completeness across configured required fields.,TABLE,95.000000,ALL,ANY,"{
          ""parameters"":[
            {
              ""name"":""required_columns"",
              ""label"":""Required columns"",
              ""control"":""column_multi_select"",
              ""required"":true
            }
          ]
        }","
SELECT
    100.0 * COUNT_IF({required_columns_condition})
        / NULLIF(COUNT(*), 0) AS metric_value,
    COUNT_IF({required_columns_condition}) AS passed_count,
    COUNT_IF(NOT ({required_columns_condition})) AS failed_count,
    COUNT(*) AS total_count,
    COUNT(*) AS applicable_count
FROM {table}
",null,null,null,null,null,02_CRD_card_bin_assignment,source/CARD_MGMT/CARD_ISSUANCE_LIFECYCLE/02_crd_bin_range_assignment,CARD_MGMT,CARD_ISSUANCE_LIFECYCLE
485,7,C07,1,TABLE,null,null,null,95.000000,>=,null,null,Selected-column completeness %,PARAMETERIZED,Percentage of records where all configured selected columns are populated.,TABLE,95.000000,ALL,ANY,"{
          ""parameters"":[
            {
              ""name"":""selected_columns"",
              ""label"":""Selected columns"",
              ""control"":""column_multi_select"",
              ""required"":true
            }
          ]
        }","
SELECT
    100.0 * COUNT_IF({selected_columns_condition})
        / NULLIF(COUNT(*), 0) AS metric_value,
    COUNT_IF({selected_columns_condition}) AS passed_count,
    COUNT_IF(NOT ({selected_columns_condition})) AS failed_count,
    COUNT(*) AS total_count,
    COUNT(*) AS applicable_count
FROM {table}
",null,null,null,null,null,02_CRD_card_bin_assignment,source/CARD_MGMT/CARD_ISSUANCE_LIFECYCLE/02_crd_bin_range_assignment,CARD_MGMT,CARD_ISSUANCE_LIFECYCLE
486,7,I04,1,TABLE,null,null,null,0.000000,<=,null,null,Primary-key null %,PARAMETERIZED,Percentage of records where the configured primary key is NULL.,TABLE,0.000000,ALL,ID,"{
          ""parameters"":[
            {
              ""name"":""primary_key_column"",
              ""label"":""Primary key column"",
              ""control"":""column_select"",
              ""required"":true
            }
          ]
        }","
SELECT
    100.0 * COUNT_IF(
        {primary_key_column} IS NULL
    ) / NULLIF(COUNT(*), 0) AS metric_value,
    COUNT_IF(
        {primary_key_column} IS NOT NULL
    ) AS passed_count,
    COUNT_IF(
        {primary_key_column} IS NULL
    ) AS failed_count,
    COUNT(*) AS total_count,
    COUNT(*) AS applicable_count
FROM {table}
",null,null,null,null,null,02_CRD_card_bin_assignment,source/CARD_MGMT/CARD_ISSUANCE_LIFECYCLE/02_crd_bin_range_assignment,CARD_MGMT,CARD_ISSUANCE_LIFECYCLE
489,7,P13,1,TABLE,null,null,null,null,null,null,null,Volume variance %,PARAMETERIZED,Percentage variance between current and baseline row volume.,TABLE,null,ALL,ANY,"{
          ""parameters"":[
            {
              ""name"":""baseline_row_count"",
              ""label"":""Baseline row count"",
              ""control"":""number"",
              ""min"":0,
              ""required"":true
            }
          ]
        }","
SELECT
    100.0 * ABS(
        COUNT(*) - {baseline_row_count}
    ) / NULLIF({baseline_row_count}, 0) AS metric_value,
    1 AS passed_count,
    0 AS failed_count,
    1 AS total_count,
    1 AS applicable_count
FROM {table}
",null,null,null,null,null,02_CRD_card_bin_assignment,source/CARD_MGMT/CARD_ISSUANCE_LIFECYCLE/02_crd_bin_range_assignment,CARD_MGMT,CARD_ISSUANCE_LIFECYCLE
490,7,P14,1,TABLE,null,null,null,99.000000,>=,null,null,Schema compliance %,PARAMETERIZED,Percentage of expected schema columns matching actual name and type.,TABLE,99.000000,ALL,ANY,"{
          ""parameters"":[
            {
              ""name"":""expected_schema"",
              ""label"":""Expected schema"",
              ""control"":""schema_definition"",
              ""required"":true
            }
          ]
        }","
SELECT
    {schema_compliance_expression} AS metric_value,
    {schema_passed_expression} AS passed_count,
    {schema_failed_expression} AS failed_count,
    {expected_column_count} AS total_count,
    {expected_column_count} AS applicable_count
FROM {table}
",null,null,null,null,null,02_CRD_card_bin_assignment,source/CARD_MGMT/CARD_ISSUANCE_LIFECYCLE/02_crd_bin_range_assignment,CARD_MGMT,CARD_ISSUANCE_LIFECYCLE
491,7,T01,1,TABLE,null,null,null,98.000000,>=,null,null,SLA compliance %,PARAMETERIZED,Percentage of records meeting configured SLA.,TABLE / COLUMN,98.000000,ALL,DATE_TIME,"{
          ""parameters"":[
            {
              ""name"":""sla_condition"",
              ""label"":""SLA condition"",
              ""control"":""expression"",
              ""required"":true
            }
          ]
        }","
SELECT
    100.0 * COUNT_IF({sla_condition})
        / NULLIF(COUNT(*), 0) AS metric_value,
    COUNT_IF({sla_condition}) AS passed_count,
    COUNT_IF(NOT ({sla_condition})) AS failed_count,
    COUNT(*) AS total_count,
    COUNT(*) AS applicable_count
FROM {table}
",null,null,null,null,null,02_CRD_card_bin_assignment,source/CARD_MGMT/CARD_ISSUANCE_LIFECYCLE/02_crd_bin_range_assignment,CARD_MGMT,CARD_ISSUANCE_LIFECYCLE
492,7,T02,1,TABLE,null,null,null,null,<=,null,null,Freshness age,PARAMETERIZED,Age of the most recent data timestamp.,TABLE / COLUMN,null,DATE/TIMESTAMP,DATE_TIME,"{
          ""parameters"":[
            {
              ""name"":""time_unit"",
              ""label"":""Time unit"",
              ""control"":""select"",
              ""options"":[""MINUTE"",""HOUR"",""DAY""],
              ""required"":true
            }
          ]
        }","
SELECT
    CAST(
        TIMESTAMPDIFF(
            {time_unit},
            MAX({column}),
            CURRENT_TIMESTAMP()
        )
        AS DOUBLE
    ) AS metric_value,

    0 AS passed_count,
    0 AS failed_count,
    COUNT(*) AS total_count,
    COUNT({column}) AS applicable_count
FROM {table}
",null,null,null,null,null,02_CRD_card_bin_assignment,source/CARD_MGMT/CARD_ISSUANCE_LIFECYCLE/02_crd_bin_range_assignment,CARD_MGMT,CARD_ISSUANCE_LIFECYCLE
493,7,T03,1,TABLE,null,null,null,null,<=,null,null,Average latency,PARAMETERIZED,Average difference between source and ingestion timestamps.,TABLE / COLUMN,null,DATE/TIMESTAMP,DATE_TIME,"{
          ""parameters"":[
            {
              ""name"":""source_timestamp_column"",
              ""label"":""Source timestamp column"",
              ""control"":""column_select"",
              ""required"":true
            },
            {
              ""name"":""ingestion_timestamp_column"",
              ""label"":""Ingestion timestamp column"",
              ""control"":""column_select"",
              ""required"":true
            },
            {
              ""name"":""time_unit"",
              ""label"":""Time unit"",
              ""control"":""select"",
              ""options"":[""SECOND"",""MINUTE"",""HOUR"",""DAY""],
              ""required"":true
            }
          ]
        }","
SELECT
    CAST(
        AVG(
            TIMESTAMPDIFF(
                {time_unit},
                {source_timestamp_column},
                {ingestion_timestamp_column}
            )
        )
        AS DOUBLE
    ) AS metric_value,

    0 AS passed_count,
    0 AS failed_count,
    COUNT(*) AS total_count,
    COUNT(*) AS applicable_count
FROM {table}
WHERE {source_timestamp_column} IS NOT NULL
  AND {ingestion_timestamp_column} IS NOT NULL
",null,null,null,null,null,02_CRD_card_bin_assignment,source/CARD_MGMT/CARD_ISSUANCE_LIFECYCLE/02_crd_bin_range_assignment,CARD_MGMT,CARD_ISSUANCE_LIFECYCLE
494,7,T04,1,TABLE,null,null,null,null,<=,null,null,Maximum latency,PARAMETERIZED,Maximum difference between source and ingestion timestamps.,TABLE / COLUMN,null,DATE/TIMESTAMP,DATE_TIME,"{
          ""parameters"":[
            {
              ""name"":""source_timestamp_column"",
              ""label"":""Source timestamp column"",
              ""control"":""column_select"",
              ""required"":true
            },
            {
              ""name"":""ingestion_timestamp_column"",
              ""label"":""Ingestion timestamp column"",
              ""control"":""column_select"",
              ""required"":true
            },
            {
              ""name"":""time_unit"",
              ""label"":""Time unit"",
              ""control"":""select"",
              ""options"":[""SECOND"",""MINUTE"",""HOUR"",""DAY""],
              ""required"":true
            }
          ]
        }","
SELECT
    CAST(
        MAX(
            TIMESTAMPDIFF(
                {time_unit},
                {source_timestamp_column},
                {ingestion_timestamp_column}
            )
        )
        AS DOUBLE
    ) AS metric_value,

    0 AS passed_count,
    0 AS failed_count,
    COUNT(*) AS total_count,
    COUNT(*) AS applicable_count
FROM {table}
WHERE {source_timestamp_column} IS NOT NULL
  AND {ingestion_timestamp_column} IS NOT NULL
",null,null,null,null,null,02_CRD_card_bin_assignment,source/CARD_MGMT/CARD_ISSUANCE_LIFECYCLE/02_crd_bin_range_assignment,CARD_MGMT,CARD_ISSUANCE_LIFECYCLE
495,7,T05,1,TABLE,null,null,null,2.000000,<=,null,null,Late-record %,PARAMETERIZED,Percentage of records arriving later than configured expectation.,TABLE / COLUMN,2.000000,ALL,DATE_TIME,"{
  ""parameters"": [
    {
      ""name"": ""arrival_timestamp_column"",
      ""label"": ""Arrival timestamp column"",
      ""control"": ""column_select"",
      ""required"": true
    },
    {
      ""name"": ""expected_arrival"",
      ""label"": ""Expected arrival"",
      ""control"": ""datetime"",
      ""required"": true
    }
  ]
}","
SELECT
    100.0 * COUNT_IF(
        {arrival_timestamp_column} > {expected_arrival}
    ) / NULLIF(COUNT(*), 0) AS metric_value,
    COUNT_IF(
        {arrival_timestamp_column} <= {expected_arrival}
    ) AS passed_count,
    COUNT_IF(
        {arrival_timestamp_column} > {expected_arrival}
    ) AS failed_count,
    COUNT(*) AS total_count,
    COUNT(*) AS applicable_count
FROM {table}
WHERE {arrival_timestamp_column} IS NOT NULL
",null,null,null,null,null,02_CRD_card_bin_assignment,source/CARD_MGMT/CARD_ISSUANCE_LIFECYCLE/02_crd_bin_range_assignment,CARD_MGMT,CARD_ISSUANCE_LIFECYCLE
496,7,T06,1,TABLE,null,null,null,99.000000,>=,null,null,Expected-arrival coverage %,PARAMETERIZED,Percentage of expected arrivals actually received.,TABLE,99.000000,ALL,ANY,"
{
  ""parameters"": [
    {
      ""name"": ""arrival_condition"",
      ""label"": ""Arrival condition"",
      ""control"": ""expression"",
      ""required"": true
    },
    {
      ""name"": ""expected_arrival_count"",
      ""label"": ""Expected arrival count"",
      ""control"": ""number"",
      ""required"": true
    }
  ]
}
","
SELECT
    100.0 * COUNT_IF({arrival_condition})
        / NULLIF({expected_arrival_count}, 0) AS metric_value,
    COUNT_IF({arrival_condition}) AS passed_count,
    COUNT_IF(NOT ({arrival_condition})) AS failed_count,
    {expected_arrival_count} AS total_count,
    {expected_arrival_count} AS applicable_count
FROM {table}
",null,null,null,null,null,02_CRD_card_bin_assignment,source/CARD_MGMT/CARD_ISSUANCE_LIFECYCLE/02_crd_bin_range_assignment,CARD_MGMT,CARD_ISSUANCE_LIFECYCLE
498,7,U04,1,TABLE,null,null,null,100.000000,>=,null,null,Primary-key compliance %,PARAMETERIZED,Percentage of records having a non-null unique primary key.,TABLE,100.000000,ALL,ANY,"{
          ""parameters"":[
            {
              ""name"":""primary_key_column"",
              ""label"":""Primary key column"",
              ""control"":""column_select"",
              ""required"":true
            }
          ]
        }","
WITH key_stats AS (
    SELECT
        COUNT(*) AS total_count,
        COUNT({primary_key_column}) AS non_null_count,
        COUNT(DISTINCT {primary_key_column}) AS distinct_count
    FROM {table}
)
SELECT
    100.0 *
    CASE
        WHEN total_count = 0 THEN 100.0
        WHEN non_null_count = total_count
             AND distinct_count = total_count
        THEN 100.0
        ELSE 0.0
    END AS metric_value,

    CASE
        WHEN non_null_count = total_count
             AND distinct_count = total_count
        THEN total_count
        ELSE 0
    END AS passed_count,

    CASE
        WHEN non_null_count = total_count
             AND distinct_count = total_count
        THEN 0
        ELSE total_count
    END AS failed_count,

    total_count,
    total_count AS applicable_count
FROM key_stats
",null,null,null,null,null,02_CRD_card_bin_assignment,source/CARD_MGMT/CARD_ISSUANCE_LIFECYCLE/02_crd_bin_range_assignment,CARD_MGMT,CARD_ISSUANCE_LIFECYCLE
499,7,U05,1,TABLE,null,null,null,100.000000,>=,null,null,Composite-key uniqueness %,PARAMETERIZED,Percentage of applicable records with unique configured composite key.,TABLE,100.000000,ALL,ANY,"{
          ""parameters"":[
            {
              ""name"":""composite_key_columns"",
              ""label"":""Composite key columns"",
              ""control"":""column_multi_select"",
              ""required"":true
            }
          ]
        }","
SELECT
    100.0 * COUNT_IF(unique_key_flag = 1)
        / NULLIF(COUNT(*), 0) AS metric_value,
    COUNT_IF(unique_key_flag = 1) AS passed_count,
    COUNT_IF(unique_key_flag = 0) AS failed_count,
    COUNT(*) AS total_count,
    COUNT(*) AS applicable_count
FROM (
    SELECT
        {composite_key_columns},
        CASE
            WHEN COUNT(*) OVER (
                PARTITION BY {composite_key_columns}
            ) = 1 THEN 1
            ELSE 0
        END AS unique_key_flag
    FROM {table}
) keyed_rows
",null,null,null,null,null,02_CRD_card_bin_assignment,source/CARD_MGMT/CARD_ISSUANCE_LIFECYCLE/02_crd_bin_range_assignment,CARD_MGMT,CARD_ISSUANCE_LIFECYCLE
464,8,C05,1,TABLE,null,null,null,95.000000,>=,null,null,Record completeness %,PARAMETERIZED,Average completeness across configured required fields.,TABLE,95.000000,ALL,ANY,"{
          ""parameters"":[
            {
              ""name"":""required_columns"",
              ""label"":""Required columns"",
              ""control"":""column_multi_select"",
              ""required"":true
            }
          ]
        }","
SELECT
    100.0 * COUNT_IF({required_columns_condition})
        / NULLIF(COUNT(*), 0) AS metric_value,
    COUNT_IF({required_columns_condition}) AS passed_count,
    COUNT_IF(NOT ({required_columns_condition})) AS failed_count,
    COUNT(*) AS total_count,
    COUNT(*) AS applicable_count
FROM {table}
",null,null,null,null,null,02_CRD_card_bin,source/CARD_MGMT/CARD_ISSUANCE_LIFECYCLE/02_crd_card_bin,CARD_MGMT,CARD_ISSUANCE_LIFECYCLE
465,8,C07,1,TABLE,null,null,null,95.000000,>=,null,null,Selected-column completeness %,PARAMETERIZED,Percentage of records where all configured selected columns are populated.,TABLE,95.000000,ALL,ANY,"{
          ""parameters"":[
            {
              ""name"":""selected_columns"",
              ""label"":""Selected columns"",
              ""control"":""column_multi_select"",
              ""required"":true
            }
          ]
        }","
SELECT
    100.0 * COUNT_IF({selected_columns_condition})
        / NULLIF(COUNT(*), 0) AS metric_value,
    COUNT_IF({selected_columns_condition}) AS passed_count,
    COUNT_IF(NOT ({selected_columns_condition})) AS failed_count,
    COUNT(*) AS total_count,
    COUNT(*) AS applicable_count
FROM {table}
",null,null,null,null,null,02_CRD_card_bin,source/CARD_MGMT/CARD_ISSUANCE_LIFECYCLE/02_crd_card_bin,CARD_MGMT,CARD_ISSUANCE_LIFECYCLE
466,8,I04,1,TABLE,null,null,null,0.000000,<=,null,null,Primary-key null %,PARAMETERIZED,Percentage of records where the configured primary key is NULL.,TABLE,0.000000,ALL,ID,"{
          ""parameters"":[
            {
              ""name"":""primary_key_column"",
              ""label"":""Primary key column"",
              ""control"":""column_select"",
              ""required"":true
            }
          ]
        }","
SELECT
    100.0 * COUNT_IF(
        {primary_key_column} IS NULL
    ) / NULLIF(COUNT(*), 0) AS metric_value,
    COUNT_IF(
        {primary_key_column} IS NOT NULL
    ) AS passed_count,
    COUNT_IF(
        {primary_key_column} IS NULL
    ) AS failed_count,
    COUNT(*) AS total_count,
    COUNT(*) AS applicable_count
FROM {table}
",null,null,null,null,null,02_CRD_card_bin,source/CARD_MGMT/CARD_ISSUANCE_LIFECYCLE/02_crd_card_bin,CARD_MGMT,CARD_ISSUANCE_LIFECYCLE
469,8,P13,1,TABLE,null,null,null,null,null,null,null,Volume variance %,PARAMETERIZED,Percentage variance between current and baseline row volume.,TABLE,null,ALL,ANY,"{
          ""parameters"":[
            {
              ""name"":""baseline_row_count"",
              ""label"":""Baseline row count"",
              ""control"":""number"",
              ""min"":0,
              ""required"":true
            }
          ]
        }","
SELECT
    100.0 * ABS(
        COUNT(*) - {baseline_row_count}
    ) / NULLIF({baseline_row_count}, 0) AS metric_value,
    1 AS passed_count,
    0 AS failed_count,
    1 AS total_count,
    1 AS applicable_count
FROM {table}
",null,null,null,null,null,02_CRD_card_bin,source/CARD_MGMT/CARD_ISSUANCE_LIFECYCLE/02_crd_card_bin,CARD_MGMT,CARD_ISSUANCE_LIFECYCLE
470,8,P14,1,TABLE,null,null,null,99.000000,>=,null,null,Schema compliance %,PARAMETERIZED,Percentage of expected schema columns matching actual name and type.,TABLE,99.000000,ALL,ANY,"{
          ""parameters"":[
            {
              ""name"":""expected_schema"",
              ""label"":""Expected schema"",
              ""control"":""schema_definition"",
              ""required"":true
            }
          ]
        }","
SELECT
    {schema_compliance_expression} AS metric_value,
    {schema_passed_expression} AS passed_count,
    {schema_failed_expression} AS failed_count,
    {expected_column_count} AS total_count,
    {expected_column_count} AS applicable_count
FROM {table}
",null,null,null,null,null,02_CRD_card_bin,source/CARD_MGMT/CARD_ISSUANCE_LIFECYCLE/02_crd_card_bin,CARD_MGMT,CARD_ISSUANCE_LIFECYCLE
471,8,T01,1,TABLE,null,null,null,98.000000,>=,null,null,SLA compliance %,PARAMETERIZED,Percentage of records meeting configured SLA.,TABLE / COLUMN,98.000000,ALL,DATE_TIME,"{
          ""parameters"":[
            {
              ""name"":""sla_condition"",
              ""label"":""SLA condition"",
              ""control"":""expression"",
              ""required"":true
            }
          ]
        }","
SELECT
    100.0 * COUNT_IF({sla_condition})
        / NULLIF(COUNT(*), 0) AS metric_value,
    COUNT_IF({sla_condition}) AS passed_count,
    COUNT_IF(NOT ({sla_condition})) AS failed_count,
    COUNT(*) AS total_count,
    COUNT(*) AS applicable_count
FROM {table}
",null,null,null,null,null,02_CRD_card_bin,source/CARD_MGMT/CARD_ISSUANCE_LIFECYCLE/02_crd_card_bin,CARD_MGMT,CARD_ISSUANCE_LIFECYCLE
472,8,T02,1,TABLE,null,null,null,null,<=,null,null,Freshness age,PARAMETERIZED,Age of the most recent data timestamp.,TABLE / COLUMN,null,DATE/TIMESTAMP,DATE_TIME,"{
          ""parameters"":[
            {
              ""name"":""time_unit"",
              ""label"":""Time unit"",
              ""control"":""select"",
              ""options"":[""MINUTE"",""HOUR"",""DAY""],
              ""required"":true
            }
          ]
        }","
SELECT
    CAST(
        TIMESTAMPDIFF(
            {time_unit},
            MAX({column}),
            CURRENT_TIMESTAMP()
        )
        AS DOUBLE
    ) AS metric_value,

    0 AS passed_count,
    0 AS failed_count,
    COUNT(*) AS total_count,
    COUNT({column}) AS applicable_count
FROM {table}
",null,null,null,null,null,02_CRD_card_bin,source/CARD_MGMT/CARD_ISSUANCE_LIFECYCLE/02_crd_card_bin,CARD_MGMT,CARD_ISSUANCE_LIFECYCLE
473,8,T03,1,TABLE,null,null,null,null,<=,null,null,Average latency,PARAMETERIZED,Average difference between source and ingestion timestamps.,TABLE / COLUMN,null,DATE/TIMESTAMP,DATE_TIME,"{
          ""parameters"":[
            {
              ""name"":""source_timestamp_column"",
              ""label"":""Source timestamp column"",
              ""control"":""column_select"",
              ""required"":true
            },
            {
              ""name"":""ingestion_timestamp_column"",
              ""label"":""Ingestion timestamp column"",
              ""control"":""column_select"",
              ""required"":true
            },
            {
              ""name"":""time_unit"",
              ""label"":""Time unit"",
              ""control"":""select"",
              ""options"":[""SECOND"",""MINUTE"",""HOUR"",""DAY""],
              ""required"":true
            }
          ]
        }","
SELECT
    CAST(
        AVG(
            TIMESTAMPDIFF(
                {time_unit},
                {source_timestamp_column},
                {ingestion_timestamp_column}
            )
        )
        AS DOUBLE
    ) AS metric_value,

    0 AS passed_count,
    0 AS failed_count,
    COUNT(*) AS total_count,
    COUNT(*) AS applicable_count
FROM {table}
WHERE {source_timestamp_column} IS NOT NULL
  AND {ingestion_timestamp_column} IS NOT NULL
",null,null,null,null,null,02_CRD_card_bin,source/CARD_MGMT/CARD_ISSUANCE_LIFECYCLE/02_crd_card_bin,CARD_MGMT,CARD_ISSUANCE_LIFECYCLE
474,8,T04,1,TABLE,null,null,null,null,<=,null,null,Maximum latency,PARAMETERIZED,Maximum difference between source and ingestion timestamps.,TABLE / COLUMN,null,DATE/TIMESTAMP,DATE_TIME,"{
          ""parameters"":[
            {
              ""name"":""source_timestamp_column"",
              ""label"":""Source timestamp column"",
              ""control"":""column_select"",
              ""required"":true
            },
            {
              ""name"":""ingestion_timestamp_column"",
              ""label"":""Ingestion timestamp column"",
              ""control"":""column_select"",
              ""required"":true
            },
            {
              ""name"":""time_unit"",
              ""label"":""Time unit"",
              ""control"":""select"",
              ""options"":[""SECOND"",""MINUTE"",""HOUR"",""DAY""],
              ""required"":true
            }
          ]
        }","
SELECT
    CAST(
        MAX(
            TIMESTAMPDIFF(
                {time_unit},
                {source_timestamp_column},
                {ingestion_timestamp_column}
            )
        )
        AS DOUBLE
    ) AS metric_value,

    0 AS passed_count,
    0 AS failed_count,
    COUNT(*) AS total_count,
    COUNT(*) AS applicable_count
FROM {table}
WHERE {source_timestamp_column} IS NOT NULL
  AND {ingestion_timestamp_column} IS NOT NULL
",null,null,null,null,null,02_CRD_card_bin,source/CARD_MGMT/CARD_ISSUANCE_LIFECYCLE/02_crd_card_bin,CARD_MGMT,CARD_ISSUANCE_LIFECYCLE
475,8,T05,1,TABLE,null,null,null,2.000000,<=,null,null,Late-record %,PARAMETERIZED,Percentage of records arriving later than configured expectation.,TABLE / COLUMN,2.000000,ALL,DATE_TIME,"{
  ""parameters"": [
    {
      ""name"": ""arrival_timestamp_column"",
      ""label"": ""Arrival timestamp column"",
      ""control"": ""column_select"",
      ""required"": true
    },
    {
      ""name"": ""expected_arrival"",
      ""label"": ""Expected arrival"",
      ""control"": ""datetime"",
      ""required"": true
    }
  ]
}","
SELECT
    100.0 * COUNT_IF(
        {arrival_timestamp_column} > {expected_arrival}
    ) / NULLIF(COUNT(*), 0) AS metric_value,
    COUNT_IF(
        {arrival_timestamp_column} <= {expected_arrival}
    ) AS passed_count,
    COUNT_IF(
        {arrival_timestamp_column} > {expected_arrival}
    ) AS failed_count,
    COUNT(*) AS total_count,
    COUNT(*) AS applicable_count
FROM {table}
WHERE {arrival_timestamp_column} IS NOT NULL
",null,null,null,null,null,02_CRD_card_bin,source/CARD_MGMT/CARD_ISSUANCE_LIFECYCLE/02_crd_card_bin,CARD_MGMT,CARD_ISSUANCE_LIFECYCLE
476,8,T06,1,TABLE,null,null,null,99.000000,>=,null,null,Expected-arrival coverage %,PARAMETERIZED,Percentage of expected arrivals actually received.,TABLE,99.000000,ALL,ANY,"
{
  ""parameters"": [
    {
      ""name"": ""arrival_condition"",
      ""label"": ""Arrival condition"",
      ""control"": ""expression"",
      ""required"": true
    },
    {
      ""name"": ""expected_arrival_count"",
      ""label"": ""Expected arrival count"",
      ""control"": ""number"",
      ""required"": true
    }
  ]
}
","
SELECT
    100.0 * COUNT_IF({arrival_condition})
        / NULLIF({expected_arrival_count}, 0) AS metric_value,
    COUNT_IF({arrival_condition}) AS passed_count,
    COUNT_IF(NOT ({arrival_condition})) AS failed_count,
    {expected_arrival_count} AS total_count,
    {expected_arrival_count} AS applicable_count
FROM {table}
",null,null,null,null,null,02_CRD_card_bin,source/CARD_MGMT/CARD_ISSUANCE_LIFECYCLE/02_crd_card_bin,CARD_MGMT,CARD_ISSUANCE_LIFECYCLE
478,8,U04,1,TABLE,null,null,null,100.000000,>=,null,null,Primary-key compliance %,PARAMETERIZED,Percentage of records having a non-null unique primary key.,TABLE,100.000000,ALL,ANY,"{
          ""parameters"":[
            {
              ""name"":""primary_key_column"",
              ""label"":""Primary key column"",
              ""control"":""column_select"",
              ""required"":true
            }
          ]
        }","
WITH key_stats AS (
    SELECT
        COUNT(*) AS total_count,
        COUNT({primary_key_column}) AS non_null_count,
        COUNT(DISTINCT {primary_key_column}) AS distinct_count
    FROM {table}
)
SELECT
    100.0 *
    CASE
        WHEN total_count = 0 THEN 100.0
        WHEN non_null_count = total_count
             AND distinct_count = total_count
        THEN 100.0
        ELSE 0.0
    END AS metric_value,

    CASE
        WHEN non_null_count = total_count
             AND distinct_count = total_count
        THEN total_count
        ELSE 0
    END AS passed_count,

    CASE
        WHEN non_null_count = total_count
             AND distinct_count = total_count
        THEN 0
        ELSE total_count
    END AS failed_count,

    total_count,
    total_count AS applicable_count
FROM key_stats
",null,null,null,null,null,02_CRD_card_bin,source/CARD_MGMT/CARD_ISSUANCE_LIFECYCLE/02_crd_card_bin,CARD_MGMT,CARD_ISSUANCE_LIFECYCLE
479,8,U05,1,TABLE,null,null,null,100.000000,>=,null,null,Composite-key uniqueness %,PARAMETERIZED,Percentage of applicable records with unique configured composite key.,TABLE,100.000000,ALL,ANY,"{
          ""parameters"":[
            {
              ""name"":""composite_key_columns"",
              ""label"":""Composite key columns"",
              ""control"":""column_multi_select"",
              ""required"":true
            }
          ]
        }","
SELECT
    100.0 * COUNT_IF(unique_key_flag = 1)
        / NULLIF(COUNT(*), 0) AS metric_value,
    COUNT_IF(unique_key_flag = 1) AS passed_count,
    COUNT_IF(unique_key_flag = 0) AS failed_count,
    COUNT(*) AS total_count,
    COUNT(*) AS applicable_count
FROM (
    SELECT
        {composite_key_columns},
        CASE
            WHEN COUNT(*) OVER (
                PARTITION BY {composite_key_columns}
            ) = 1 THEN 1
            ELSE 0
        END AS unique_key_flag
    FROM {table}
) keyed_rows
",null,null,null,null,null,02_CRD_card_bin,source/CARD_MGMT/CARD_ISSUANCE_LIFECYCLE/02_crd_card_bin,CARD_MGMT,CARD_ISSUANCE_LIFECYCLE
444,9,C05,1,TABLE,null,null,null,95.000000,>=,null,null,Record completeness %,PARAMETERIZED,Average completeness across configured required fields.,TABLE,95.000000,ALL,ANY,"{
          ""parameters"":[
            {
              ""name"":""required_columns"",
              ""label"":""Required columns"",
              ""control"":""column_multi_select"",
              ""required"":true
            }
          ]
        }","
SELECT
    100.0 * COUNT_IF({required_columns_condition})
        / NULLIF(COUNT(*), 0) AS metric_value,
    COUNT_IF({required_columns_condition}) AS passed_count,
    COUNT_IF(NOT ({required_columns_condition})) AS failed_count,
    COUNT(*) AS total_count,
    COUNT(*) AS applicable_count
FROM {table}
",null,null,null,null,null,02_CRD_card_expiration,source/CARD_MGMT/CARD_ISSUANCE_LIFECYCLE/02_crd_card_expiration,CARD_MGMT,CARD_ISSUANCE_LIFECYCLE
445,9,C07,1,TABLE,null,null,null,95.000000,>=,null,null,Selected-column completeness %,PARAMETERIZED,Percentage of records where all configured selected columns are populated.,TABLE,95.000000,ALL,ANY,"{
          ""parameters"":[
            {
              ""name"":""selected_columns"",
              ""label"":""Selected columns"",
              ""control"":""column_multi_select"",
              ""required"":true
            }
          ]
        }","
SELECT
    100.0 * COUNT_IF({selected_columns_condition})
        / NULLIF(COUNT(*), 0) AS metric_value,
    COUNT_IF({selected_columns_condition}) AS passed_count,
    COUNT_IF(NOT ({selected_columns_condition})) AS failed_count,
    COUNT(*) AS total_count,
    COUNT(*) AS applicable_count
FROM {table}
",null,null,null,null,null,02_CRD_card_expiration,source/CARD_MGMT/CARD_ISSUANCE_LIFECYCLE/02_crd_card_expiration,CARD_MGMT,CARD_ISSUANCE_LIFECYCLE
446,9,I04,1,TABLE,null,null,null,0.000000,<=,null,null,Primary-key null %,PARAMETERIZED,Percentage of records where the configured primary key is NULL.,TABLE,0.000000,ALL,ID,"{
          ""parameters"":[
            {
              ""name"":""primary_key_column"",
              ""label"":""Primary key column"",
              ""control"":""column_select"",
              ""required"":true
            }
          ]
        }","
SELECT
    100.0 * COUNT_IF(
        {primary_key_column} IS NULL
    ) / NULLIF(COUNT(*), 0) AS metric_value,
    COUNT_IF(
        {primary_key_column} IS NOT NULL
    ) AS passed_count,
    COUNT_IF(
        {primary_key_column} IS NULL
    ) AS failed_count,
    COUNT(*) AS total_count,
    COUNT(*) AS applicable_count
FROM {table}
",null,null,null,null,null,02_CRD_card_expiration,source/CARD_MGMT/CARD_ISSUANCE_LIFECYCLE/02_crd_card_expiration,CARD_MGMT,CARD_ISSUANCE_LIFECYCLE
407,9,K03,1,COLUMN,88,null,null,98.000000,>=,null,null,Standardization compliance %,PARAMETERIZED,Percentage of values matching configured canonical representation.,COLUMN,98.000000,STRING,CODE/ID/STATUS,"
{
  ""parameters"": [
    {
      ""name"": ""standardization_type"",
      ""label"": ""Standardization type"",
      ""control"": ""select"",
      ""required"": true,
      ""options"": [
        ""TRIM"",
        ""UPPERCASE"",
        ""LOWERCASE""
      ]
    }
  ]
}
","
SELECT
    100.0 * COUNT_IF(
        CASE
            WHEN {standardization_type} = TRIM
                THEN CAST({column} AS STRING) = TRIM(CAST({column} AS STRING))
            WHEN {standardization_type} = UPPERCASE
                THEN CAST({column} AS STRING) = UPPER(CAST({column} AS STRING))
            WHEN {standardization_type} = LOWERCASE
                THEN CAST({column} AS STRING) = LOWER(CAST({column} AS STRING))
            ELSE FALSE
        END
    ) / NULLIF(COUNT({column}), 0) AS metric_value,

    COUNT_IF(
        CASE
            WHEN {standardization_type} = TRIM
                THEN CAST({column} AS STRING) = TRIM(CAST({column} AS STRING))
            WHEN {standardization_type} = UPPERCASE
                THEN CAST({column} AS STRING) = UPPER(CAST({column} AS STRING))
            WHEN {standardization_type} = LOWERCASE
                THEN CAST({column} AS STRING) = LOWER(CAST({column} AS STRING))
            ELSE FALSE
        END
    ) AS passed_count,

    COUNT_IF(
        NOT (
            CASE
                WHEN {standardization_type} = TRIM
                    THEN CAST({column} AS STRING) = TRIM(CAST({column} AS STRING))
                WHEN {standardization_type} = UPPERCASE
                    THEN CAST({column} AS STRING) = UPPER(CAST({column} AS STRING))
                WHEN {standardization_type} = LOWERCASE
                    THEN CAST({column} AS STRING) = LOWER(CAST({column} AS STRING))
                ELSE FALSE
            END
        )
    ) AS failed_count,

    COUNT({column}) AS total_count,
    COUNT({column}) AS applicable_count
FROM {table}
WHERE {column} IS NOT NULL
",null,null,null,null,null,02_CRD_card_expiration,source/CARD_MGMT/CARD_ISSUANCE_LIFECYCLE/02_crd_card_expiration,CARD_MGMT,CARD_ISSUANCE_LIFECYCLE
449,9,P13,1,TABLE,null,null,null,null,null,null,null,Volume variance %,PARAMETERIZED,Percentage variance between current and baseline row volume.,TABLE,null,ALL,ANY,"{
          ""parameters"":[
            {
              ""name"":""baseline_row_count"",
              ""label"":""Baseline row count"",
              ""control"":""number"",
              ""min"":0,
              ""required"":true
            }
          ]
        }","
SELECT
    100.0 * ABS(
        COUNT(*) - {baseline_row_count}
    ) / NULLIF({baseline_row_count}, 0) AS metric_value,
    1 AS passed_count,
    0 AS failed_count,
    1 AS total_count,
    1 AS applicable_count
FROM {table}
",null,null,null,null,null,02_CRD_card_expiration,source/CARD_MGMT/CARD_ISSUANCE_LIFECYCLE/02_crd_card_expiration,CARD_MGMT,CARD_ISSUANCE_LIFECYCLE
450,9,P14,1,TABLE,null,null,null,99.000000,>=,null,null,Schema compliance %,PARAMETERIZED,Percentage of expected schema columns matching actual name and type.,TABLE,99.000000,ALL,ANY,"{
          ""parameters"":[
            {
              ""name"":""expected_schema"",
              ""label"":""Expected schema"",
              ""control"":""schema_definition"",
              ""required"":true
            }
          ]
        }","
SELECT
    {schema_compliance_expression} AS metric_value,
    {schema_passed_expression} AS passed_count,
    {schema_failed_expression} AS failed_count,
    {expected_column_count} AS total_count,
    {expected_column_count} AS applicable_count
FROM {table}
",null,null,null,null,null,02_CRD_card_expiration,source/CARD_MGMT/CARD_ISSUANCE_LIFECYCLE/02_crd_card_expiration,CARD_MGMT,CARD_ISSUANCE_LIFECYCLE
451,9,T01,1,TABLE,null,null,null,98.000000,>=,null,null,SLA compliance %,PARAMETERIZED,Percentage of records meeting configured SLA.,TABLE / COLUMN,98.000000,ALL,DATE_TIME,"{
          ""parameters"":[
            {
              ""name"":""sla_condition"",
              ""label"":""SLA condition"",
              ""control"":""expression"",
              ""required"":true
            }
          ]
        }","
SELECT
    100.0 * COUNT_IF({sla_condition})
        / NULLIF(COUNT(*), 0) AS metric_value,
    COUNT_IF({sla_condition}) AS passed_count,
    COUNT_IF(NOT ({sla_condition})) AS failed_count,
    COUNT(*) AS total_count,
    COUNT(*) AS applicable_count
FROM {table}
",null,null,null,null,null,02_CRD_card_expiration,source/CARD_MGMT/CARD_ISSUANCE_LIFECYCLE/02_crd_card_expiration,CARD_MGMT,CARD_ISSUANCE_LIFECYCLE
452,9,T02,1,TABLE,null,null,null,null,<=,null,null,Freshness age,PARAMETERIZED,Age of the most recent data timestamp.,TABLE / COLUMN,null,DATE/TIMESTAMP,DATE_TIME,"{
          ""parameters"":[
            {
              ""name"":""time_unit"",
              ""label"":""Time unit"",
              ""control"":""select"",
              ""options"":[""MINUTE"",""HOUR"",""DAY""],
              ""required"":true
            }
          ]
        }","
SELECT
    CAST(
        TIMESTAMPDIFF(
            {time_unit},
            MAX({column}),
            CURRENT_TIMESTAMP()
        )
        AS DOUBLE
    ) AS metric_value,

    0 AS passed_count,
    0 AS failed_count,
    COUNT(*) AS total_count,
    COUNT({column}) AS applicable_count
FROM {table}
",null,null,null,null,null,02_CRD_card_expiration,source/CARD_MGMT/CARD_ISSUANCE_LIFECYCLE/02_crd_card_expiration,CARD_MGMT,CARD_ISSUANCE_LIFECYCLE
453,9,T03,1,TABLE,null,null,null,null,<=,null,null,Average latency,PARAMETERIZED,Average difference between source and ingestion timestamps.,TABLE / COLUMN,null,DATE/TIMESTAMP,DATE_TIME,"{
          ""parameters"":[
            {
              ""name"":""source_timestamp_column"",
              ""label"":""Source timestamp column"",
              ""control"":""column_select"",
              ""required"":true
            },
            {
              ""name"":""ingestion_timestamp_column"",
              ""label"":""Ingestion timestamp column"",
              ""control"":""column_select"",
              ""required"":true
            },
            {
              ""name"":""time_unit"",
              ""label"":""Time unit"",
              ""control"":""select"",
              ""options"":[""SECOND"",""MINUTE"",""HOUR"",""DAY""],
              ""required"":true
            }
          ]
        }","
SELECT
    CAST(
        AVG(
            TIMESTAMPDIFF(
                {time_unit},
                {source_timestamp_column},
                {ingestion_timestamp_column}
            )
        )
        AS DOUBLE
    ) AS metric_value,

    0 AS passed_count,
    0 AS failed_count,
    COUNT(*) AS total_count,
    COUNT(*) AS applicable_count
FROM {table}
WHERE {source_timestamp_column} IS NOT NULL
  AND {ingestion_timestamp_column} IS NOT NULL
",null,null,null,null,null,02_CRD_card_expiration,source/CARD_MGMT/CARD_ISSUANCE_LIFECYCLE/02_crd_card_expiration,CARD_MGMT,CARD_ISSUANCE_LIFECYCLE
454,9,T04,1,TABLE,null,null,null,null,<=,null,null,Maximum latency,PARAMETERIZED,Maximum difference between source and ingestion timestamps.,TABLE / COLUMN,null,DATE/TIMESTAMP,DATE_TIME,"{
          ""parameters"":[
            {
              ""name"":""source_timestamp_column"",
              ""label"":""Source timestamp column"",
              ""control"":""column_select"",
              ""required"":true
            },
            {
              ""name"":""ingestion_timestamp_column"",
              ""label"":""Ingestion timestamp column"",
              ""control"":""column_select"",
              ""required"":true
            },
            {
              ""name"":""time_unit"",
              ""label"":""Time unit"",
              ""control"":""select"",
              ""options"":[""SECOND"",""MINUTE"",""HOUR"",""DAY""],
              ""required"":true
            }
          ]
        }","
SELECT
    CAST(
        MAX(
            TIMESTAMPDIFF(
                {time_unit},
                {source_timestamp_column},
                {ingestion_timestamp_column}
            )
        )
        AS DOUBLE
    ) AS metric_value,

    0 AS passed_count,
    0 AS failed_count,
    COUNT(*) AS total_count,
    COUNT(*) AS applicable_count
FROM {table}
WHERE {source_timestamp_column} IS NOT NULL
  AND {ingestion_timestamp_column} IS NOT NULL
",null,null,null,null,null,02_CRD_card_expiration,source/CARD_MGMT/CARD_ISSUANCE_LIFECYCLE/02_crd_card_expiration,CARD_MGMT,CARD_ISSUANCE_LIFECYCLE
455,9,T05,1,TABLE,null,null,null,2.000000,<=,null,null,Late-record %,PARAMETERIZED,Percentage of records arriving later than configured expectation.,TABLE / COLUMN,2.000000,ALL,DATE_TIME,"{
  ""parameters"": [
    {
      ""name"": ""arrival_timestamp_column"",
      ""label"": ""Arrival timestamp column"",
      ""control"": ""column_select"",
      ""required"": true
    },
    {
      ""name"": ""expected_arrival"",
      ""label"": ""Expected arrival"",
      ""control"": ""datetime"",
      ""required"": true
    }
  ]
}","
SELECT
    100.0 * COUNT_IF(
        {arrival_timestamp_column} > {expected_arrival}
    ) / NULLIF(COUNT(*), 0) AS metric_value,
    COUNT_IF(
        {arrival_timestamp_column} <= {expected_arrival}
    ) AS passed_count,
    COUNT_IF(
        {arrival_timestamp_column} > {expected_arrival}
    ) AS failed_count,
    COUNT(*) AS total_count,
    COUNT(*) AS applicable_count
FROM {table}
WHERE {arrival_timestamp_column} IS NOT NULL
",null,null,null,null,null,02_CRD_card_expiration,source/CARD_MGMT/CARD_ISSUANCE_LIFECYCLE/02_crd_card_expiration,CARD_MGMT,CARD_ISSUANCE_LIFECYCLE
456,9,T06,1,TABLE,null,null,null,99.000000,>=,null,null,Expected-arrival coverage %,PARAMETERIZED,Percentage of expected arrivals actually received.,TABLE,99.000000,ALL,ANY,"
{
  ""parameters"": [
    {
      ""name"": ""arrival_condition"",
      ""label"": ""Arrival condition"",
      ""control"": ""expression"",
      ""required"": true
    },
    {
      ""name"": ""expected_arrival_count"",
      ""label"": ""Expected arrival count"",
      ""control"": ""number"",
      ""required"": true
    }
  ]
}
","
SELECT
    100.0 * COUNT_IF({arrival_condition})
        / NULLIF({expected_arrival_count}, 0) AS metric_value,
    COUNT_IF({arrival_condition}) AS passed_count,
    COUNT_IF(NOT ({arrival_condition})) AS failed_count,
    {expected_arrival_count} AS total_count,
    {expected_arrival_count} AS applicable_count
FROM {table}
",null,null,null,null,null,02_CRD_card_expiration,source/CARD_MGMT/CARD_ISSUANCE_LIFECYCLE/02_crd_card_expiration,CARD_MGMT,CARD_ISSUANCE_LIFECYCLE
458,9,U04,1,TABLE,null,null,null,100.000000,>=,null,null,Primary-key compliance %,PARAMETERIZED,Percentage of records having a non-null unique primary key.,TABLE,100.000000,ALL,ANY,"{
          ""parameters"":[
            {
              ""name"":""primary_key_column"",
              ""label"":""Primary key column"",
              ""control"":""column_select"",
              ""required"":true
            }
          ]
        }","
WITH key_stats AS (
    SELECT
        COUNT(*) AS total_count,
        COUNT({primary_key_column}) AS non_null_count,
        COUNT(DISTINCT {primary_key_column}) AS distinct_count
    FROM {table}
)
SELECT
    100.0 *
    CASE
        WHEN total_count = 0 THEN 100.0
        WHEN non_null_count = total_count
             AND distinct_count = total_count
        THEN 100.0
        ELSE 0.0
    END AS metric_value,

    CASE
        WHEN non_null_count = total_count
             AND distinct_count = total_count
        THEN total_count
        ELSE 0
    END AS passed_count,

    CASE
        WHEN non_null_count = total_count
             AND distinct_count = total_count
        THEN 0
        ELSE total_count
    END AS failed_count,

    total_count,
    total_count AS applicable_count
FROM key_stats
",null,null,null,null,null,02_CRD_card_expiration,source/CARD_MGMT/CARD_ISSUANCE_LIFECYCLE/02_crd_card_expiration,CARD_MGMT,CARD_ISSUANCE_LIFECYCLE
459,9,U05,1,TABLE,null,null,null,100.000000,>=,null,null,Composite-key uniqueness %,PARAMETERIZED,Percentage of applicable records with unique configured composite key.,TABLE,100.000000,ALL,ANY,"{
          ""parameters"":[
            {
              ""name"":""composite_key_columns"",
              ""label"":""Composite key columns"",
              ""control"":""column_multi_select"",
              ""required"":true
            }
          ]
        }","
SELECT
    100.0 * COUNT_IF(unique_key_flag = 1)
        / NULLIF(COUNT(*), 0) AS metric_value,
    COUNT_IF(unique_key_flag = 1) AS passed_count,
    COUNT_IF(unique_key_flag = 0) AS failed_count,
    COUNT(*) AS total_count,
    COUNT(*) AS applicable_count
FROM (
    SELECT
        {composite_key_columns},
        CASE
            WHEN COUNT(*) OVER (
                PARTITION BY {composite_key_columns}
            ) = 1 THEN 1
            ELSE 0
        END AS unique_key_flag
    FROM {table}
) keyed_rows
",null,null,null,null,null,02_CRD_card_expiration,source/CARD_MGMT/CARD_ISSUANCE_LIFECYCLE/02_crd_card_expiration,CARD_MGMT,CARD_ISSUANCE_LIFECYCLE
424,10,C05,1,TABLE,null,null,null,95.000000,>=,null,null,Record completeness %,PARAMETERIZED,Average completeness across configured required fields.,TABLE,95.000000,ALL,ANY,"{
          ""parameters"":[
            {
              ""name"":""required_columns"",
              ""label"":""Required columns"",
              ""control"":""column_multi_select"",
              ""required"":true
            }
          ]
        }","
SELECT
    100.0 * COUNT_IF({required_columns_condition})
        / NULLIF(COUNT(*), 0) AS metric_value,
    COUNT_IF({required_columns_condition}) AS passed_count,
    COUNT_IF(NOT ({required_columns_condition})) AS failed_count,
    COUNT(*) AS total_count,
    COUNT(*) AS applicable_count
FROM {table}
",null,null,null,null,null,02_CRD_card_replacement,source/CARD_MGMT/CARD_ISSUANCE_LIFECYCLE/02_crd_card_replacement,CARD_MGMT,CARD_ISSUANCE_LIFECYCLE
425,10,C07,1,TABLE,null,null,null,95.000000,>=,null,null,Selected-column completeness %,PARAMETERIZED,Percentage of records where all configured selected columns are populated.,TABLE,95.000000,ALL,ANY,"{
          ""parameters"":[
            {
              ""name"":""selected_columns"",
              ""label"":""Selected columns"",
              ""control"":""column_multi_select"",
              ""required"":true
            }
          ]
        }","
SELECT
    100.0 * COUNT_IF({selected_columns_condition})
        / NULLIF(COUNT(*), 0) AS metric_value,
    COUNT_IF({selected_columns_condition}) AS passed_count,
    COUNT_IF(NOT ({selected_columns_condition})) AS failed_count,
    COUNT(*) AS total_count,
    COUNT(*) AS applicable_count
FROM {table}
",null,null,null,null,null,02_CRD_card_replacement,source/CARD_MGMT/CARD_ISSUANCE_LIFECYCLE/02_crd_card_replacement,CARD_MGMT,CARD_ISSUANCE_LIFECYCLE
426,10,I04,1,TABLE,null,null,null,0.000000,<=,null,null,Primary-key null %,PARAMETERIZED,Percentage of records where the configured primary key is NULL.,TABLE,0.000000,ALL,ID,"{
          ""parameters"":[
            {
              ""name"":""primary_key_column"",
              ""label"":""Primary key column"",
              ""control"":""column_select"",
              ""required"":true
            }
          ]
        }","
SELECT
    100.0 * COUNT_IF(
        {primary_key_column} IS NULL
    ) / NULLIF(COUNT(*), 0) AS metric_value,
    COUNT_IF(
        {primary_key_column} IS NOT NULL
    ) AS passed_count,
    COUNT_IF(
        {primary_key_column} IS NULL
    ) AS failed_count,
    COUNT(*) AS total_count,
    COUNT(*) AS applicable_count
FROM {table}
",null,null,null,null,null,02_CRD_card_replacement,source/CARD_MGMT/CARD_ISSUANCE_LIFECYCLE/02_crd_card_replacement,CARD_MGMT,CARD_ISSUANCE_LIFECYCLE
367,10,K03,1,COLUMN,101,null,null,98.000000,>=,null,null,Standardization compliance %,PARAMETERIZED,Percentage of values matching configured canonical representation.,COLUMN,98.000000,STRING,CODE/ID/STATUS,"
{
  ""parameters"": [
    {
      ""name"": ""standardization_type"",
      ""label"": ""Standardization type"",
      ""control"": ""select"",
      ""required"": true,
      ""options"": [
        ""TRIM"",
        ""UPPERCASE"",
        ""LOWERCASE""
      ]
    }
  ]
}
","
SELECT
    100.0 * COUNT_IF(
        CASE
            WHEN {standardization_type} = TRIM
                THEN CAST({column} AS STRING) = TRIM(CAST({column} AS STRING))
            WHEN {standardization_type} = UPPERCASE
                THEN CAST({column} AS STRING) = UPPER(CAST({column} AS STRING))
            WHEN {standardization_type} = LOWERCASE
                THEN CAST({column} AS STRING) = LOWER(CAST({column} AS STRING))
            ELSE FALSE
        END
    ) / NULLIF(COUNT({column}), 0) AS metric_value,

    COUNT_IF(
        CASE
            WHEN {standardization_type} = TRIM
                THEN CAST({column} AS STRING) = TRIM(CAST({column} AS STRING))
            WHEN {standardization_type} = UPPERCASE
                THEN CAST({column} AS STRING) = UPPER(CAST({column} AS STRING))
            WHEN {standardization_type} = LOWERCASE
                THEN CAST({column} AS STRING) = LOWER(CAST({column} AS STRING))
            ELSE FALSE
        END
    ) AS passed_count,

    COUNT_IF(
        NOT (
            CASE
                WHEN {standardization_type} = TRIM
                    THEN CAST({column} AS STRING) = TRIM(CAST({column} AS STRING))
                WHEN {standardization_type} = UPPERCASE
                    THEN CAST({column} AS STRING) = UPPER(CAST({column} AS STRING))
                WHEN {standardization_type} = LOWERCASE
                    THEN CAST({column} AS STRING) = LOWER(CAST({column} AS STRING))
                ELSE FALSE
            END
        )
    ) AS failed_count,

    COUNT({column}) AS total_count,
    COUNT({column}) AS applicable_count
FROM {table}
WHERE {column} IS NOT NULL
",null,null,null,null,null,02_CRD_card_replacement,source/CARD_MGMT/CARD_ISSUANCE_LIFECYCLE/02_crd_card_replacement,CARD_MGMT,CARD_ISSUANCE_LIFECYCLE
387,10,K03,1,COLUMN,100,null,null,98.000000,>=,null,null,Standardization compliance %,PARAMETERIZED,Percentage of values matching configured canonical representation.,COLUMN,98.000000,STRING,CODE/ID/STATUS,"
{
  ""parameters"": [
    {
      ""name"": ""standardization_type"",
      ""label"": ""Standardization type"",
      ""control"": ""select"",
      ""required"": true,
      ""options"": [
        ""TRIM"",
        ""UPPERCASE"",
        ""LOWERCASE""
      ]
    }
  ]
}
","
SELECT
    100.0 * COUNT_IF(
        CASE
            WHEN {standardization_type} = TRIM
                THEN CAST({column} AS STRING) = TRIM(CAST({column} AS STRING))
            WHEN {standardization_type} = UPPERCASE
                THEN CAST({column} AS STRING) = UPPER(CAST({column} AS STRING))
            WHEN {standardization_type} = LOWERCASE
                THEN CAST({column} AS STRING) = LOWER(CAST({column} AS STRING))
            ELSE FALSE
        END
    ) / NULLIF(COUNT({column}), 0) AS metric_value,

    COUNT_IF(
        CASE
            WHEN {standardization_type} = TRIM
                THEN CAST({column} AS STRING) = TRIM(CAST({column} AS STRING))
            WHEN {standardization_type} = UPPERCASE
                THEN CAST({column} AS STRING) = UPPER(CAST({column} AS STRING))
            WHEN {standardization_type} = LOWERCASE
                THEN CAST({column} AS STRING) = LOWER(CAST({column} AS STRING))
            ELSE FALSE
        END
    ) AS passed_count,

    COUNT_IF(
        NOT (
            CASE
                WHEN {standardization_type} = TRIM
                    THEN CAST({column} AS STRING) = TRIM(CAST({column} AS STRING))
                WHEN {standardization_type} = UPPERCASE
                    THEN CAST({column} AS STRING) = UPPER(CAST({column} AS STRING))
                WHEN {standardization_type} = LOWERCASE
                    THEN CAST({column} AS STRING) = LOWER(CAST({column} AS STRING))
                ELSE FALSE
            END
        )
    ) AS failed_count,

    COUNT({column}) AS total_count,
    COUNT({column}) AS applicable_count
FROM {table}
WHERE {column} IS NOT NULL
",null,null,null,null,null,02_CRD_card_replacement,source/CARD_MGMT/CARD_ISSUANCE_LIFECYCLE/02_crd_card_replacement,CARD_MGMT,CARD_ISSUANCE_LIFECYCLE
429,10,P13,1,TABLE,null,null,null,null,null,null,null,Volume variance %,PARAMETERIZED,Percentage variance between current and baseline row volume.,TABLE,null,ALL,ANY,"{
          ""parameters"":[
            {
              ""name"":""baseline_row_count"",
              ""label"":""Baseline row count"",
              ""control"":""number"",
              ""min"":0,
              ""required"":true
            }
          ]
        }","
SELECT
    100.0 * ABS(
        COUNT(*) - {baseline_row_count}
    ) / NULLIF({baseline_row_count}, 0) AS metric_value,
    1 AS passed_count,
    0 AS failed_count,
    1 AS total_count,
    1 AS applicable_count
FROM {table}
",null,null,null,null,null,02_CRD_card_replacement,source/CARD_MGMT/CARD_ISSUANCE_LIFECYCLE/02_crd_card_replacement,CARD_MGMT,CARD_ISSUANCE_LIFECYCLE
430,10,P14,1,TABLE,null,null,null,99.000000,>=,null,null,Schema compliance %,PARAMETERIZED,Percentage of expected schema columns matching actual name and type.,TABLE,99.000000,ALL,ANY,"{
          ""parameters"":[
            {
              ""name"":""expected_schema"",
              ""label"":""Expected schema"",
              ""control"":""schema_definition"",
              ""required"":true
            }
          ]
        }","
SELECT
    {schema_compliance_expression} AS metric_value,
    {schema_passed_expression} AS passed_count,
    {schema_failed_expression} AS failed_count,
    {expected_column_count} AS total_count,
    {expected_column_count} AS applicable_count
FROM {table}
",null,null,null,null,null,02_CRD_card_replacement,source/CARD_MGMT/CARD_ISSUANCE_LIFECYCLE/02_crd_card_replacement,CARD_MGMT,CARD_ISSUANCE_LIFECYCLE
431,10,T01,1,TABLE,null,null,null,98.000000,>=,null,null,SLA compliance %,PARAMETERIZED,Percentage of records meeting configured SLA.,TABLE / COLUMN,98.000000,ALL,DATE_TIME,"{
          ""parameters"":[
            {
              ""name"":""sla_condition"",
              ""label"":""SLA condition"",
              ""control"":""expression"",
              ""required"":true
            }
          ]
        }","
SELECT
    100.0 * COUNT_IF({sla_condition})
        / NULLIF(COUNT(*), 0) AS metric_value,
    COUNT_IF({sla_condition}) AS passed_count,
    COUNT_IF(NOT ({sla_condition})) AS failed_count,
    COUNT(*) AS total_count,
    COUNT(*) AS applicable_count
FROM {table}
",null,null,null,null,null,02_CRD_card_replacement,source/CARD_MGMT/CARD_ISSUANCE_LIFECYCLE/02_crd_card_replacement,CARD_MGMT,CARD_ISSUANCE_LIFECYCLE
432,10,T02,1,TABLE,null,null,null,null,<=,null,null,Freshness age,PARAMETERIZED,Age of the most recent data timestamp.,TABLE / COLUMN,null,DATE/TIMESTAMP,DATE_TIME,"{
          ""parameters"":[
            {
              ""name"":""time_unit"",
              ""label"":""Time unit"",
              ""control"":""select"",
              ""options"":[""MINUTE"",""HOUR"",""DAY""],
              ""required"":true
            }
          ]
        }","
SELECT
    CAST(
        TIMESTAMPDIFF(
            {time_unit},
            MAX({column}),
            CURRENT_TIMESTAMP()
        )
        AS DOUBLE
    ) AS metric_value,

    0 AS passed_count,
    0 AS failed_count,
    COUNT(*) AS total_count,
    COUNT({column}) AS applicable_count
FROM {table}
",null,null,null,null,null,02_CRD_card_replacement,source/CARD_MGMT/CARD_ISSUANCE_LIFECYCLE/02_crd_card_replacement,CARD_MGMT,CARD_ISSUANCE_LIFECYCLE
433,10,T03,1,TABLE,null,null,null,null,<=,null,null,Average latency,PARAMETERIZED,Average difference between source and ingestion timestamps.,TABLE / COLUMN,null,DATE/TIMESTAMP,DATE_TIME,"{
          ""parameters"":[
            {
              ""name"":""source_timestamp_column"",
              ""label"":""Source timestamp column"",
              ""control"":""column_select"",
              ""required"":true
            },
            {
              ""name"":""ingestion_timestamp_column"",
              ""label"":""Ingestion timestamp column"",
              ""control"":""column_select"",
              ""required"":true
            },
            {
              ""name"":""time_unit"",
              ""label"":""Time unit"",
              ""control"":""select"",
              ""options"":[""SECOND"",""MINUTE"",""HOUR"",""DAY""],
              ""required"":true
            }
          ]
        }","
SELECT
    CAST(
        AVG(
            TIMESTAMPDIFF(
                {time_unit},
                {source_timestamp_column},
                {ingestion_timestamp_column}
            )
        )
        AS DOUBLE
    ) AS metric_value,

    0 AS passed_count,
    0 AS failed_count,
    COUNT(*) AS total_count,
    COUNT(*) AS applicable_count
FROM {table}
WHERE {source_timestamp_column} IS NOT NULL
  AND {ingestion_timestamp_column} IS NOT NULL
",null,null,null,null,null,02_CRD_card_replacement,source/CARD_MGMT/CARD_ISSUANCE_LIFECYCLE/02_crd_card_replacement,CARD_MGMT,CARD_ISSUANCE_LIFECYCLE
434,10,T04,1,TABLE,null,null,null,null,<=,null,null,Maximum latency,PARAMETERIZED,Maximum difference between source and ingestion timestamps.,TABLE / COLUMN,null,DATE/TIMESTAMP,DATE_TIME,"{
          ""parameters"":[
            {
              ""name"":""source_timestamp_column"",
              ""label"":""Source timestamp column"",
              ""control"":""column_select"",
              ""required"":true
            },
            {
              ""name"":""ingestion_timestamp_column"",
              ""label"":""Ingestion timestamp column"",
              ""control"":""column_select"",
              ""required"":true
            },
            {
              ""name"":""time_unit"",
              ""label"":""Time unit"",
              ""control"":""select"",
              ""options"":[""SECOND"",""MINUTE"",""HOUR"",""DAY""],
              ""required"":true
            }
          ]
        }","
SELECT
    CAST(
        MAX(
            TIMESTAMPDIFF(
                {time_unit},
                {source_timestamp_column},
                {ingestion_timestamp_column}
            )
        )
        AS DOUBLE
    ) AS metric_value,

    0 AS passed_count,
    0 AS failed_count,
    COUNT(*) AS total_count,
    COUNT(*) AS applicable_count
FROM {table}
WHERE {source_timestamp_column} IS NOT NULL
  AND {ingestion_timestamp_column} IS NOT NULL
",null,null,null,null,null,02_CRD_card_replacement,source/CARD_MGMT/CARD_ISSUANCE_LIFECYCLE/02_crd_card_replacement,CARD_MGMT,CARD_ISSUANCE_LIFECYCLE
435,10,T05,1,TABLE,null,null,null,2.000000,<=,null,null,Late-record %,PARAMETERIZED,Percentage of records arriving later than configured expectation.,TABLE / COLUMN,2.000000,ALL,DATE_TIME,"{
  ""parameters"": [
    {
      ""name"": ""arrival_timestamp_column"",
      ""label"": ""Arrival timestamp column"",
      ""control"": ""column_select"",
      ""required"": true
    },
    {
      ""name"": ""expected_arrival"",
      ""label"": ""Expected arrival"",
      ""control"": ""datetime"",
      ""required"": true
    }
  ]
}","
SELECT
    100.0 * COUNT_IF(
        {arrival_timestamp_column} > {expected_arrival}
    ) / NULLIF(COUNT(*), 0) AS metric_value,
    COUNT_IF(
        {arrival_timestamp_column} <= {expected_arrival}
    ) AS passed_count,
    COUNT_IF(
        {arrival_timestamp_column} > {expected_arrival}
    ) AS failed_count,
    COUNT(*) AS total_count,
    COUNT(*) AS applicable_count
FROM {table}
WHERE {arrival_timestamp_column} IS NOT NULL
",null,null,null,null,null,02_CRD_card_replacement,source/CARD_MGMT/CARD_ISSUANCE_LIFECYCLE/02_crd_card_replacement,CARD_MGMT,CARD_ISSUANCE_LIFECYCLE
436,10,T06,1,TABLE,null,null,null,99.000000,>=,null,null,Expected-arrival coverage %,PARAMETERIZED,Percentage of expected arrivals actually received.,TABLE,99.000000,ALL,ANY,"
{
  ""parameters"": [
    {
      ""name"": ""arrival_condition"",
      ""label"": ""Arrival condition"",
      ""control"": ""expression"",
      ""required"": true
    },
    {
      ""name"": ""expected_arrival_count"",
      ""label"": ""Expected arrival count"",
      ""control"": ""number"",
      ""required"": true
    }
  ]
}
","
SELECT
    100.0 * COUNT_IF({arrival_condition})
        / NULLIF({expected_arrival_count}, 0) AS metric_value,
    COUNT_IF({arrival_condition}) AS passed_count,
    COUNT_IF(NOT ({arrival_condition})) AS failed_count,
    {expected_arrival_count} AS total_count,
    {expected_arrival_count} AS applicable_count
FROM {table}
",null,null,null,null,null,02_CRD_card_replacement,source/CARD_MGMT/CARD_ISSUANCE_LIFECYCLE/02_crd_card_replacement,CARD_MGMT,CARD_ISSUANCE_LIFECYCLE
438,10,U04,1,TABLE,null,null,null,100.000000,>=,null,null,Primary-key compliance %,PARAMETERIZED,Percentage of records having a non-null unique primary key.,TABLE,100.000000,ALL,ANY,"{
          ""parameters"":[
            {
              ""name"":""primary_key_column"",
              ""label"":""Primary key column"",
              ""control"":""column_select"",
              ""required"":true
            }
          ]
        }","
WITH key_stats AS (
    SELECT
        COUNT(*) AS total_count,
        COUNT({primary_key_column}) AS non_null_count,
        COUNT(DISTINCT {primary_key_column}) AS distinct_count
    FROM {table}
)
SELECT
    100.0 *
    CASE
        WHEN total_count = 0 THEN 100.0
        WHEN non_null_count = total_count
             AND distinct_count = total_count
        THEN 100.0
        ELSE 0.0
    END AS metric_value,

    CASE
        WHEN non_null_count = total_count
             AND distinct_count = total_count
        THEN total_count
        ELSE 0
    END AS passed_count,

    CASE
        WHEN non_null_count = total_count
             AND distinct_count = total_count
        THEN 0
        ELSE total_count
    END AS failed_count,

    total_count,
    total_count AS applicable_count
FROM key_stats
",null,null,null,null,null,02_CRD_card_replacement,source/CARD_MGMT/CARD_ISSUANCE_LIFECYCLE/02_crd_card_replacement,CARD_MGMT,CARD_ISSUANCE_LIFECYCLE
439,10,U05,1,TABLE,null,null,null,100.000000,>=,null,null,Composite-key uniqueness %,PARAMETERIZED,Percentage of applicable records with unique configured composite key.,TABLE,100.000000,ALL,ANY,"{
          ""parameters"":[
            {
              ""name"":""composite_key_columns"",
              ""label"":""Composite key columns"",
              ""control"":""column_multi_select"",
              ""required"":true
            }
          ]
        }","
SELECT
    100.0 * COUNT_IF(unique_key_flag = 1)
        / NULLIF(COUNT(*), 0) AS metric_value,
    COUNT_IF(unique_key_flag = 1) AS passed_count,
    COUNT_IF(unique_key_flag = 0) AS failed_count,
    COUNT(*) AS total_count,
    COUNT(*) AS applicable_count
FROM (
    SELECT
        {composite_key_columns},
        CASE
            WHEN COUNT(*) OVER (
                PARTITION BY {composite_key_columns}
            ) = 1 THEN 1
            ELSE 0
        END AS unique_key_flag
    FROM {table}
) keyed_rows
",null,null,null,null,null,02_CRD_card_replacement,source/CARD_MGMT/CARD_ISSUANCE_LIFECYCLE/02_crd_card_replacement,CARD_MGMT,CARD_ISSUANCE_LIFECYCLE
193,11,A01,1,COLUMN,109,null,null,99.000000,>=,null,null,Reference-match accuracy %,PARAMETERIZED,Percentage of applicable values matching a trusted reference.,COLUMN / TABLE,99.000000,ALL,ANY,"
{
  ""parameters"": [
    {
      ""name"": ""reference_asset"",
      ""label"": ""Reference asset"",
      ""control"": ""asset_select"",
      ""required"": true
    },
    {
      ""name"": ""source_column"",
      ""label"": ""Source column"",
      ""control"": ""column_select"",
      ""required"": true
    },
    {
      ""name"": ""reference_column"",
      ""label"": ""Reference column"",
      ""control"": ""column_select"",
      ""required"": true
    }
  ]
}
","
SELECT
    100.0 * COUNT_IF(
        {match_condition}
    ) / NULLIF(COUNT({column}), 0) AS metric_value,
    COUNT_IF({match_condition}) AS passed_count,
    COUNT_IF(NOT ({match_condition})) AS failed_count,
    COUNT({column}) AS total_count,
    COUNT({column}) AS applicable_count
FROM {table}
WHERE {column} IS NOT NULL
",null,null,null,null,null,02_CRD_card_issuance,source/CARD_MGMT/CARD_ISSUANCE_LIFECYCLE/02_crd_card_issuance,CARD_MGMT,CARD_ISSUANCE_LIFECYCLE
404,11,C05,1,TABLE,null,null,null,95.000000,>=,null,null,Record completeness %,PARAMETERIZED,Average completeness across configured required fields.,TABLE,95.000000,ALL,ANY,"{
          ""parameters"":[
            {
              ""name"":""required_columns"",
              ""label"":""Required columns"",
              ""control"":""column_multi_select"",
              ""required"":true
            }
          ]
        }","
SELECT
    100.0 * COUNT_IF({required_columns_condition})
        / NULLIF(COUNT(*), 0) AS metric_value,
    COUNT_IF({required_columns_condition}) AS passed_count,
    COUNT_IF(NOT ({required_columns_condition})) AS failed_count,
    COUNT(*) AS total_count,
    COUNT(*) AS applicable_count
FROM {table}
",null,null,null,null,null,02_CRD_card_issuance,source/CARD_MGMT/CARD_ISSUANCE_LIFECYCLE/02_crd_card_issuance,CARD_MGMT,CARD_ISSUANCE_LIFECYCLE
405,11,C07,1,TABLE,null,null,null,95.000000,>=,null,null,Selected-column completeness %,PARAMETERIZED,Percentage of records where all configured selected columns are populated.,TABLE,95.000000,ALL,ANY,"{
          ""parameters"":[
            {
              ""name"":""selected_columns"",
              ""label"":""Selected columns"",
              ""control"":""column_multi_select"",
              ""required"":true
            }
          ]
        }","
SELECT
    100.0 * COUNT_IF({selected_columns_condition})
        / NULLIF(COUNT(*), 0) AS metric_value,
    COUNT_IF({selected_columns_condition}) AS passed_count,
    COUNT_IF(NOT ({selected_columns_condition})) AS failed_count,
    COUNT(*) AS total_count,
    COUNT(*) AS applicable_count
FROM {table}
",null,null,null,null,null,02_CRD_card_issuance,source/CARD_MGMT/CARD_ISSUANCE_LIFECYCLE/02_crd_card_issuance,CARD_MGMT,CARD_ISSUANCE_LIFECYCLE
406,11,I04,1,TABLE,null,null,null,0.000000,<=,null,null,Primary-key null %,PARAMETERIZED,Percentage of records where the configured primary key is NULL.,TABLE,0.000000,ALL,ID,"{
          ""parameters"":[
            {
              ""name"":""primary_key_column"",
              ""label"":""Primary key column"",
              ""control"":""column_select"",
              ""required"":true
            }
          ]
        }","
SELECT
    100.0 * COUNT_IF(
        {primary_key_column} IS NULL
    ) / NULLIF(COUNT(*), 0) AS metric_value,
    COUNT_IF(
        {primary_key_column} IS NOT NULL
    ) AS passed_count,
    COUNT_IF(
        {primary_key_column} IS NULL
    ) AS failed_count,
    COUNT(*) AS total_count,
    COUNT(*) AS applicable_count
FROM {table}
",null,null,null,null,null,02_CRD_card_issuance,source/CARD_MGMT/CARD_ISSUANCE_LIFECYCLE/02_crd_card_issuance,CARD_MGMT,CARD_ISSUANCE_LIFECYCLE
409,11,P13,1,TABLE,null,null,null,null,null,null,null,Volume variance %,PARAMETERIZED,Percentage variance between current and baseline row volume.,TABLE,null,ALL,ANY,"{
          ""parameters"":[
            {
              ""name"":""baseline_row_count"",
              ""label"":""Baseline row count"",
              ""control"":""number"",
              ""min"":0,
              ""required"":true
            }
          ]
        }","
SELECT
    100.0 * ABS(
        COUNT(*) - {baseline_row_count}
    ) / NULLIF({baseline_row_count}, 0) AS metric_value,
    1 AS passed_count,
    0 AS failed_count,
    1 AS total_count,
    1 AS applicable_count
FROM {table}
",null,null,null,null,null,02_CRD_card_issuance,source/CARD_MGMT/CARD_ISSUANCE_LIFECYCLE/02_crd_card_issuance,CARD_MGMT,CARD_ISSUANCE_LIFECYCLE
410,11,P14,1,TABLE,null,null,null,99.000000,>=,null,null,Schema compliance %,PARAMETERIZED,Percentage of expected schema columns matching actual name and type.,TABLE,99.000000,ALL,ANY,"{
          ""parameters"":[
            {
              ""name"":""expected_schema"",
              ""label"":""Expected schema"",
              ""control"":""schema_definition"",
              ""required"":true
            }
          ]
        }","
SELECT
    {schema_compliance_expression} AS metric_value,
    {schema_passed_expression} AS passed_count,
    {schema_failed_expression} AS failed_count,
    {expected_column_count} AS total_count,
    {expected_column_count} AS applicable_count
FROM {table}
",null,null,null,null,null,02_CRD_card_issuance,source/CARD_MGMT/CARD_ISSUANCE_LIFECYCLE/02_crd_card_issuance,CARD_MGMT,CARD_ISSUANCE_LIFECYCLE
411,11,T01,1,TABLE,null,null,null,98.000000,>=,null,null,SLA compliance %,PARAMETERIZED,Percentage of records meeting configured SLA.,TABLE / COLUMN,98.000000,ALL,DATE_TIME,"{
          ""parameters"":[
            {
              ""name"":""sla_condition"",
              ""label"":""SLA condition"",
              ""control"":""expression"",
              ""required"":true
            }
          ]
        }","
SELECT
    100.0 * COUNT_IF({sla_condition})
        / NULLIF(COUNT(*), 0) AS metric_value,
    COUNT_IF({sla_condition}) AS passed_count,
    COUNT_IF(NOT ({sla_condition})) AS failed_count,
    COUNT(*) AS total_count,
    COUNT(*) AS applicable_count
FROM {table}
",null,null,null,null,null,02_CRD_card_issuance,source/CARD_MGMT/CARD_ISSUANCE_LIFECYCLE/02_crd_card_issuance,CARD_MGMT,CARD_ISSUANCE_LIFECYCLE
412,11,T02,1,TABLE,null,null,null,null,<=,null,null,Freshness age,PARAMETERIZED,Age of the most recent data timestamp.,TABLE / COLUMN,null,DATE/TIMESTAMP,DATE_TIME,"{
          ""parameters"":[
            {
              ""name"":""time_unit"",
              ""label"":""Time unit"",
              ""control"":""select"",
              ""options"":[""MINUTE"",""HOUR"",""DAY""],
              ""required"":true
            }
          ]
        }","
SELECT
    CAST(
        TIMESTAMPDIFF(
            {time_unit},
            MAX({column}),
            CURRENT_TIMESTAMP()
        )
        AS DOUBLE
    ) AS metric_value,

    0 AS passed_count,
    0 AS failed_count,
    COUNT(*) AS total_count,
    COUNT({column}) AS applicable_count
FROM {table}
",null,null,null,null,null,02_CRD_card_issuance,source/CARD_MGMT/CARD_ISSUANCE_LIFECYCLE/02_crd_card_issuance,CARD_MGMT,CARD_ISSUANCE_LIFECYCLE
413,11,T03,1,TABLE,null,null,null,null,<=,null,null,Average latency,PARAMETERIZED,Average difference between source and ingestion timestamps.,TABLE / COLUMN,null,DATE/TIMESTAMP,DATE_TIME,"{
          ""parameters"":[
            {
              ""name"":""source_timestamp_column"",
              ""label"":""Source timestamp column"",
              ""control"":""column_select"",
              ""required"":true
            },
            {
              ""name"":""ingestion_timestamp_column"",
              ""label"":""Ingestion timestamp column"",
              ""control"":""column_select"",
              ""required"":true
            },
            {
              ""name"":""time_unit"",
              ""label"":""Time unit"",
              ""control"":""select"",
              ""options"":[""SECOND"",""MINUTE"",""HOUR"",""DAY""],
              ""required"":true
            }
          ]
        }","
SELECT
    CAST(
        AVG(
            TIMESTAMPDIFF(
                {time_unit},
                {source_timestamp_column},
                {ingestion_timestamp_column}
            )
        )
        AS DOUBLE
    ) AS metric_value,

    0 AS passed_count,
    0 AS failed_count,
    COUNT(*) AS total_count,
    COUNT(*) AS applicable_count
FROM {table}
WHERE {source_timestamp_column} IS NOT NULL
  AND {ingestion_timestamp_column} IS NOT NULL
",null,null,null,null,null,02_CRD_card_issuance,source/CARD_MGMT/CARD_ISSUANCE_LIFECYCLE/02_crd_card_issuance,CARD_MGMT,CARD_ISSUANCE_LIFECYCLE
414,11,T04,1,TABLE,null,null,null,null,<=,null,null,Maximum latency,PARAMETERIZED,Maximum difference between source and ingestion timestamps.,TABLE / COLUMN,null,DATE/TIMESTAMP,DATE_TIME,"{
          ""parameters"":[
            {
              ""name"":""source_timestamp_column"",
              ""label"":""Source timestamp column"",
              ""control"":""column_select"",
              ""required"":true
            },
            {
              ""name"":""ingestion_timestamp_column"",
              ""label"":""Ingestion timestamp column"",
              ""control"":""column_select"",
              ""required"":true
            },
            {
              ""name"":""time_unit"",
              ""label"":""Time unit"",
              ""control"":""select"",
              ""options"":[""SECOND"",""MINUTE"",""HOUR"",""DAY""],
              ""required"":true
            }
          ]
        }","
SELECT
    CAST(
        MAX(
            TIMESTAMPDIFF(
                {time_unit},
                {source_timestamp_column},
                {ingestion_timestamp_column}
            )
        )
        AS DOUBLE
    ) AS metric_value,

    0 AS passed_count,
    0 AS failed_count,
    COUNT(*) AS total_count,
    COUNT(*) AS applicable_count
FROM {table}
WHERE {source_timestamp_column} IS NOT NULL
  AND {ingestion_timestamp_column} IS NOT NULL
",null,null,null,null,null,02_CRD_card_issuance,source/CARD_MGMT/CARD_ISSUANCE_LIFECYCLE/02_crd_card_issuance,CARD_MGMT,CARD_ISSUANCE_LIFECYCLE
415,11,T05,1,TABLE,null,null,null,2.000000,<=,null,null,Late-record %,PARAMETERIZED,Percentage of records arriving later than configured expectation.,TABLE / COLUMN,2.000000,ALL,DATE_TIME,"{
  ""parameters"": [
    {
      ""name"": ""arrival_timestamp_column"",
      ""label"": ""Arrival timestamp column"",
      ""control"": ""column_select"",
      ""required"": true
    },
    {
      ""name"": ""expected_arrival"",
      ""label"": ""Expected arrival"",
      ""control"": ""datetime"",
      ""required"": true
    }
  ]
}","
SELECT
    100.0 * COUNT_IF(
        {arrival_timestamp_column} > {expected_arrival}
    ) / NULLIF(COUNT(*), 0) AS metric_value,
    COUNT_IF(
        {arrival_timestamp_column} <= {expected_arrival}
    ) AS passed_count,
    COUNT_IF(
        {arrival_timestamp_column} > {expected_arrival}
    ) AS failed_count,
    COUNT(*) AS total_count,
    COUNT(*) AS applicable_count
FROM {table}
WHERE {arrival_timestamp_column} IS NOT NULL
",null,null,null,null,null,02_CRD_card_issuance,source/CARD_MGMT/CARD_ISSUANCE_LIFECYCLE/02_crd_card_issuance,CARD_MGMT,CARD_ISSUANCE_LIFECYCLE
416,11,T06,1,TABLE,null,null,null,99.000000,>=,null,null,Expected-arrival coverage %,PARAMETERIZED,Percentage of expected arrivals actually received.,TABLE,99.000000,ALL,ANY,"
{
  ""parameters"": [
    {
      ""name"": ""arrival_condition"",
      ""label"": ""Arrival condition"",
      ""control"": ""expression"",
      ""required"": true
    },
    {
      ""name"": ""expected_arrival_count"",
      ""label"": ""Expected arrival count"",
      ""control"": ""number"",
      ""required"": true
    }
  ]
}
","
SELECT
    100.0 * COUNT_IF({arrival_condition})
        / NULLIF({expected_arrival_count}, 0) AS metric_value,
    COUNT_IF({arrival_condition}) AS passed_count,
    COUNT_IF(NOT ({arrival_condition})) AS failed_count,
    {expected_arrival_count} AS total_count,
    {expected_arrival_count} AS applicable_count
FROM {table}
",null,null,null,null,null,02_CRD_card_issuance,source/CARD_MGMT/CARD_ISSUANCE_LIFECYCLE/02_crd_card_issuance,CARD_MGMT,CARD_ISSUANCE_LIFECYCLE
418,11,U04,1,TABLE,null,null,null,100.000000,>=,null,null,Primary-key compliance %,PARAMETERIZED,Percentage of records having a non-null unique primary key.,TABLE,100.000000,ALL,ANY,"{
          ""parameters"":[
            {
              ""name"":""primary_key_column"",
              ""label"":""Primary key column"",
              ""control"":""column_select"",
              ""required"":true
            }
          ]
        }","
WITH key_stats AS (
    SELECT
        COUNT(*) AS total_count,
        COUNT({primary_key_column}) AS non_null_count,
        COUNT(DISTINCT {primary_key_column}) AS distinct_count
    FROM {table}
)
SELECT
    100.0 *
    CASE
        WHEN total_count = 0 THEN 100.0
        WHEN non_null_count = total_count
             AND distinct_count = total_count
        THEN 100.0
        ELSE 0.0
    END AS metric_value,

    CASE
        WHEN non_null_count = total_count
             AND distinct_count = total_count
        THEN total_count
        ELSE 0
    END AS passed_count,

    CASE
        WHEN non_null_count = total_count
             AND distinct_count = total_count
        THEN 0
        ELSE total_count
    END AS failed_count,

    total_count,
    total_count AS applicable_count
FROM key_stats
",null,null,null,null,null,02_CRD_card_issuance,source/CARD_MGMT/CARD_ISSUANCE_LIFECYCLE/02_crd_card_issuance,CARD_MGMT,CARD_ISSUANCE_LIFECYCLE
419,11,U05,1,TABLE,null,null,null,100.000000,>=,null,null,Composite-key uniqueness %,PARAMETERIZED,Percentage of applicable records with unique configured composite key.,TABLE,100.000000,ALL,ANY,"{
          ""parameters"":[
            {
              ""name"":""composite_key_columns"",
              ""label"":""Composite key columns"",
              ""control"":""column_multi_select"",
              ""required"":true
            }
          ]
        }","
SELECT
    100.0 * COUNT_IF(unique_key_flag = 1)
        / NULLIF(COUNT(*), 0) AS metric_value,
    COUNT_IF(unique_key_flag = 1) AS passed_count,
    COUNT_IF(unique_key_flag = 0) AS failed_count,
    COUNT(*) AS total_count,
    COUNT(*) AS applicable_count
FROM (
    SELECT
        {composite_key_columns},
        CASE
            WHEN COUNT(*) OVER (
                PARTITION BY {composite_key_columns}
            ) = 1 THEN 1
            ELSE 0
        END AS unique_key_flag
    FROM {table}
) keyed_rows
",null,null,null,null,null,02_CRD_card_issuance,source/CARD_MGMT/CARD_ISSUANCE_LIFECYCLE/02_crd_card_issuance,CARD_MGMT,CARD_ISSUANCE_LIFECYCLE
384,12,C05,1,TABLE,null,null,null,95.000000,>=,null,null,Record completeness %,PARAMETERIZED,Average completeness across configured required fields.,TABLE,95.000000,ALL,ANY,"{
          ""parameters"":[
            {
              ""name"":""required_columns"",
              ""label"":""Required columns"",
              ""control"":""column_multi_select"",
              ""required"":true
            }
          ]
        }","
SELECT
    100.0 * COUNT_IF({required_columns_condition})
        / NULLIF(COUNT(*), 0) AS metric_value,
    COUNT_IF({required_columns_condition}) AS passed_count,
    COUNT_IF(NOT ({required_columns_condition})) AS failed_count,
    COUNT(*) AS total_count,
    COUNT(*) AS applicable_count
FROM {table}
",null,null,null,null,null,02_CRD_card_activation,source/CARD_MGMT/CARD_ISSUANCE_LIFECYCLE/02_crd_card_activation,CARD_MGMT,CARD_ISSUANCE_LIFECYCLE
385,12,C07,1,TABLE,null,null,null,95.000000,>=,null,null,Selected-column completeness %,PARAMETERIZED,Percentage of records where all configured selected columns are populated.,TABLE,95.000000,ALL,ANY,"{
          ""parameters"":[
            {
              ""name"":""selected_columns"",
              ""label"":""Selected columns"",
              ""control"":""column_multi_select"",
              ""required"":true
            }
          ]
        }","
SELECT
    100.0 * COUNT_IF({selected_columns_condition})
        / NULLIF(COUNT(*), 0) AS metric_value,
    COUNT_IF({selected_columns_condition}) AS passed_count,
    COUNT_IF(NOT ({selected_columns_condition})) AS failed_count,
    COUNT(*) AS total_count,
    COUNT(*) AS applicable_count
FROM {table}
",null,null,null,null,null,02_CRD_card_activation,source/CARD_MGMT/CARD_ISSUANCE_LIFECYCLE/02_crd_card_activation,CARD_MGMT,CARD_ISSUANCE_LIFECYCLE
386,12,I04,1,TABLE,null,null,null,0.000000,<=,null,null,Primary-key null %,PARAMETERIZED,Percentage of records where the configured primary key is NULL.,TABLE,0.000000,ALL,ID,"{
          ""parameters"":[
            {
              ""name"":""primary_key_column"",
              ""label"":""Primary key column"",
              ""control"":""column_select"",
              ""required"":true
            }
          ]
        }","
SELECT
    100.0 * COUNT_IF(
        {primary_key_column} IS NULL
    ) / NULLIF(COUNT(*), 0) AS metric_value,
    COUNT_IF(
        {primary_key_column} IS NOT NULL
    ) AS passed_count,
    COUNT_IF(
        {primary_key_column} IS NULL
    ) AS failed_count,
    COUNT(*) AS total_count,
    COUNT(*) AS applicable_count
FROM {table}
",null,null,null,null,null,02_CRD_card_activation,source/CARD_MGMT/CARD_ISSUANCE_LIFECYCLE/02_crd_card_activation,CARD_MGMT,CARD_ISSUANCE_LIFECYCLE
327,12,K03,1,COLUMN,118,null,null,98.000000,>=,null,null,Standardization compliance %,PARAMETERIZED,Percentage of values matching configured canonical representation.,COLUMN,98.000000,STRING,CODE/ID/STATUS,"
{
  ""parameters"": [
    {
      ""name"": ""standardization_type"",
      ""label"": ""Standardization type"",
      ""control"": ""select"",
      ""required"": true,
      ""options"": [
        ""TRIM"",
        ""UPPERCASE"",
        ""LOWERCASE""
      ]
    }
  ]
}
","
SELECT
    100.0 * COUNT_IF(
        CASE
            WHEN {standardization_type} = TRIM
                THEN CAST({column} AS STRING) = TRIM(CAST({column} AS STRING))
            WHEN {standardization_type} = UPPERCASE
                THEN CAST({column} AS STRING) = UPPER(CAST({column} AS STRING))
            WHEN {standardization_type} = LOWERCASE
                THEN CAST({column} AS STRING) = LOWER(CAST({column} AS STRING))
            ELSE FALSE
        END
    ) / NULLIF(COUNT({column}), 0) AS metric_value,

    COUNT_IF(
        CASE
            WHEN {standardization_type} = TRIM
                THEN CAST({column} AS STRING) = TRIM(CAST({column} AS STRING))
            WHEN {standardization_type} = UPPERCASE
                THEN CAST({column} AS STRING) = UPPER(CAST({column} AS STRING))
            WHEN {standardization_type} = LOWERCASE
                THEN CAST({column} AS STRING) = LOWER(CAST({column} AS STRING))
            ELSE FALSE
        END
    ) AS passed_count,

    COUNT_IF(
        NOT (
            CASE
                WHEN {standardization_type} = TRIM
                    THEN CAST({column} AS STRING) = TRIM(CAST({column} AS STRING))
                WHEN {standardization_type} = UPPERCASE
                    THEN CAST({column} AS STRING) = UPPER(CAST({column} AS STRING))
                WHEN {standardization_type} = LOWERCASE
                    THEN CAST({column} AS STRING) = LOWER(CAST({column} AS STRING))
                ELSE FALSE
            END
        )
    ) AS failed_count,

    COUNT({column}) AS total_count,
    COUNT({column}) AS applicable_count
FROM {table}
WHERE {column} IS NOT NULL
",null,null,null,null,null,02_CRD_card_activation,source/CARD_MGMT/CARD_ISSUANCE_LIFECYCLE/02_crd_card_activation,CARD_MGMT,CARD_ISSUANCE_LIFECYCLE
347,12,K03,1,COLUMN,117,null,null,98.000000,>=,null,null,Standardization compliance %,PARAMETERIZED,Percentage of values matching configured canonical representation.,COLUMN,98.000000,STRING,CODE/ID/STATUS,"
{
  ""parameters"": [
    {
      ""name"": ""standardization_type"",
      ""label"": ""Standardization type"",
      ""control"": ""select"",
      ""required"": true,
      ""options"": [
        ""TRIM"",
        ""UPPERCASE"",
        ""LOWERCASE""
      ]
    }
  ]
}
","
SELECT
    100.0 * COUNT_IF(
        CASE
            WHEN {standardization_type} = TRIM
                THEN CAST({column} AS STRING) = TRIM(CAST({column} AS STRING))
            WHEN {standardization_type} = UPPERCASE
                THEN CAST({column} AS STRING) = UPPER(CAST({column} AS STRING))
            WHEN {standardization_type} = LOWERCASE
                THEN CAST({column} AS STRING) = LOWER(CAST({column} AS STRING))
            ELSE FALSE
        END
    ) / NULLIF(COUNT({column}), 0) AS metric_value,

    COUNT_IF(
        CASE
            WHEN {standardization_type} = TRIM
                THEN CAST({column} AS STRING) = TRIM(CAST({column} AS STRING))
            WHEN {standardization_type} = UPPERCASE
                THEN CAST({column} AS STRING) = UPPER(CAST({column} AS STRING))
            WHEN {standardization_type} = LOWERCASE
                THEN CAST({column} AS STRING) = LOWER(CAST({column} AS STRING))
            ELSE FALSE
        END
    ) AS passed_count,

    COUNT_IF(
        NOT (
            CASE
                WHEN {standardization_type} = TRIM
                    THEN CAST({column} AS STRING) = TRIM(CAST({column} AS STRING))
                WHEN {standardization_type} = UPPERCASE
                    THEN CAST({column} AS STRING) = UPPER(CAST({column} AS STRING))
                WHEN {standardization_type} = LOWERCASE
                    THEN CAST({column} AS STRING) = LOWER(CAST({column} AS STRING))
                ELSE FALSE
            END
        )
    ) AS failed_count,

    COUNT({column}) AS total_count,
    COUNT({column}) AS applicable_count
FROM {table}
WHERE {column} IS NOT NULL
",null,null,null,null,null,02_CRD_card_activation,source/CARD_MGMT/CARD_ISSUANCE_LIFECYCLE/02_crd_card_activation,CARD_MGMT,CARD_ISSUANCE_LIFECYCLE
389,12,P13,1,TABLE,null,null,null,null,null,null,null,Volume variance %,PARAMETERIZED,Percentage variance between current and baseline row volume.,TABLE,null,ALL,ANY,"{
          ""parameters"":[
            {
              ""name"":""baseline_row_count"",
              ""label"":""Baseline row count"",
              ""control"":""number"",
              ""min"":0,
              ""required"":true
            }
          ]
        }","
SELECT
    100.0 * ABS(
        COUNT(*) - {baseline_row_count}
    ) / NULLIF({baseline_row_count}, 0) AS metric_value,
    1 AS passed_count,
    0 AS failed_count,
    1 AS total_count,
    1 AS applicable_count
FROM {table}
",null,null,null,null,null,02_CRD_card_activation,source/CARD_MGMT/CARD_ISSUANCE_LIFECYCLE/02_crd_card_activation,CARD_MGMT,CARD_ISSUANCE_LIFECYCLE
390,12,P14,1,TABLE,null,null,null,99.000000,>=,null,null,Schema compliance %,PARAMETERIZED,Percentage of expected schema columns matching actual name and type.,TABLE,99.000000,ALL,ANY,"{
          ""parameters"":[
            {
              ""name"":""expected_schema"",
              ""label"":""Expected schema"",
              ""control"":""schema_definition"",
              ""required"":true
            }
          ]
        }","
SELECT
    {schema_compliance_expression} AS metric_value,
    {schema_passed_expression} AS passed_count,
    {schema_failed_expression} AS failed_count,
    {expected_column_count} AS total_count,
    {expected_column_count} AS applicable_count
FROM {table}
",null,null,null,null,null,02_CRD_card_activation,source/CARD_MGMT/CARD_ISSUANCE_LIFECYCLE/02_crd_card_activation,CARD_MGMT,CARD_ISSUANCE_LIFECYCLE
391,12,T01,1,TABLE,null,null,null,98.000000,>=,null,null,SLA compliance %,PARAMETERIZED,Percentage of records meeting configured SLA.,TABLE / COLUMN,98.000000,ALL,DATE_TIME,"{
          ""parameters"":[
            {
              ""name"":""sla_condition"",
              ""label"":""SLA condition"",
              ""control"":""expression"",
              ""required"":true
            }
          ]
        }","
SELECT
    100.0 * COUNT_IF({sla_condition})
        / NULLIF(COUNT(*), 0) AS metric_value,
    COUNT_IF({sla_condition}) AS passed_count,
    COUNT_IF(NOT ({sla_condition})) AS failed_count,
    COUNT(*) AS total_count,
    COUNT(*) AS applicable_count
FROM {table}
",null,null,null,null,null,02_CRD_card_activation,source/CARD_MGMT/CARD_ISSUANCE_LIFECYCLE/02_crd_card_activation,CARD_MGMT,CARD_ISSUANCE_LIFECYCLE
392,12,T02,1,TABLE,null,null,null,null,<=,null,null,Freshness age,PARAMETERIZED,Age of the most recent data timestamp.,TABLE / COLUMN,null,DATE/TIMESTAMP,DATE_TIME,"{
          ""parameters"":[
            {
              ""name"":""time_unit"",
              ""label"":""Time unit"",
              ""control"":""select"",
              ""options"":[""MINUTE"",""HOUR"",""DAY""],
              ""required"":true
            }
          ]
        }","
SELECT
    CAST(
        TIMESTAMPDIFF(
            {time_unit},
            MAX({column}),
            CURRENT_TIMESTAMP()
        )
        AS DOUBLE
    ) AS metric_value,

    0 AS passed_count,
    0 AS failed_count,
    COUNT(*) AS total_count,
    COUNT({column}) AS applicable_count
FROM {table}
",null,null,null,null,null,02_CRD_card_activation,source/CARD_MGMT/CARD_ISSUANCE_LIFECYCLE/02_crd_card_activation,CARD_MGMT,CARD_ISSUANCE_LIFECYCLE
393,12,T03,1,TABLE,null,null,null,null,<=,null,null,Average latency,PARAMETERIZED,Average difference between source and ingestion timestamps.,TABLE / COLUMN,null,DATE/TIMESTAMP,DATE_TIME,"{
          ""parameters"":[
            {
              ""name"":""source_timestamp_column"",
              ""label"":""Source timestamp column"",
              ""control"":""column_select"",
              ""required"":true
            },
            {
              ""name"":""ingestion_timestamp_column"",
              ""label"":""Ingestion timestamp column"",
              ""control"":""column_select"",
              ""required"":true
            },
            {
              ""name"":""time_unit"",
              ""label"":""Time unit"",
              ""control"":""select"",
              ""options"":[""SECOND"",""MINUTE"",""HOUR"",""DAY""],
              ""required"":true
            }
          ]
        }","
SELECT
    CAST(
        AVG(
            TIMESTAMPDIFF(
                {time_unit},
                {source_timestamp_column},
                {ingestion_timestamp_column}
            )
        )
        AS DOUBLE
    ) AS metric_value,

    0 AS passed_count,
    0 AS failed_count,
    COUNT(*) AS total_count,
    COUNT(*) AS applicable_count
FROM {table}
WHERE {source_timestamp_column} IS NOT NULL
  AND {ingestion_timestamp_column} IS NOT NULL
",null,null,null,null,null,02_CRD_card_activation,source/CARD_MGMT/CARD_ISSUANCE_LIFECYCLE/02_crd_card_activation,CARD_MGMT,CARD_ISSUANCE_LIFECYCLE
394,12,T04,1,TABLE,null,null,null,null,<=,null,null,Maximum latency,PARAMETERIZED,Maximum difference between source and ingestion timestamps.,TABLE / COLUMN,null,DATE/TIMESTAMP,DATE_TIME,"{
          ""parameters"":[
            {
              ""name"":""source_timestamp_column"",
              ""label"":""Source timestamp column"",
              ""control"":""column_select"",
              ""required"":true
            },
            {
              ""name"":""ingestion_timestamp_column"",
              ""label"":""Ingestion timestamp column"",
              ""control"":""column_select"",
              ""required"":true
            },
            {
              ""name"":""time_unit"",
              ""label"":""Time unit"",
              ""control"":""select"",
              ""options"":[""SECOND"",""MINUTE"",""HOUR"",""DAY""],
              ""required"":true
            }
          ]
        }","
SELECT
    CAST(
        MAX(
            TIMESTAMPDIFF(
                {time_unit},
                {source_timestamp_column},
                {ingestion_timestamp_column}
            )
        )
        AS DOUBLE
    ) AS metric_value,

    0 AS passed_count,
    0 AS failed_count,
    COUNT(*) AS total_count,
    COUNT(*) AS applicable_count
FROM {table}
WHERE {source_timestamp_column} IS NOT NULL
  AND {ingestion_timestamp_column} IS NOT NULL
",null,null,null,null,null,02_CRD_card_activation,source/CARD_MGMT/CARD_ISSUANCE_LIFECYCLE/02_crd_card_activation,CARD_MGMT,CARD_ISSUANCE_LIFECYCLE
395,12,T05,1,TABLE,null,null,null,2.000000,<=,null,null,Late-record %,PARAMETERIZED,Percentage of records arriving later than configured expectation.,TABLE / COLUMN,2.000000,ALL,DATE_TIME,"{
  ""parameters"": [
    {
      ""name"": ""arrival_timestamp_column"",
      ""label"": ""Arrival timestamp column"",
      ""control"": ""column_select"",
      ""required"": true
    },
    {
      ""name"": ""expected_arrival"",
      ""label"": ""Expected arrival"",
      ""control"": ""datetime"",
      ""required"": true
    }
  ]
}","
SELECT
    100.0 * COUNT_IF(
        {arrival_timestamp_column} > {expected_arrival}
    ) / NULLIF(COUNT(*), 0) AS metric_value,
    COUNT_IF(
        {arrival_timestamp_column} <= {expected_arrival}
    ) AS passed_count,
    COUNT_IF(
        {arrival_timestamp_column} > {expected_arrival}
    ) AS failed_count,
    COUNT(*) AS total_count,
    COUNT(*) AS applicable_count
FROM {table}
WHERE {arrival_timestamp_column} IS NOT NULL
",null,null,null,null,null,02_CRD_card_activation,source/CARD_MGMT/CARD_ISSUANCE_LIFECYCLE/02_crd_card_activation,CARD_MGMT,CARD_ISSUANCE_LIFECYCLE
396,12,T06,1,TABLE,null,null,null,99.000000,>=,null,null,Expected-arrival coverage %,PARAMETERIZED,Percentage of expected arrivals actually received.,TABLE,99.000000,ALL,ANY,"
{
  ""parameters"": [
    {
      ""name"": ""arrival_condition"",
      ""label"": ""Arrival condition"",
      ""control"": ""expression"",
      ""required"": true
    },
    {
      ""name"": ""expected_arrival_count"",
      ""label"": ""Expected arrival count"",
      ""control"": ""number"",
      ""required"": true
    }
  ]
}
","
SELECT
    100.0 * COUNT_IF({arrival_condition})
        / NULLIF({expected_arrival_count}, 0) AS metric_value,
    COUNT_IF({arrival_condition}) AS passed_count,
    COUNT_IF(NOT ({arrival_condition})) AS failed_count,
    {expected_arrival_count} AS total_count,
    {expected_arrival_count} AS applicable_count
FROM {table}
",null,null,null,null,null,02_CRD_card_activation,source/CARD_MGMT/CARD_ISSUANCE_LIFECYCLE/02_crd_card_activation,CARD_MGMT,CARD_ISSUANCE_LIFECYCLE
398,12,U04,1,TABLE,null,null,null,100.000000,>=,null,null,Primary-key compliance %,PARAMETERIZED,Percentage of records having a non-null unique primary key.,TABLE,100.000000,ALL,ANY,"{
          ""parameters"":[
            {
              ""name"":""primary_key_column"",
              ""label"":""Primary key column"",
              ""control"":""column_select"",
              ""required"":true
            }
          ]
        }","
WITH key_stats AS (
    SELECT
        COUNT(*) AS total_count,
        COUNT({primary_key_column}) AS non_null_count,
        COUNT(DISTINCT {primary_key_column}) AS distinct_count
    FROM {table}
)
SELECT
    100.0 *
    CASE
        WHEN total_count = 0 THEN 100.0
        WHEN non_null_count = total_count
             AND distinct_count = total_count
        THEN 100.0
        ELSE 0.0
    END AS metric_value,

    CASE
        WHEN non_null_count = total_count
             AND distinct_count = total_count
        THEN total_count
        ELSE 0
    END AS passed_count,

    CASE
        WHEN non_null_count = total_count
             AND distinct_count = total_count
        THEN 0
        ELSE total_count
    END AS failed_count,

    total_count,
    total_count AS applicable_count
FROM key_stats
",null,null,null,null,null,02_CRD_card_activation,source/CARD_MGMT/CARD_ISSUANCE_LIFECYCLE/02_crd_card_activation,CARD_MGMT,CARD_ISSUANCE_LIFECYCLE
399,12,U05,1,TABLE,null,null,null,100.000000,>=,null,null,Composite-key uniqueness %,PARAMETERIZED,Percentage of applicable records with unique configured composite key.,TABLE,100.000000,ALL,ANY,"{
          ""parameters"":[
            {
              ""name"":""composite_key_columns"",
              ""label"":""Composite key columns"",
              ""control"":""column_multi_select"",
              ""required"":true
            }
          ]
        }","
SELECT
    100.0 * COUNT_IF(unique_key_flag = 1)
        / NULLIF(COUNT(*), 0) AS metric_value,
    COUNT_IF(unique_key_flag = 1) AS passed_count,
    COUNT_IF(unique_key_flag = 0) AS failed_count,
    COUNT(*) AS total_count,
    COUNT(*) AS applicable_count
FROM (
    SELECT
        {composite_key_columns},
        CASE
            WHEN COUNT(*) OVER (
                PARTITION BY {composite_key_columns}
            ) = 1 THEN 1
            ELSE 0
        END AS unique_key_flag
    FROM {table}
) keyed_rows
",null,null,null,null,null,02_CRD_card_activation,source/CARD_MGMT/CARD_ISSUANCE_LIFECYCLE/02_crd_card_activation,CARD_MGMT,CARD_ISSUANCE_LIFECYCLE
364,13,C05,1,TABLE,null,null,null,95.000000,>=,null,null,Record completeness %,PARAMETERIZED,Average completeness across configured required fields.,TABLE,95.000000,ALL,ANY,"{
          ""parameters"":[
            {
              ""name"":""required_columns"",
              ""label"":""Required columns"",
              ""control"":""column_multi_select"",
              ""required"":true
            }
          ]
        }","
SELECT
    100.0 * COUNT_IF({required_columns_condition})
        / NULLIF(COUNT(*), 0) AS metric_value,
    COUNT_IF({required_columns_condition}) AS passed_count,
    COUNT_IF(NOT ({required_columns_condition})) AS failed_count,
    COUNT(*) AS total_count,
    COUNT(*) AS applicable_count
FROM {table}
",null,null,null,null,null,02_CRD_card_feature,source/CARD_MGMT/CARD_ACCOUNT_MANAGEMENT/02_crd_card_product_feature,CARD_MGMT,CARD_ACCOUNT_MANAGEMENT
365,13,C07,1,TABLE,null,null,null,95.000000,>=,null,null,Selected-column completeness %,PARAMETERIZED,Percentage of records where all configured selected columns are populated.,TABLE,95.000000,ALL,ANY,"{
          ""parameters"":[
            {
              ""name"":""selected_columns"",
              ""label"":""Selected columns"",
              ""control"":""column_multi_select"",
              ""required"":true
            }
          ]
        }","
SELECT
    100.0 * COUNT_IF({selected_columns_condition})
        / NULLIF(COUNT(*), 0) AS metric_value,
    COUNT_IF({selected_columns_condition}) AS passed_count,
    COUNT_IF(NOT ({selected_columns_condition})) AS failed_count,
    COUNT(*) AS total_count,
    COUNT(*) AS applicable_count
FROM {table}
",null,null,null,null,null,02_CRD_card_feature,source/CARD_MGMT/CARD_ACCOUNT_MANAGEMENT/02_crd_card_product_feature,CARD_MGMT,CARD_ACCOUNT_MANAGEMENT
366,13,I04,1,TABLE,null,null,null,0.000000,<=,null,null,Primary-key null %,PARAMETERIZED,Percentage of records where the configured primary key is NULL.,TABLE,0.000000,ALL,ID,"{
          ""parameters"":[
            {
              ""name"":""primary_key_column"",
              ""label"":""Primary key column"",
              ""control"":""column_select"",
              ""required"":true
            }
          ]
        }","
SELECT
    100.0 * COUNT_IF(
        {primary_key_column} IS NULL
    ) / NULLIF(COUNT(*), 0) AS metric_value,
    COUNT_IF(
        {primary_key_column} IS NOT NULL
    ) AS passed_count,
    COUNT_IF(
        {primary_key_column} IS NULL
    ) AS failed_count,
    COUNT(*) AS total_count,
    COUNT(*) AS applicable_count
FROM {table}
",null,null,null,null,null,02_CRD_card_feature,source/CARD_MGMT/CARD_ACCOUNT_MANAGEMENT/02_crd_card_product_feature,CARD_MGMT,CARD_ACCOUNT_MANAGEMENT
369,13,P13,1,TABLE,null,null,null,null,null,null,null,Volume variance %,PARAMETERIZED,Percentage variance between current and baseline row volume.,TABLE,null,ALL,ANY,"{
          ""parameters"":[
            {
              ""name"":""baseline_row_count"",
              ""label"":""Baseline row count"",
              ""control"":""number"",
              ""min"":0,
              ""required"":true
            }
          ]
        }","
SELECT
    100.0 * ABS(
        COUNT(*) - {baseline_row_count}
    ) / NULLIF({baseline_row_count}, 0) AS metric_value,
    1 AS passed_count,
    0 AS failed_count,
    1 AS total_count,
    1 AS applicable_count
FROM {table}
",null,null,null,null,null,02_CRD_card_feature,source/CARD_MGMT/CARD_ACCOUNT_MANAGEMENT/02_crd_card_product_feature,CARD_MGMT,CARD_ACCOUNT_MANAGEMENT
370,13,P14,1,TABLE,null,null,null,99.000000,>=,null,null,Schema compliance %,PARAMETERIZED,Percentage of expected schema columns matching actual name and type.,TABLE,99.000000,ALL,ANY,"{
          ""parameters"":[
            {
              ""name"":""expected_schema"",
              ""label"":""Expected schema"",
              ""control"":""schema_definition"",
              ""required"":true
            }
          ]
        }","
SELECT
    {schema_compliance_expression} AS metric_value,
    {schema_passed_expression} AS passed_count,
    {schema_failed_expression} AS failed_count,
    {expected_column_count} AS total_count,
    {expected_column_count} AS applicable_count
FROM {table}
",null,null,null,null,null,02_CRD_card_feature,source/CARD_MGMT/CARD_ACCOUNT_MANAGEMENT/02_crd_card_product_feature,CARD_MGMT,CARD_ACCOUNT_MANAGEMENT
371,13,T01,1,TABLE,null,null,null,98.000000,>=,null,null,SLA compliance %,PARAMETERIZED,Percentage of records meeting configured SLA.,TABLE / COLUMN,98.000000,ALL,DATE_TIME,"{
          ""parameters"":[
            {
              ""name"":""sla_condition"",
              ""label"":""SLA condition"",
              ""control"":""expression"",
              ""required"":true
            }
          ]
        }","
SELECT
    100.0 * COUNT_IF({sla_condition})
        / NULLIF(COUNT(*), 0) AS metric_value,
    COUNT_IF({sla_condition}) AS passed_count,
    COUNT_IF(NOT ({sla_condition})) AS failed_count,
    COUNT(*) AS total_count,
    COUNT(*) AS applicable_count
FROM {table}
",null,null,null,null,null,02_CRD_card_feature,source/CARD_MGMT/CARD_ACCOUNT_MANAGEMENT/02_crd_card_product_feature,CARD_MGMT,CARD_ACCOUNT_MANAGEMENT
372,13,T02,1,TABLE,null,null,null,null,<=,null,null,Freshness age,PARAMETERIZED,Age of the most recent data timestamp.,TABLE / COLUMN,null,DATE/TIMESTAMP,DATE_TIME,"{
          ""parameters"":[
            {
              ""name"":""time_unit"",
              ""label"":""Time unit"",
              ""control"":""select"",
              ""options"":[""MINUTE"",""HOUR"",""DAY""],
              ""required"":true
            }
          ]
        }","
SELECT
    CAST(
        TIMESTAMPDIFF(
            {time_unit},
            MAX({column}),
            CURRENT_TIMESTAMP()
        )
        AS DOUBLE
    ) AS metric_value,

    0 AS passed_count,
    0 AS failed_count,
    COUNT(*) AS total_count,
    COUNT({column}) AS applicable_count
FROM {table}
",null,null,null,null,null,02_CRD_card_feature,source/CARD_MGMT/CARD_ACCOUNT_MANAGEMENT/02_crd_card_product_feature,CARD_MGMT,CARD_ACCOUNT_MANAGEMENT
373,13,T03,1,TABLE,null,null,null,null,<=,null,null,Average latency,PARAMETERIZED,Average difference between source and ingestion timestamps.,TABLE / COLUMN,null,DATE/TIMESTAMP,DATE_TIME,"{
          ""parameters"":[
            {
              ""name"":""source_timestamp_column"",
              ""label"":""Source timestamp column"",
              ""control"":""column_select"",
              ""required"":true
            },
            {
              ""name"":""ingestion_timestamp_column"",
              ""label"":""Ingestion timestamp column"",
              ""control"":""column_select"",
              ""required"":true
            },
            {
              ""name"":""time_unit"",
              ""label"":""Time unit"",
              ""control"":""select"",
              ""options"":[""SECOND"",""MINUTE"",""HOUR"",""DAY""],
              ""required"":true
            }
          ]
        }","
SELECT
    CAST(
        AVG(
            TIMESTAMPDIFF(
                {time_unit},
                {source_timestamp_column},
                {ingestion_timestamp_column}
            )
        )
        AS DOUBLE
    ) AS metric_value,

    0 AS passed_count,
    0 AS failed_count,
    COUNT(*) AS total_count,
    COUNT(*) AS applicable_count
FROM {table}
WHERE {source_timestamp_column} IS NOT NULL
  AND {ingestion_timestamp_column} IS NOT NULL
",null,null,null,null,null,02_CRD_card_feature,source/CARD_MGMT/CARD_ACCOUNT_MANAGEMENT/02_crd_card_product_feature,CARD_MGMT,CARD_ACCOUNT_MANAGEMENT
374,13,T04,1,TABLE,null,null,null,null,<=,null,null,Maximum latency,PARAMETERIZED,Maximum difference between source and ingestion timestamps.,TABLE / COLUMN,null,DATE/TIMESTAMP,DATE_TIME,"{
          ""parameters"":[
            {
              ""name"":""source_timestamp_column"",
              ""label"":""Source timestamp column"",
              ""control"":""column_select"",
              ""required"":true
            },
            {
              ""name"":""ingestion_timestamp_column"",
              ""label"":""Ingestion timestamp column"",
              ""control"":""column_select"",
              ""required"":true
            },
            {
              ""name"":""time_unit"",
              ""label"":""Time unit"",
              ""control"":""select"",
              ""options"":[""SECOND"",""MINUTE"",""HOUR"",""DAY""],
              ""required"":true
            }
          ]
        }","
SELECT
    CAST(
        MAX(
            TIMESTAMPDIFF(
                {time_unit},
                {source_timestamp_column},
                {ingestion_timestamp_column}
            )
        )
        AS DOUBLE
    ) AS metric_value,

    0 AS passed_count,
    0 AS failed_count,
    COUNT(*) AS total_count,
    COUNT(*) AS applicable_count
FROM {table}
WHERE {source_timestamp_column} IS NOT NULL
  AND {ingestion_timestamp_column} IS NOT NULL
",null,null,null,null,null,02_CRD_card_feature,source/CARD_MGMT/CARD_ACCOUNT_MANAGEMENT/02_crd_card_product_feature,CARD_MGMT,CARD_ACCOUNT_MANAGEMENT
375,13,T05,1,TABLE,null,null,null,2.000000,<=,null,null,Late-record %,PARAMETERIZED,Percentage of records arriving later than configured expectation.,TABLE / COLUMN,2.000000,ALL,DATE_TIME,"{
  ""parameters"": [
    {
      ""name"": ""arrival_timestamp_column"",
      ""label"": ""Arrival timestamp column"",
      ""control"": ""column_select"",
      ""required"": true
    },
    {
      ""name"": ""expected_arrival"",
      ""label"": ""Expected arrival"",
      ""control"": ""datetime"",
      ""required"": true
    }
  ]
}","
SELECT
    100.0 * COUNT_IF(
        {arrival_timestamp_column} > {expected_arrival}
    ) / NULLIF(COUNT(*), 0) AS metric_value,
    COUNT_IF(
        {arrival_timestamp_column} <= {expected_arrival}
    ) AS passed_count,
    COUNT_IF(
        {arrival_timestamp_column} > {expected_arrival}
    ) AS failed_count,
    COUNT(*) AS total_count,
    COUNT(*) AS applicable_count
FROM {table}
WHERE {arrival_timestamp_column} IS NOT NULL
",null,null,null,null,null,02_CRD_card_feature,source/CARD_MGMT/CARD_ACCOUNT_MANAGEMENT/02_crd_card_product_feature,CARD_MGMT,CARD_ACCOUNT_MANAGEMENT
376,13,T06,1,TABLE,null,null,null,99.000000,>=,null,null,Expected-arrival coverage %,PARAMETERIZED,Percentage of expected arrivals actually received.,TABLE,99.000000,ALL,ANY,"
{
  ""parameters"": [
    {
      ""name"": ""arrival_condition"",
      ""label"": ""Arrival condition"",
      ""control"": ""expression"",
      ""required"": true
    },
    {
      ""name"": ""expected_arrival_count"",
      ""label"": ""Expected arrival count"",
      ""control"": ""number"",
      ""required"": true
    }
  ]
}
","
SELECT
    100.0 * COUNT_IF({arrival_condition})
        / NULLIF({expected_arrival_count}, 0) AS metric_value,
    COUNT_IF({arrival_condition}) AS passed_count,
    COUNT_IF(NOT ({arrival_condition})) AS failed_count,
    {expected_arrival_count} AS total_count,
    {expected_arrival_count} AS applicable_count
FROM {table}
",null,null,null,null,null,02_CRD_card_feature,source/CARD_MGMT/CARD_ACCOUNT_MANAGEMENT/02_crd_card_product_feature,CARD_MGMT,CARD_ACCOUNT_MANAGEMENT
378,13,U04,1,TABLE,null,null,null,100.000000,>=,null,null,Primary-key compliance %,PARAMETERIZED,Percentage of records having a non-null unique primary key.,TABLE,100.000000,ALL,ANY,"{
          ""parameters"":[
            {
              ""name"":""primary_key_column"",
              ""label"":""Primary key column"",
              ""control"":""column_select"",
              ""required"":true
            }
          ]
        }","
WITH key_stats AS (
    SELECT
        COUNT(*) AS total_count,
        COUNT({primary_key_column}) AS non_null_count,
        COUNT(DISTINCT {primary_key_column}) AS distinct_count
    FROM {table}
)
SELECT
    100.0 *
    CASE
        WHEN total_count = 0 THEN 100.0
        WHEN non_null_count = total_count
             AND distinct_count = total_count
        THEN 100.0
        ELSE 0.0
    END AS metric_value,

    CASE
        WHEN non_null_count = total_count
             AND distinct_count = total_count
        THEN total_count
        ELSE 0
    END AS passed_count,

    CASE
        WHEN non_null_count = total_count
             AND distinct_count = total_count
        THEN 0
        ELSE total_count
    END AS failed_count,

    total_count,
    total_count AS applicable_count
FROM key_stats
",null,null,null,null,null,02_CRD_card_feature,source/CARD_MGMT/CARD_ACCOUNT_MANAGEMENT/02_crd_card_product_feature,CARD_MGMT,CARD_ACCOUNT_MANAGEMENT
379,13,U05,1,TABLE,null,null,null,100.000000,>=,null,null,Composite-key uniqueness %,PARAMETERIZED,Percentage of applicable records with unique configured composite key.,TABLE,100.000000,ALL,ANY,"{
          ""parameters"":[
            {
              ""name"":""composite_key_columns"",
              ""label"":""Composite key columns"",
              ""control"":""column_multi_select"",
              ""required"":true
            }
          ]
        }","
SELECT
    100.0 * COUNT_IF(unique_key_flag = 1)
        / NULLIF(COUNT(*), 0) AS metric_value,
    COUNT_IF(unique_key_flag = 1) AS passed_count,
    COUNT_IF(unique_key_flag = 0) AS failed_count,
    COUNT(*) AS total_count,
    COUNT(*) AS applicable_count
FROM (
    SELECT
        {composite_key_columns},
        CASE
            WHEN COUNT(*) OVER (
                PARTITION BY {composite_key_columns}
            ) = 1 THEN 1
            ELSE 0
        END AS unique_key_flag
    FROM {table}
) keyed_rows
",null,null,null,null,null,02_CRD_card_feature,source/CARD_MGMT/CARD_ACCOUNT_MANAGEMENT/02_crd_card_product_feature,CARD_MGMT,CARD_ACCOUNT_MANAGEMENT
344,14,C05,1,TABLE,null,null,null,95.000000,>=,null,null,Record completeness %,PARAMETERIZED,Average completeness across configured required fields.,TABLE,95.000000,ALL,ANY,"{
          ""parameters"":[
            {
              ""name"":""required_columns"",
              ""label"":""Required columns"",
              ""control"":""column_multi_select"",
              ""required"":true
            }
          ]
        }","
SELECT
    100.0 * COUNT_IF({required_columns_condition})
        / NULLIF(COUNT(*), 0) AS metric_value,
    COUNT_IF({required_columns_condition}) AS passed_count,
    COUNT_IF(NOT ({required_columns_condition})) AS failed_count,
    COUNT(*) AS total_count,
    COUNT(*) AS applicable_count
FROM {table}
",null,null,null,null,null,02_CRD_card_program,source/CARD_MGMT/CARD_ACCOUNT_MANAGEMENT/02_crd_card_program,CARD_MGMT,CARD_ACCOUNT_MANAGEMENT
345,14,C07,1,TABLE,null,null,null,95.000000,>=,null,null,Selected-column completeness %,PARAMETERIZED,Percentage of records where all configured selected columns are populated.,TABLE,95.000000,ALL,ANY,"{
          ""parameters"":[
            {
              ""name"":""selected_columns"",
              ""label"":""Selected columns"",
              ""control"":""column_multi_select"",
              ""required"":true
            }
          ]
        }","
SELECT
    100.0 * COUNT_IF({selected_columns_condition})
        / NULLIF(COUNT(*), 0) AS metric_value,
    COUNT_IF({selected_columns_condition}) AS passed_count,
    COUNT_IF(NOT ({selected_columns_condition})) AS failed_count,
    COUNT(*) AS total_count,
    COUNT(*) AS applicable_count
FROM {table}
",null,null,null,null,null,02_CRD_card_program,source/CARD_MGMT/CARD_ACCOUNT_MANAGEMENT/02_crd_card_program,CARD_MGMT,CARD_ACCOUNT_MANAGEMENT
346,14,I04,1,TABLE,null,null,null,0.000000,<=,null,null,Primary-key null %,PARAMETERIZED,Percentage of records where the configured primary key is NULL.,TABLE,0.000000,ALL,ID,"{
          ""parameters"":[
            {
              ""name"":""primary_key_column"",
              ""label"":""Primary key column"",
              ""control"":""column_select"",
              ""required"":true
            }
          ]
        }","
SELECT
    100.0 * COUNT_IF(
        {primary_key_column} IS NULL
    ) / NULLIF(COUNT(*), 0) AS metric_value,
    COUNT_IF(
        {primary_key_column} IS NOT NULL
    ) AS passed_count,
    COUNT_IF(
        {primary_key_column} IS NULL
    ) AS failed_count,
    COUNT(*) AS total_count,
    COUNT(*) AS applicable_count
FROM {table}
",null,null,null,null,null,02_CRD_card_program,source/CARD_MGMT/CARD_ACCOUNT_MANAGEMENT/02_crd_card_program,CARD_MGMT,CARD_ACCOUNT_MANAGEMENT
306,14,K03,1,COLUMN,134,null,null,98.000000,>=,null,null,Standardization compliance %,PARAMETERIZED,Percentage of values matching configured canonical representation.,COLUMN,98.000000,STRING,CODE/ID/STATUS,"
{
  ""parameters"": [
    {
      ""name"": ""standardization_type"",
      ""label"": ""Standardization type"",
      ""control"": ""select"",
      ""required"": true,
      ""options"": [
        ""TRIM"",
        ""UPPERCASE"",
        ""LOWERCASE""
      ]
    }
  ]
}
","
SELECT
    100.0 * COUNT_IF(
        CASE
            WHEN {standardization_type} = TRIM
                THEN CAST({column} AS STRING) = TRIM(CAST({column} AS STRING))
            WHEN {standardization_type} = UPPERCASE
                THEN CAST({column} AS STRING) = UPPER(CAST({column} AS STRING))
            WHEN {standardization_type} = LOWERCASE
                THEN CAST({column} AS STRING) = LOWER(CAST({column} AS STRING))
            ELSE FALSE
        END
    ) / NULLIF(COUNT({column}), 0) AS metric_value,

    COUNT_IF(
        CASE
            WHEN {standardization_type} = TRIM
                THEN CAST({column} AS STRING) = TRIM(CAST({column} AS STRING))
            WHEN {standardization_type} = UPPERCASE
                THEN CAST({column} AS STRING) = UPPER(CAST({column} AS STRING))
            WHEN {standardization_type} = LOWERCASE
                THEN CAST({column} AS STRING) = LOWER(CAST({column} AS STRING))
            ELSE FALSE
        END
    ) AS passed_count,

    COUNT_IF(
        NOT (
            CASE
                WHEN {standardization_type} = TRIM
                    THEN CAST({column} AS STRING) = TRIM(CAST({column} AS STRING))
                WHEN {standardization_type} = UPPERCASE
                    THEN CAST({column} AS STRING) = UPPER(CAST({column} AS STRING))
                WHEN {standardization_type} = LOWERCASE
                    THEN CAST({column} AS STRING) = LOWER(CAST({column} AS STRING))
                ELSE FALSE
            END
        )
    ) AS failed_count,

    COUNT({column}) AS total_count,
    COUNT({column}) AS applicable_count
FROM {table}
WHERE {column} IS NOT NULL
",null,null,null,null,null,02_CRD_card_program,source/CARD_MGMT/CARD_ACCOUNT_MANAGEMENT/02_crd_card_program,CARD_MGMT,CARD_ACCOUNT_MANAGEMENT
349,14,P13,1,TABLE,null,null,null,null,null,null,null,Volume variance %,PARAMETERIZED,Percentage variance between current and baseline row volume.,TABLE,null,ALL,ANY,"{
          ""parameters"":[
            {
              ""name"":""baseline_row_count"",
              ""label"":""Baseline row count"",
              ""control"":""number"",
              ""min"":0,
              ""required"":true
            }
          ]
        }","
SELECT
    100.0 * ABS(
        COUNT(*) - {baseline_row_count}
    ) / NULLIF({baseline_row_count}, 0) AS metric_value,
    1 AS passed_count,
    0 AS failed_count,
    1 AS total_count,
    1 AS applicable_count
FROM {table}
",null,null,null,null,null,02_CRD_card_program,source/CARD_MGMT/CARD_ACCOUNT_MANAGEMENT/02_crd_card_program,CARD_MGMT,CARD_ACCOUNT_MANAGEMENT
350,14,P14,1,TABLE,null,null,null,99.000000,>=,null,null,Schema compliance %,PARAMETERIZED,Percentage of expected schema columns matching actual name and type.,TABLE,99.000000,ALL,ANY,"{
          ""parameters"":[
            {
              ""name"":""expected_schema"",
              ""label"":""Expected schema"",
              ""control"":""schema_definition"",
              ""required"":true
            }
          ]
        }","
SELECT
    {schema_compliance_expression} AS metric_value,
    {schema_passed_expression} AS passed_count,
    {schema_failed_expression} AS failed_count,
    {expected_column_count} AS total_count,
    {expected_column_count} AS applicable_count
FROM {table}
",null,null,null,null,null,02_CRD_card_program,source/CARD_MGMT/CARD_ACCOUNT_MANAGEMENT/02_crd_card_program,CARD_MGMT,CARD_ACCOUNT_MANAGEMENT
351,14,T01,1,TABLE,null,null,null,98.000000,>=,null,null,SLA compliance %,PARAMETERIZED,Percentage of records meeting configured SLA.,TABLE / COLUMN,98.000000,ALL,DATE_TIME,"{
          ""parameters"":[
            {
              ""name"":""sla_condition"",
              ""label"":""SLA condition"",
              ""control"":""expression"",
              ""required"":true
            }
          ]
        }","
SELECT
    100.0 * COUNT_IF({sla_condition})
        / NULLIF(COUNT(*), 0) AS metric_value,
    COUNT_IF({sla_condition}) AS passed_count,
    COUNT_IF(NOT ({sla_condition})) AS failed_count,
    COUNT(*) AS total_count,
    COUNT(*) AS applicable_count
FROM {table}
",null,null,null,null,null,02_CRD_card_program,source/CARD_MGMT/CARD_ACCOUNT_MANAGEMENT/02_crd_card_program,CARD_MGMT,CARD_ACCOUNT_MANAGEMENT
352,14,T02,1,TABLE,null,null,null,null,<=,null,null,Freshness age,PARAMETERIZED,Age of the most recent data timestamp.,TABLE / COLUMN,null,DATE/TIMESTAMP,DATE_TIME,"{
          ""parameters"":[
            {
              ""name"":""time_unit"",
              ""label"":""Time unit"",
              ""control"":""select"",
              ""options"":[""MINUTE"",""HOUR"",""DAY""],
              ""required"":true
            }
          ]
        }","
SELECT
    CAST(
        TIMESTAMPDIFF(
            {time_unit},
            MAX({column}),
            CURRENT_TIMESTAMP()
        )
        AS DOUBLE
    ) AS metric_value,

    0 AS passed_count,
    0 AS failed_count,
    COUNT(*) AS total_count,
    COUNT({column}) AS applicable_count
FROM {table}
",null,null,null,null,null,02_CRD_card_program,source/CARD_MGMT/CARD_ACCOUNT_MANAGEMENT/02_crd_card_program,CARD_MGMT,CARD_ACCOUNT_MANAGEMENT
353,14,T03,1,TABLE,null,null,null,null,<=,null,null,Average latency,PARAMETERIZED,Average difference between source and ingestion timestamps.,TABLE / COLUMN,null,DATE/TIMESTAMP,DATE_TIME,"{
          ""parameters"":[
            {
              ""name"":""source_timestamp_column"",
              ""label"":""Source timestamp column"",
              ""control"":""column_select"",
              ""required"":true
            },
            {
              ""name"":""ingestion_timestamp_column"",
              ""label"":""Ingestion timestamp column"",
              ""control"":""column_select"",
              ""required"":true
            },
            {
              ""name"":""time_unit"",
              ""label"":""Time unit"",
              ""control"":""select"",
              ""options"":[""SECOND"",""MINUTE"",""HOUR"",""DAY""],
              ""required"":true
            }
          ]
        }","
SELECT
    CAST(
        AVG(
            TIMESTAMPDIFF(
                {time_unit},
                {source_timestamp_column},
                {ingestion_timestamp_column}
            )
        )
        AS DOUBLE
    ) AS metric_value,

    0 AS passed_count,
    0 AS failed_count,
    COUNT(*) AS total_count,
    COUNT(*) AS applicable_count
FROM {table}
WHERE {source_timestamp_column} IS NOT NULL
  AND {ingestion_timestamp_column} IS NOT NULL
",null,null,null,null,null,02_CRD_card_program,source/CARD_MGMT/CARD_ACCOUNT_MANAGEMENT/02_crd_card_program,CARD_MGMT,CARD_ACCOUNT_MANAGEMENT
354,14,T04,1,TABLE,null,null,null,null,<=,null,null,Maximum latency,PARAMETERIZED,Maximum difference between source and ingestion timestamps.,TABLE / COLUMN,null,DATE/TIMESTAMP,DATE_TIME,"{
          ""parameters"":[
            {
              ""name"":""source_timestamp_column"",
              ""label"":""Source timestamp column"",
              ""control"":""column_select"",
              ""required"":true
            },
            {
              ""name"":""ingestion_timestamp_column"",
              ""label"":""Ingestion timestamp column"",
              ""control"":""column_select"",
              ""required"":true
            },
            {
              ""name"":""time_unit"",
              ""label"":""Time unit"",
              ""control"":""select"",
              ""options"":[""SECOND"",""MINUTE"",""HOUR"",""DAY""],
              ""required"":true
            }
          ]
        }","
SELECT
    CAST(
        MAX(
            TIMESTAMPDIFF(
                {time_unit},
                {source_timestamp_column},
                {ingestion_timestamp_column}
            )
        )
        AS DOUBLE
    ) AS metric_value,

    0 AS passed_count,
    0 AS failed_count,
    COUNT(*) AS total_count,
    COUNT(*) AS applicable_count
FROM {table}
WHERE {source_timestamp_column} IS NOT NULL
  AND {ingestion_timestamp_column} IS NOT NULL
",null,null,null,null,null,02_CRD_card_program,source/CARD_MGMT/CARD_ACCOUNT_MANAGEMENT/02_crd_card_program,CARD_MGMT,CARD_ACCOUNT_MANAGEMENT
355,14,T05,1,TABLE,null,null,null,2.000000,<=,null,null,Late-record %,PARAMETERIZED,Percentage of records arriving later than configured expectation.,TABLE / COLUMN,2.000000,ALL,DATE_TIME,"{
  ""parameters"": [
    {
      ""name"": ""arrival_timestamp_column"",
      ""label"": ""Arrival timestamp column"",
      ""control"": ""column_select"",
      ""required"": true
    },
    {
      ""name"": ""expected_arrival"",
      ""label"": ""Expected arrival"",
      ""control"": ""datetime"",
      ""required"": true
    }
  ]
}","
SELECT
    100.0 * COUNT_IF(
        {arrival_timestamp_column} > {expected_arrival}
    ) / NULLIF(COUNT(*), 0) AS metric_value,
    COUNT_IF(
        {arrival_timestamp_column} <= {expected_arrival}
    ) AS passed_count,
    COUNT_IF(
        {arrival_timestamp_column} > {expected_arrival}
    ) AS failed_count,
    COUNT(*) AS total_count,
    COUNT(*) AS applicable_count
FROM {table}
WHERE {arrival_timestamp_column} IS NOT NULL
",null,null,null,null,null,02_CRD_card_program,source/CARD_MGMT/CARD_ACCOUNT_MANAGEMENT/02_crd_card_program,CARD_MGMT,CARD_ACCOUNT_MANAGEMENT
356,14,T06,1,TABLE,null,null,null,99.000000,>=,null,null,Expected-arrival coverage %,PARAMETERIZED,Percentage of expected arrivals actually received.,TABLE,99.000000,ALL,ANY,"
{
  ""parameters"": [
    {
      ""name"": ""arrival_condition"",
      ""label"": ""Arrival condition"",
      ""control"": ""expression"",
      ""required"": true
    },
    {
      ""name"": ""expected_arrival_count"",
      ""label"": ""Expected arrival count"",
      ""control"": ""number"",
      ""required"": true
    }
  ]
}
","
SELECT
    100.0 * COUNT_IF({arrival_condition})
        / NULLIF({expected_arrival_count}, 0) AS metric_value,
    COUNT_IF({arrival_condition}) AS passed_count,
    COUNT_IF(NOT ({arrival_condition})) AS failed_count,
    {expected_arrival_count} AS total_count,
    {expected_arrival_count} AS applicable_count
FROM {table}
",null,null,null,null,null,02_CRD_card_program,source/CARD_MGMT/CARD_ACCOUNT_MANAGEMENT/02_crd_card_program,CARD_MGMT,CARD_ACCOUNT_MANAGEMENT
358,14,U04,1,TABLE,null,null,null,100.000000,>=,null,null,Primary-key compliance %,PARAMETERIZED,Percentage of records having a non-null unique primary key.,TABLE,100.000000,ALL,ANY,"{
          ""parameters"":[
            {
              ""name"":""primary_key_column"",
              ""label"":""Primary key column"",
              ""control"":""column_select"",
              ""required"":true
            }
          ]
        }","
WITH key_stats AS (
    SELECT
        COUNT(*) AS total_count,
        COUNT({primary_key_column}) AS non_null_count,
        COUNT(DISTINCT {primary_key_column}) AS distinct_count
    FROM {table}
)
SELECT
    100.0 *
    CASE
        WHEN total_count = 0 THEN 100.0
        WHEN non_null_count = total_count
             AND distinct_count = total_count
        THEN 100.0
        ELSE 0.0
    END AS metric_value,

    CASE
        WHEN non_null_count = total_count
             AND distinct_count = total_count
        THEN total_count
        ELSE 0
    END AS passed_count,

    CASE
        WHEN non_null_count = total_count
             AND distinct_count = total_count
        THEN 0
        ELSE total_count
    END AS failed_count,

    total_count,
    total_count AS applicable_count
FROM key_stats
",null,null,null,null,null,02_CRD_card_program,source/CARD_MGMT/CARD_ACCOUNT_MANAGEMENT/02_crd_card_program,CARD_MGMT,CARD_ACCOUNT_MANAGEMENT
359,14,U05,1,TABLE,null,null,null,100.000000,>=,null,null,Composite-key uniqueness %,PARAMETERIZED,Percentage of applicable records with unique configured composite key.,TABLE,100.000000,ALL,ANY,"{
          ""parameters"":[
            {
              ""name"":""composite_key_columns"",
              ""label"":""Composite key columns"",
              ""control"":""column_multi_select"",
              ""required"":true
            }
          ]
        }","
SELECT
    100.0 * COUNT_IF(unique_key_flag = 1)
        / NULLIF(COUNT(*), 0) AS metric_value,
    COUNT_IF(unique_key_flag = 1) AS passed_count,
    COUNT_IF(unique_key_flag = 0) AS failed_count,
    COUNT(*) AS total_count,
    COUNT(*) AS applicable_count
FROM (
    SELECT
        {composite_key_columns},
        CASE
            WHEN COUNT(*) OVER (
                PARTITION BY {composite_key_columns}
            ) = 1 THEN 1
            ELSE 0
        END AS unique_key_flag
    FROM {table}
) keyed_rows
",null,null,null,null,null,02_CRD_card_program,source/CARD_MGMT/CARD_ACCOUNT_MANAGEMENT/02_crd_card_program,CARD_MGMT,CARD_ACCOUNT_MANAGEMENT
149,15,A01,1,COLUMN,147,null,null,99.000000,>=,null,null,Reference-match accuracy %,PARAMETERIZED,Percentage of applicable values matching a trusted reference.,COLUMN / TABLE,99.000000,ALL,ANY,"
{
  ""parameters"": [
    {
      ""name"": ""reference_asset"",
      ""label"": ""Reference asset"",
      ""control"": ""asset_select"",
      ""required"": true
    },
    {
      ""name"": ""source_column"",
      ""label"": ""Source column"",
      ""control"": ""column_select"",
      ""required"": true
    },
    {
      ""name"": ""reference_column"",
      ""label"": ""Reference column"",
      ""control"": ""column_select"",
      ""required"": true
    }
  ]
}
","
SELECT
    100.0 * COUNT_IF(
        {match_condition}
    ) / NULLIF(COUNT({column}), 0) AS metric_value,
    COUNT_IF({match_condition}) AS passed_count,
    COUNT_IF(NOT ({match_condition})) AS failed_count,
    COUNT({column}) AS total_count,
    COUNT({column}) AS applicable_count
FROM {table}
WHERE {column} IS NOT NULL
",null,null,null,null,null,02_CRD_card_product,source/CARD_MGMT/CARD_ACCOUNT_MANAGEMENT/02_crd_card_product,CARD_MGMT,CARD_ACCOUNT_MANAGEMENT
171,15,A01,1,COLUMN,146,null,null,99.000000,>=,null,null,Reference-match accuracy %,PARAMETERIZED,Percentage of applicable values matching a trusted reference.,COLUMN / TABLE,99.000000,ALL,ANY,"
{
  ""parameters"": [
    {
      ""name"": ""reference_asset"",
      ""label"": ""Reference asset"",
      ""control"": ""asset_select"",
      ""required"": true
    },
    {
      ""name"": ""source_column"",
      ""label"": ""Source column"",
      ""control"": ""column_select"",
      ""required"": true
    },
    {
      ""name"": ""reference_column"",
      ""label"": ""Reference column"",
      ""control"": ""column_select"",
      ""required"": true
    }
  ]
}
","
SELECT
    100.0 * COUNT_IF(
        {match_condition}
    ) / NULLIF(COUNT({column}), 0) AS metric_value,
    COUNT_IF({match_condition}) AS passed_count,
    COUNT_IF(NOT ({match_condition})) AS failed_count,
    COUNT({column}) AS total_count,
    COUNT({column}) AS applicable_count
FROM {table}
WHERE {column} IS NOT NULL
",null,null,null,null,null,02_CRD_card_product,source/CARD_MGMT/CARD_ACCOUNT_MANAGEMENT/02_crd_card_product,CARD_MGMT,CARD_ACCOUNT_MANAGEMENT
324,15,C05,1,TABLE,null,null,null,95.000000,>=,null,null,Record completeness %,PARAMETERIZED,Average completeness across configured required fields.,TABLE,95.000000,ALL,ANY,"{
          ""parameters"":[
            {
              ""name"":""required_columns"",
              ""label"":""Required columns"",
              ""control"":""column_multi_select"",
              ""required"":true
            }
          ]
        }","
SELECT
    100.0 * COUNT_IF({required_columns_condition})
        / NULLIF(COUNT(*), 0) AS metric_value,
    COUNT_IF({required_columns_condition}) AS passed_count,
    COUNT_IF(NOT ({required_columns_condition})) AS failed_count,
    COUNT(*) AS total_count,
    COUNT(*) AS applicable_count
FROM {table}
",null,null,null,null,null,02_CRD_card_product,source/CARD_MGMT/CARD_ACCOUNT_MANAGEMENT/02_crd_card_product,CARD_MGMT,CARD_ACCOUNT_MANAGEMENT
325,15,C07,1,TABLE,null,null,null,95.000000,>=,null,null,Selected-column completeness %,PARAMETERIZED,Percentage of records where all configured selected columns are populated.,TABLE,95.000000,ALL,ANY,"{
          ""parameters"":[
            {
              ""name"":""selected_columns"",
              ""label"":""Selected columns"",
              ""control"":""column_multi_select"",
              ""required"":true
            }
          ]
        }","
SELECT
    100.0 * COUNT_IF({selected_columns_condition})
        / NULLIF(COUNT(*), 0) AS metric_value,
    COUNT_IF({selected_columns_condition}) AS passed_count,
    COUNT_IF(NOT ({selected_columns_condition})) AS failed_count,
    COUNT(*) AS total_count,
    COUNT(*) AS applicable_count
FROM {table}
",null,null,null,null,null,02_CRD_card_product,source/CARD_MGMT/CARD_ACCOUNT_MANAGEMENT/02_crd_card_product,CARD_MGMT,CARD_ACCOUNT_MANAGEMENT
326,15,I04,1,TABLE,null,null,null,0.000000,<=,null,null,Primary-key null %,PARAMETERIZED,Percentage of records where the configured primary key is NULL.,TABLE,0.000000,ALL,ID,"{
          ""parameters"":[
            {
              ""name"":""primary_key_column"",
              ""label"":""Primary key column"",
              ""control"":""column_select"",
              ""required"":true
            }
          ]
        }","
SELECT
    100.0 * COUNT_IF(
        {primary_key_column} IS NULL
    ) / NULLIF(COUNT(*), 0) AS metric_value,
    COUNT_IF(
        {primary_key_column} IS NOT NULL
    ) AS passed_count,
    COUNT_IF(
        {primary_key_column} IS NULL
    ) AS failed_count,
    COUNT(*) AS total_count,
    COUNT(*) AS applicable_count
FROM {table}
",null,null,null,null,null,02_CRD_card_product,source/CARD_MGMT/CARD_ACCOUNT_MANAGEMENT/02_crd_card_product,CARD_MGMT,CARD_ACCOUNT_MANAGEMENT
329,15,P13,1,TABLE,null,null,null,null,null,null,null,Volume variance %,PARAMETERIZED,Percentage variance between current and baseline row volume.,TABLE,null,ALL,ANY,"{
          ""parameters"":[
            {
              ""name"":""baseline_row_count"",
              ""label"":""Baseline row count"",
              ""control"":""number"",
              ""min"":0,
              ""required"":true
            }
          ]
        }","
SELECT
    100.0 * ABS(
        COUNT(*) - {baseline_row_count}
    ) / NULLIF({baseline_row_count}, 0) AS metric_value,
    1 AS passed_count,
    0 AS failed_count,
    1 AS total_count,
    1 AS applicable_count
FROM {table}
",null,null,null,null,null,02_CRD_card_product,source/CARD_MGMT/CARD_ACCOUNT_MANAGEMENT/02_crd_card_product,CARD_MGMT,CARD_ACCOUNT_MANAGEMENT
330,15,P14,1,TABLE,null,null,null,99.000000,>=,null,null,Schema compliance %,PARAMETERIZED,Percentage of expected schema columns matching actual name and type.,TABLE,99.000000,ALL,ANY,"{
          ""parameters"":[
            {
              ""name"":""expected_schema"",
              ""label"":""Expected schema"",
              ""control"":""schema_definition"",
              ""required"":true
            }
          ]
        }","
SELECT
    {schema_compliance_expression} AS metric_value,
    {schema_passed_expression} AS passed_count,
    {schema_failed_expression} AS failed_count,
    {expected_column_count} AS total_count,
    {expected_column_count} AS applicable_count
FROM {table}
",null,null,null,null,null,02_CRD_card_product,source/CARD_MGMT/CARD_ACCOUNT_MANAGEMENT/02_crd_card_product,CARD_MGMT,CARD_ACCOUNT_MANAGEMENT
331,15,T01,1,TABLE,null,null,null,98.000000,>=,null,null,SLA compliance %,PARAMETERIZED,Percentage of records meeting configured SLA.,TABLE / COLUMN,98.000000,ALL,DATE_TIME,"{
          ""parameters"":[
            {
              ""name"":""sla_condition"",
              ""label"":""SLA condition"",
              ""control"":""expression"",
              ""required"":true
            }
          ]
        }","
SELECT
    100.0 * COUNT_IF({sla_condition})
        / NULLIF(COUNT(*), 0) AS metric_value,
    COUNT_IF({sla_condition}) AS passed_count,
    COUNT_IF(NOT ({sla_condition})) AS failed_count,
    COUNT(*) AS total_count,
    COUNT(*) AS applicable_count
FROM {table}
",null,null,null,null,null,02_CRD_card_product,source/CARD_MGMT/CARD_ACCOUNT_MANAGEMENT/02_crd_card_product,CARD_MGMT,CARD_ACCOUNT_MANAGEMENT
332,15,T02,1,TABLE,null,null,null,null,<=,null,null,Freshness age,PARAMETERIZED,Age of the most recent data timestamp.,TABLE / COLUMN,null,DATE/TIMESTAMP,DATE_TIME,"{
          ""parameters"":[
            {
              ""name"":""time_unit"",
              ""label"":""Time unit"",
              ""control"":""select"",
              ""options"":[""MINUTE"",""HOUR"",""DAY""],
              ""required"":true
            }
          ]
        }","
SELECT
    CAST(
        TIMESTAMPDIFF(
            {time_unit},
            MAX({column}),
            CURRENT_TIMESTAMP()
        )
        AS DOUBLE
    ) AS metric_value,

    0 AS passed_count,
    0 AS failed_count,
    COUNT(*) AS total_count,
    COUNT({column}) AS applicable_count
FROM {table}
",null,null,null,null,null,02_CRD_card_product,source/CARD_MGMT/CARD_ACCOUNT_MANAGEMENT/02_crd_card_product,CARD_MGMT,CARD_ACCOUNT_MANAGEMENT
333,15,T03,1,TABLE,null,null,null,null,<=,null,null,Average latency,PARAMETERIZED,Average difference between source and ingestion timestamps.,TABLE / COLUMN,null,DATE/TIMESTAMP,DATE_TIME,"{
          ""parameters"":[
            {
              ""name"":""source_timestamp_column"",
              ""label"":""Source timestamp column"",
              ""control"":""column_select"",
              ""required"":true
            },
            {
              ""name"":""ingestion_timestamp_column"",
              ""label"":""Ingestion timestamp column"",
              ""control"":""column_select"",
              ""required"":true
            },
            {
              ""name"":""time_unit"",
              ""label"":""Time unit"",
              ""control"":""select"",
              ""options"":[""SECOND"",""MINUTE"",""HOUR"",""DAY""],
              ""required"":true
            }
          ]
        }","
SELECT
    CAST(
        AVG(
            TIMESTAMPDIFF(
                {time_unit},
                {source_timestamp_column},
                {ingestion_timestamp_column}
            )
        )
        AS DOUBLE
    ) AS metric_value,

    0 AS passed_count,
    0 AS failed_count,
    COUNT(*) AS total_count,
    COUNT(*) AS applicable_count
FROM {table}
WHERE {source_timestamp_column} IS NOT NULL
  AND {ingestion_timestamp_column} IS NOT NULL
",null,null,null,null,null,02_CRD_card_product,source/CARD_MGMT/CARD_ACCOUNT_MANAGEMENT/02_crd_card_product,CARD_MGMT,CARD_ACCOUNT_MANAGEMENT
334,15,T04,1,TABLE,null,null,null,null,<=,null,null,Maximum latency,PARAMETERIZED,Maximum difference between source and ingestion timestamps.,TABLE / COLUMN,null,DATE/TIMESTAMP,DATE_TIME,"{
          ""parameters"":[
            {
              ""name"":""source_timestamp_column"",
              ""label"":""Source timestamp column"",
              ""control"":""column_select"",
              ""required"":true
            },
            {
              ""name"":""ingestion_timestamp_column"",
              ""label"":""Ingestion timestamp column"",
              ""control"":""column_select"",
              ""required"":true
            },
            {
              ""name"":""time_unit"",
              ""label"":""Time unit"",
              ""control"":""select"",
              ""options"":[""SECOND"",""MINUTE"",""HOUR"",""DAY""],
              ""required"":true
            }
          ]
        }","
SELECT
    CAST(
        MAX(
            TIMESTAMPDIFF(
                {time_unit},
                {source_timestamp_column},
                {ingestion_timestamp_column}
            )
        )
        AS DOUBLE
    ) AS metric_value,

    0 AS passed_count,
    0 AS failed_count,
    COUNT(*) AS total_count,
    COUNT(*) AS applicable_count
FROM {table}
WHERE {source_timestamp_column} IS NOT NULL
  AND {ingestion_timestamp_column} IS NOT NULL
",null,null,null,null,null,02_CRD_card_product,source/CARD_MGMT/CARD_ACCOUNT_MANAGEMENT/02_crd_card_product,CARD_MGMT,CARD_ACCOUNT_MANAGEMENT
335,15,T05,1,TABLE,null,null,null,2.000000,<=,null,null,Late-record %,PARAMETERIZED,Percentage of records arriving later than configured expectation.,TABLE / COLUMN,2.000000,ALL,DATE_TIME,"{
  ""parameters"": [
    {
      ""name"": ""arrival_timestamp_column"",
      ""label"": ""Arrival timestamp column"",
      ""control"": ""column_select"",
      ""required"": true
    },
    {
      ""name"": ""expected_arrival"",
      ""label"": ""Expected arrival"",
      ""control"": ""datetime"",
      ""required"": true
    }
  ]
}","
SELECT
    100.0 * COUNT_IF(
        {arrival_timestamp_column} > {expected_arrival}
    ) / NULLIF(COUNT(*), 0) AS metric_value,
    COUNT_IF(
        {arrival_timestamp_column} <= {expected_arrival}
    ) AS passed_count,
    COUNT_IF(
        {arrival_timestamp_column} > {expected_arrival}
    ) AS failed_count,
    COUNT(*) AS total_count,
    COUNT(*) AS applicable_count
FROM {table}
WHERE {arrival_timestamp_column} IS NOT NULL
",null,null,null,null,null,02_CRD_card_product,source/CARD_MGMT/CARD_ACCOUNT_MANAGEMENT/02_crd_card_product,CARD_MGMT,CARD_ACCOUNT_MANAGEMENT
336,15,T06,1,TABLE,null,null,null,99.000000,>=,null,null,Expected-arrival coverage %,PARAMETERIZED,Percentage of expected arrivals actually received.,TABLE,99.000000,ALL,ANY,"
{
  ""parameters"": [
    {
      ""name"": ""arrival_condition"",
      ""label"": ""Arrival condition"",
      ""control"": ""expression"",
      ""required"": true
    },
    {
      ""name"": ""expected_arrival_count"",
      ""label"": ""Expected arrival count"",
      ""control"": ""number"",
      ""required"": true
    }
  ]
}
","
SELECT
    100.0 * COUNT_IF({arrival_condition})
        / NULLIF({expected_arrival_count}, 0) AS metric_value,
    COUNT_IF({arrival_condition}) AS passed_count,
    COUNT_IF(NOT ({arrival_condition})) AS failed_count,
    {expected_arrival_count} AS total_count,
    {expected_arrival_count} AS applicable_count
FROM {table}
",null,null,null,null,null,02_CRD_card_product,source/CARD_MGMT/CARD_ACCOUNT_MANAGEMENT/02_crd_card_product,CARD_MGMT,CARD_ACCOUNT_MANAGEMENT
338,15,U04,1,TABLE,null,null,null,100.000000,>=,null,null,Primary-key compliance %,PARAMETERIZED,Percentage of records having a non-null unique primary key.,TABLE,100.000000,ALL,ANY,"{
          ""parameters"":[
            {
              ""name"":""primary_key_column"",
              ""label"":""Primary key column"",
              ""control"":""column_select"",
              ""required"":true
            }
          ]
        }","
WITH key_stats AS (
    SELECT
        COUNT(*) AS total_count,
        COUNT({primary_key_column}) AS non_null_count,
        COUNT(DISTINCT {primary_key_column}) AS distinct_count
    FROM {table}
)
SELECT
    100.0 *
    CASE
        WHEN total_count = 0 THEN 100.0
        WHEN non_null_count = total_count
             AND distinct_count = total_count
        THEN 100.0
        ELSE 0.0
    END AS metric_value,

    CASE
        WHEN non_null_count = total_count
             AND distinct_count = total_count
        THEN total_count
        ELSE 0
    END AS passed_count,

    CASE
        WHEN non_null_count = total_count
             AND distinct_count = total_count
        THEN 0
        ELSE total_count
    END AS failed_count,

    total_count,
    total_count AS applicable_count
FROM key_stats
",null,null,null,null,null,02_CRD_card_product,source/CARD_MGMT/CARD_ACCOUNT_MANAGEMENT/02_crd_card_product,CARD_MGMT,CARD_ACCOUNT_MANAGEMENT
339,15,U05,1,TABLE,null,null,null,100.000000,>=,null,null,Composite-key uniqueness %,PARAMETERIZED,Percentage of applicable records with unique configured composite key.,TABLE,100.000000,ALL,ANY,"{
          ""parameters"":[
            {
              ""name"":""composite_key_columns"",
              ""label"":""Composite key columns"",
              ""control"":""column_multi_select"",
              ""required"":true
            }
          ]
        }","
SELECT
    100.0 * COUNT_IF(unique_key_flag = 1)
        / NULLIF(COUNT(*), 0) AS metric_value,
    COUNT_IF(unique_key_flag = 1) AS passed_count,
    COUNT_IF(unique_key_flag = 0) AS failed_count,
    COUNT(*) AS total_count,
    COUNT(*) AS applicable_count
FROM (
    SELECT
        {composite_key_columns},
        CASE
            WHEN COUNT(*) OVER (
                PARTITION BY {composite_key_columns}
            ) = 1 THEN 1
            ELSE 0
        END AS unique_key_flag
    FROM {table}
) keyed_rows
",null,null,null,null,null,02_CRD_card_product,source/CARD_MGMT/CARD_ACCOUNT_MANAGEMENT/02_crd_card_product,CARD_MGMT,CARD_ACCOUNT_MANAGEMENT
303,16,C05,1,TABLE,null,null,null,95.000000,>=,null,null,Record completeness %,PARAMETERIZED,Average completeness across configured required fields.,TABLE,95.000000,ALL,ANY,"{
          ""parameters"":[
            {
              ""name"":""required_columns"",
              ""label"":""Required columns"",
              ""control"":""column_multi_select"",
              ""required"":true
            }
          ]
        }","
SELECT
    100.0 * COUNT_IF({required_columns_condition})
        / NULLIF(COUNT(*), 0) AS metric_value,
    COUNT_IF({required_columns_condition}) AS passed_count,
    COUNT_IF(NOT ({required_columns_condition})) AS failed_count,
    COUNT(*) AS total_count,
    COUNT(*) AS applicable_count
FROM {table}
",null,null,null,null,null,02_CRD_card_type,source/CARD_MGMT/CARD_ACCOUNT_MANAGEMENT/02_crd_card_product_type,CARD_MGMT,CARD_ACCOUNT_MANAGEMENT
304,16,C07,1,TABLE,null,null,null,95.000000,>=,null,null,Selected-column completeness %,PARAMETERIZED,Percentage of records where all configured selected columns are populated.,TABLE,95.000000,ALL,ANY,"{
          ""parameters"":[
            {
              ""name"":""selected_columns"",
              ""label"":""Selected columns"",
              ""control"":""column_multi_select"",
              ""required"":true
            }
          ]
        }","
SELECT
    100.0 * COUNT_IF({selected_columns_condition})
        / NULLIF(COUNT(*), 0) AS metric_value,
    COUNT_IF({selected_columns_condition}) AS passed_count,
    COUNT_IF(NOT ({selected_columns_condition})) AS failed_count,
    COUNT(*) AS total_count,
    COUNT(*) AS applicable_count
FROM {table}
",null,null,null,null,null,02_CRD_card_type,source/CARD_MGMT/CARD_ACCOUNT_MANAGEMENT/02_crd_card_product_type,CARD_MGMT,CARD_ACCOUNT_MANAGEMENT
305,16,I04,1,TABLE,null,null,null,0.000000,<=,null,null,Primary-key null %,PARAMETERIZED,Percentage of records where the configured primary key is NULL.,TABLE,0.000000,ALL,ID,"{
          ""parameters"":[
            {
              ""name"":""primary_key_column"",
              ""label"":""Primary key column"",
              ""control"":""column_select"",
              ""required"":true
            }
          ]
        }","
SELECT
    100.0 * COUNT_IF(
        {primary_key_column} IS NULL
    ) / NULLIF(COUNT(*), 0) AS metric_value,
    COUNT_IF(
        {primary_key_column} IS NOT NULL
    ) AS passed_count,
    COUNT_IF(
        {primary_key_column} IS NULL
    ) AS failed_count,
    COUNT(*) AS total_count,
    COUNT(*) AS applicable_count
FROM {table}
",null,null,null,null,null,02_CRD_card_type,source/CARD_MGMT/CARD_ACCOUNT_MANAGEMENT/02_crd_card_product_type,CARD_MGMT,CARD_ACCOUNT_MANAGEMENT
285,16,K03,1,COLUMN,151,null,null,98.000000,>=,null,null,Standardization compliance %,PARAMETERIZED,Percentage of values matching configured canonical representation.,COLUMN,98.000000,STRING,CODE/ID/STATUS,"
{
  ""parameters"": [
    {
      ""name"": ""standardization_type"",
      ""label"": ""Standardization type"",
      ""control"": ""select"",
      ""required"": true,
      ""options"": [
        ""TRIM"",
        ""UPPERCASE"",
        ""LOWERCASE""
      ]
    }
  ]
}
","
SELECT
    100.0 * COUNT_IF(
        CASE
            WHEN {standardization_type} = TRIM
                THEN CAST({column} AS STRING) = TRIM(CAST({column} AS STRING))
            WHEN {standardization_type} = UPPERCASE
                THEN CAST({column} AS STRING) = UPPER(CAST({column} AS STRING))
            WHEN {standardization_type} = LOWERCASE
                THEN CAST({column} AS STRING) = LOWER(CAST({column} AS STRING))
            ELSE FALSE
        END
    ) / NULLIF(COUNT({column}), 0) AS metric_value,

    COUNT_IF(
        CASE
            WHEN {standardization_type} = TRIM
                THEN CAST({column} AS STRING) = TRIM(CAST({column} AS STRING))
            WHEN {standardization_type} = UPPERCASE
                THEN CAST({column} AS STRING) = UPPER(CAST({column} AS STRING))
            WHEN {standardization_type} = LOWERCASE
                THEN CAST({column} AS STRING) = LOWER(CAST({column} AS STRING))
            ELSE FALSE
        END
    ) AS passed_count,

    COUNT_IF(
        NOT (
            CASE
                WHEN {standardization_type} = TRIM
                    THEN CAST({column} AS STRING) = TRIM(CAST({column} AS STRING))
                WHEN {standardization_type} = UPPERCASE
                    THEN CAST({column} AS STRING) = UPPER(CAST({column} AS STRING))
                WHEN {standardization_type} = LOWERCASE
                    THEN CAST({column} AS STRING) = LOWER(CAST({column} AS STRING))
                ELSE FALSE
            END
        )
    ) AS failed_count,

    COUNT({column}) AS total_count,
    COUNT({column}) AS applicable_count
FROM {table}
WHERE {column} IS NOT NULL
",null,null,null,null,null,02_CRD_card_type,source/CARD_MGMT/CARD_ACCOUNT_MANAGEMENT/02_crd_card_product_type,CARD_MGMT,CARD_ACCOUNT_MANAGEMENT
309,16,P13,1,TABLE,null,null,null,null,null,null,null,Volume variance %,PARAMETERIZED,Percentage variance between current and baseline row volume.,TABLE,null,ALL,ANY,"{
          ""parameters"":[
            {
              ""name"":""baseline_row_count"",
              ""label"":""Baseline row count"",
              ""control"":""number"",
              ""min"":0,
              ""required"":true
            }
          ]
        }","
SELECT
    100.0 * ABS(
        COUNT(*) - {baseline_row_count}
    ) / NULLIF({baseline_row_count}, 0) AS metric_value,
    1 AS passed_count,
    0 AS failed_count,
    1 AS total_count,
    1 AS applicable_count
FROM {table}
",null,null,null,null,null,02_CRD_card_type,source/CARD_MGMT/CARD_ACCOUNT_MANAGEMENT/02_crd_card_product_type,CARD_MGMT,CARD_ACCOUNT_MANAGEMENT
310,16,P14,1,TABLE,null,null,null,99.000000,>=,null,null,Schema compliance %,PARAMETERIZED,Percentage of expected schema columns matching actual name and type.,TABLE,99.000000,ALL,ANY,"{
          ""parameters"":[
            {
              ""name"":""expected_schema"",
              ""label"":""Expected schema"",
              ""control"":""schema_definition"",
              ""required"":true
            }
          ]
        }","
SELECT
    {schema_compliance_expression} AS metric_value,
    {schema_passed_expression} AS passed_count,
    {schema_failed_expression} AS failed_count,
    {expected_column_count} AS total_count,
    {expected_column_count} AS applicable_count
FROM {table}
",null,null,null,null,null,02_CRD_card_type,source/CARD_MGMT/CARD_ACCOUNT_MANAGEMENT/02_crd_card_product_type,CARD_MGMT,CARD_ACCOUNT_MANAGEMENT
311,16,T01,1,TABLE,null,null,null,98.000000,>=,null,null,SLA compliance %,PARAMETERIZED,Percentage of records meeting configured SLA.,TABLE / COLUMN,98.000000,ALL,DATE_TIME,"{
          ""parameters"":[
            {
              ""name"":""sla_condition"",
              ""label"":""SLA condition"",
              ""control"":""expression"",
              ""required"":true
            }
          ]
        }","
SELECT
    100.0 * COUNT_IF({sla_condition})
        / NULLIF(COUNT(*), 0) AS metric_value,
    COUNT_IF({sla_condition}) AS passed_count,
    COUNT_IF(NOT ({sla_condition})) AS failed_count,
    COUNT(*) AS total_count,
    COUNT(*) AS applicable_count
FROM {table}
",null,null,null,null,null,02_CRD_card_type,source/CARD_MGMT/CARD_ACCOUNT_MANAGEMENT/02_crd_card_product_type,CARD_MGMT,CARD_ACCOUNT_MANAGEMENT
312,16,T02,1,TABLE,null,null,null,null,<=,null,null,Freshness age,PARAMETERIZED,Age of the most recent data timestamp.,TABLE / COLUMN,null,DATE/TIMESTAMP,DATE_TIME,"{
          ""parameters"":[
            {
              ""name"":""time_unit"",
              ""label"":""Time unit"",
              ""control"":""select"",
              ""options"":[""MINUTE"",""HOUR"",""DAY""],
              ""required"":true
            }
          ]
        }","
SELECT
    CAST(
        TIMESTAMPDIFF(
            {time_unit},
            MAX({column}),
            CURRENT_TIMESTAMP()
        )
        AS DOUBLE
    ) AS metric_value,

    0 AS passed_count,
    0 AS failed_count,
    COUNT(*) AS total_count,
    COUNT({column}) AS applicable_count
FROM {table}
",null,null,null,null,null,02_CRD_card_type,source/CARD_MGMT/CARD_ACCOUNT_MANAGEMENT/02_crd_card_product_type,CARD_MGMT,CARD_ACCOUNT_MANAGEMENT
313,16,T03,1,TABLE,null,null,null,null,<=,null,null,Average latency,PARAMETERIZED,Average difference between source and ingestion timestamps.,TABLE / COLUMN,null,DATE/TIMESTAMP,DATE_TIME,"{
          ""parameters"":[
            {
              ""name"":""source_timestamp_column"",
              ""label"":""Source timestamp column"",
              ""control"":""column_select"",
              ""required"":true
            },
            {
              ""name"":""ingestion_timestamp_column"",
              ""label"":""Ingestion timestamp column"",
              ""control"":""column_select"",
              ""required"":true
            },
            {
              ""name"":""time_unit"",
              ""label"":""Time unit"",
              ""control"":""select"",
              ""options"":[""SECOND"",""MINUTE"",""HOUR"",""DAY""],
              ""required"":true
            }
          ]
        }","
SELECT
    CAST(
        AVG(
            TIMESTAMPDIFF(
                {time_unit},
                {source_timestamp_column},
                {ingestion_timestamp_column}
            )
        )
        AS DOUBLE
    ) AS metric_value,

    0 AS passed_count,
    0 AS failed_count,
    COUNT(*) AS total_count,
    COUNT(*) AS applicable_count
FROM {table}
WHERE {source_timestamp_column} IS NOT NULL
  AND {ingestion_timestamp_column} IS NOT NULL
",null,null,null,null,null,02_CRD_card_type,source/CARD_MGMT/CARD_ACCOUNT_MANAGEMENT/02_crd_card_product_type,CARD_MGMT,CARD_ACCOUNT_MANAGEMENT
314,16,T04,1,TABLE,null,null,null,null,<=,null,null,Maximum latency,PARAMETERIZED,Maximum difference between source and ingestion timestamps.,TABLE / COLUMN,null,DATE/TIMESTAMP,DATE_TIME,"{
          ""parameters"":[
            {
              ""name"":""source_timestamp_column"",
              ""label"":""Source timestamp column"",
              ""control"":""column_select"",
              ""required"":true
            },
            {
              ""name"":""ingestion_timestamp_column"",
              ""label"":""Ingestion timestamp column"",
              ""control"":""column_select"",
              ""required"":true
            },
            {
              ""name"":""time_unit"",
              ""label"":""Time unit"",
              ""control"":""select"",
              ""options"":[""SECOND"",""MINUTE"",""HOUR"",""DAY""],
              ""required"":true
            }
          ]
        }","
SELECT
    CAST(
        MAX(
            TIMESTAMPDIFF(
                {time_unit},
                {source_timestamp_column},
                {ingestion_timestamp_column}
            )
        )
        AS DOUBLE
    ) AS metric_value,

    0 AS passed_count,
    0 AS failed_count,
    COUNT(*) AS total_count,
    COUNT(*) AS applicable_count
FROM {table}
WHERE {source_timestamp_column} IS NOT NULL
  AND {ingestion_timestamp_column} IS NOT NULL
",null,null,null,null,null,02_CRD_card_type,source/CARD_MGMT/CARD_ACCOUNT_MANAGEMENT/02_crd_card_product_type,CARD_MGMT,CARD_ACCOUNT_MANAGEMENT
315,16,T05,1,TABLE,null,null,null,2.000000,<=,null,null,Late-record %,PARAMETERIZED,Percentage of records arriving later than configured expectation.,TABLE / COLUMN,2.000000,ALL,DATE_TIME,"{
  ""parameters"": [
    {
      ""name"": ""arrival_timestamp_column"",
      ""label"": ""Arrival timestamp column"",
      ""control"": ""column_select"",
      ""required"": true
    },
    {
      ""name"": ""expected_arrival"",
      ""label"": ""Expected arrival"",
      ""control"": ""datetime"",
      ""required"": true
    }
  ]
}","
SELECT
    100.0 * COUNT_IF(
        {arrival_timestamp_column} > {expected_arrival}
    ) / NULLIF(COUNT(*), 0) AS metric_value,
    COUNT_IF(
        {arrival_timestamp_column} <= {expected_arrival}
    ) AS passed_count,
    COUNT_IF(
        {arrival_timestamp_column} > {expected_arrival}
    ) AS failed_count,
    COUNT(*) AS total_count,
    COUNT(*) AS applicable_count
FROM {table}
WHERE {arrival_timestamp_column} IS NOT NULL
",null,null,null,null,null,02_CRD_card_type,source/CARD_MGMT/CARD_ACCOUNT_MANAGEMENT/02_crd_card_product_type,CARD_MGMT,CARD_ACCOUNT_MANAGEMENT
316,16,T06,1,TABLE,null,null,null,99.000000,>=,null,null,Expected-arrival coverage %,PARAMETERIZED,Percentage of expected arrivals actually received.,TABLE,99.000000,ALL,ANY,"
{
  ""parameters"": [
    {
      ""name"": ""arrival_condition"",
      ""label"": ""Arrival condition"",
      ""control"": ""expression"",
      ""required"": true
    },
    {
      ""name"": ""expected_arrival_count"",
      ""label"": ""Expected arrival count"",
      ""control"": ""number"",
      ""required"": true
    }
  ]
}
","
SELECT
    100.0 * COUNT_IF({arrival_condition})
        / NULLIF({expected_arrival_count}, 0) AS metric_value,
    COUNT_IF({arrival_condition}) AS passed_count,
    COUNT_IF(NOT ({arrival_condition})) AS failed_count,
    {expected_arrival_count} AS total_count,
    {expected_arrival_count} AS applicable_count
FROM {table}
",null,null,null,null,null,02_CRD_card_type,source/CARD_MGMT/CARD_ACCOUNT_MANAGEMENT/02_crd_card_product_type,CARD_MGMT,CARD_ACCOUNT_MANAGEMENT
318,16,U04,1,TABLE,null,null,null,100.000000,>=,null,null,Primary-key compliance %,PARAMETERIZED,Percentage of records having a non-null unique primary key.,TABLE,100.000000,ALL,ANY,"{
          ""parameters"":[
            {
              ""name"":""primary_key_column"",
              ""label"":""Primary key column"",
              ""control"":""column_select"",
              ""required"":true
            }
          ]
        }","
WITH key_stats AS (
    SELECT
        COUNT(*) AS total_count,
        COUNT({primary_key_column}) AS non_null_count,
        COUNT(DISTINCT {primary_key_column}) AS distinct_count
    FROM {table}
)
SELECT
    100.0 *
    CASE
        WHEN total_count = 0 THEN 100.0
        WHEN non_null_count = total_count
             AND distinct_count = total_count
        THEN 100.0
        ELSE 0.0
    END AS metric_value,

    CASE
        WHEN non_null_count = total_count
             AND distinct_count = total_count
        THEN total_count
        ELSE 0
    END AS passed_count,

    CASE
        WHEN non_null_count = total_count
             AND distinct_count = total_count
        THEN 0
        ELSE total_count
    END AS failed_count,

    total_count,
    total_count AS applicable_count
FROM key_stats
",null,null,null,null,null,02_CRD_card_type,source/CARD_MGMT/CARD_ACCOUNT_MANAGEMENT/02_crd_card_product_type,CARD_MGMT,CARD_ACCOUNT_MANAGEMENT
319,16,U05,1,TABLE,null,null,null,100.000000,>=,null,null,Composite-key uniqueness %,PARAMETERIZED,Percentage of applicable records with unique configured composite key.,TABLE,100.000000,ALL,ANY,"{
          ""parameters"":[
            {
              ""name"":""composite_key_columns"",
              ""label"":""Composite key columns"",
              ""control"":""column_multi_select"",
              ""required"":true
            }
          ]
        }","
SELECT
    100.0 * COUNT_IF(unique_key_flag = 1)
        / NULLIF(COUNT(*), 0) AS metric_value,
    COUNT_IF(unique_key_flag = 1) AS passed_count,
    COUNT_IF(unique_key_flag = 0) AS failed_count,
    COUNT(*) AS total_count,
    COUNT(*) AS applicable_count
FROM (
    SELECT
        {composite_key_columns},
        CASE
            WHEN COUNT(*) OVER (
                PARTITION BY {composite_key_columns}
            ) = 1 THEN 1
            ELSE 0
        END AS unique_key_flag
    FROM {table}
) keyed_rows
",null,null,null,null,null,02_CRD_card_type,source/CARD_MGMT/CARD_ACCOUNT_MANAGEMENT/02_crd_card_product_type,CARD_MGMT,CARD_ACCOUNT_MANAGEMENT
282,17,C05,1,TABLE,null,null,null,95.000000,>=,null,null,Record completeness %,PARAMETERIZED,Average completeness across configured required fields.,TABLE,95.000000,ALL,ANY,"{
          ""parameters"":[
            {
              ""name"":""required_columns"",
              ""label"":""Required columns"",
              ""control"":""column_multi_select"",
              ""required"":true
            }
          ]
        }","
SELECT
    100.0 * COUNT_IF({required_columns_condition})
        / NULLIF(COUNT(*), 0) AS metric_value,
    COUNT_IF({required_columns_condition}) AS passed_count,
    COUNT_IF(NOT ({required_columns_condition})) AS failed_count,
    COUNT(*) AS total_count,
    COUNT(*) AS applicable_count
FROM {table}
",null,null,null,null,null,02_CRD_card_number,source/CARD_MGMT/CARD_ACCOUNT_MANAGEMENT/02_crd_card_number,CARD_MGMT,CARD_ACCOUNT_MANAGEMENT
283,17,C07,1,TABLE,null,null,null,95.000000,>=,null,null,Selected-column completeness %,PARAMETERIZED,Percentage of records where all configured selected columns are populated.,TABLE,95.000000,ALL,ANY,"{
          ""parameters"":[
            {
              ""name"":""selected_columns"",
              ""label"":""Selected columns"",
              ""control"":""column_multi_select"",
              ""required"":true
            }
          ]
        }","
SELECT
    100.0 * COUNT_IF({selected_columns_condition})
        / NULLIF(COUNT(*), 0) AS metric_value,
    COUNT_IF({selected_columns_condition}) AS passed_count,
    COUNT_IF(NOT ({selected_columns_condition})) AS failed_count,
    COUNT(*) AS total_count,
    COUNT(*) AS applicable_count
FROM {table}
",null,null,null,null,null,02_CRD_card_number,source/CARD_MGMT/CARD_ACCOUNT_MANAGEMENT/02_crd_card_number,CARD_MGMT,CARD_ACCOUNT_MANAGEMENT
284,17,I04,1,TABLE,null,null,null,0.000000,<=,null,null,Primary-key null %,PARAMETERIZED,Percentage of records where the configured primary key is NULL.,TABLE,0.000000,ALL,ID,"{
          ""parameters"":[
            {
              ""name"":""primary_key_column"",
              ""label"":""Primary key column"",
              ""control"":""column_select"",
              ""required"":true
            }
          ]
        }","
SELECT
    100.0 * COUNT_IF(
        {primary_key_column} IS NULL
    ) / NULLIF(COUNT(*), 0) AS metric_value,
    COUNT_IF(
        {primary_key_column} IS NOT NULL
    ) AS passed_count,
    COUNT_IF(
        {primary_key_column} IS NULL
    ) AS failed_count,
    COUNT(*) AS total_count,
    COUNT(*) AS applicable_count
FROM {table}
",null,null,null,null,null,02_CRD_card_number,source/CARD_MGMT/CARD_ACCOUNT_MANAGEMENT/02_crd_card_number,CARD_MGMT,CARD_ACCOUNT_MANAGEMENT
264,17,K03,1,COLUMN,165,null,null,98.000000,>=,null,null,Standardization compliance %,PARAMETERIZED,Percentage of values matching configured canonical representation.,COLUMN,98.000000,STRING,CODE/ID/STATUS,"
{
  ""parameters"": [
    {
      ""name"": ""standardization_type"",
      ""label"": ""Standardization type"",
      ""control"": ""select"",
      ""required"": true,
      ""options"": [
        ""TRIM"",
        ""UPPERCASE"",
        ""LOWERCASE""
      ]
    }
  ]
}
","
SELECT
    100.0 * COUNT_IF(
        CASE
            WHEN {standardization_type} = TRIM
                THEN CAST({column} AS STRING) = TRIM(CAST({column} AS STRING))
            WHEN {standardization_type} = UPPERCASE
                THEN CAST({column} AS STRING) = UPPER(CAST({column} AS STRING))
            WHEN {standardization_type} = LOWERCASE
                THEN CAST({column} AS STRING) = LOWER(CAST({column} AS STRING))
            ELSE FALSE
        END
    ) / NULLIF(COUNT({column}), 0) AS metric_value,

    COUNT_IF(
        CASE
            WHEN {standardization_type} = TRIM
                THEN CAST({column} AS STRING) = TRIM(CAST({column} AS STRING))
            WHEN {standardization_type} = UPPERCASE
                THEN CAST({column} AS STRING) = UPPER(CAST({column} AS STRING))
            WHEN {standardization_type} = LOWERCASE
                THEN CAST({column} AS STRING) = LOWER(CAST({column} AS STRING))
            ELSE FALSE
        END
    ) AS passed_count,

    COUNT_IF(
        NOT (
            CASE
                WHEN {standardization_type} = TRIM
                    THEN CAST({column} AS STRING) = TRIM(CAST({column} AS STRING))
                WHEN {standardization_type} = UPPERCASE
                    THEN CAST({column} AS STRING) = UPPER(CAST({column} AS STRING))
                WHEN {standardization_type} = LOWERCASE
                    THEN CAST({column} AS STRING) = LOWER(CAST({column} AS STRING))
                ELSE FALSE
            END
        )
    ) AS failed_count,

    COUNT({column}) AS total_count,
    COUNT({column}) AS applicable_count
FROM {table}
WHERE {column} IS NOT NULL
",null,null,null,null,null,02_CRD_card_number,source/CARD_MGMT/CARD_ACCOUNT_MANAGEMENT/02_crd_card_number,CARD_MGMT,CARD_ACCOUNT_MANAGEMENT
288,17,P13,1,TABLE,null,null,null,null,null,null,null,Volume variance %,PARAMETERIZED,Percentage variance between current and baseline row volume.,TABLE,null,ALL,ANY,"{
          ""parameters"":[
            {
              ""name"":""baseline_row_count"",
              ""label"":""Baseline row count"",
              ""control"":""number"",
              ""min"":0,
              ""required"":true
            }
          ]
        }","
SELECT
    100.0 * ABS(
        COUNT(*) - {baseline_row_count}
    ) / NULLIF({baseline_row_count}, 0) AS metric_value,
    1 AS passed_count,
    0 AS failed_count,
    1 AS total_count,
    1 AS applicable_count
FROM {table}
",null,null,null,null,null,02_CRD_card_number,source/CARD_MGMT/CARD_ACCOUNT_MANAGEMENT/02_crd_card_number,CARD_MGMT,CARD_ACCOUNT_MANAGEMENT
289,17,P14,1,TABLE,null,null,null,99.000000,>=,null,null,Schema compliance %,PARAMETERIZED,Percentage of expected schema columns matching actual name and type.,TABLE,99.000000,ALL,ANY,"{
          ""parameters"":[
            {
              ""name"":""expected_schema"",
              ""label"":""Expected schema"",
              ""control"":""schema_definition"",
              ""required"":true
            }
          ]
        }","
SELECT
    {schema_compliance_expression} AS metric_value,
    {schema_passed_expression} AS passed_count,
    {schema_failed_expression} AS failed_count,
    {expected_column_count} AS total_count,
    {expected_column_count} AS applicable_count
FROM {table}
",null,null,null,null,null,02_CRD_card_number,source/CARD_MGMT/CARD_ACCOUNT_MANAGEMENT/02_crd_card_number,CARD_MGMT,CARD_ACCOUNT_MANAGEMENT
290,17,T01,1,TABLE,null,null,null,98.000000,>=,null,null,SLA compliance %,PARAMETERIZED,Percentage of records meeting configured SLA.,TABLE / COLUMN,98.000000,ALL,DATE_TIME,"{
          ""parameters"":[
            {
              ""name"":""sla_condition"",
              ""label"":""SLA condition"",
              ""control"":""expression"",
              ""required"":true
            }
          ]
        }","
SELECT
    100.0 * COUNT_IF({sla_condition})
        / NULLIF(COUNT(*), 0) AS metric_value,
    COUNT_IF({sla_condition}) AS passed_count,
    COUNT_IF(NOT ({sla_condition})) AS failed_count,
    COUNT(*) AS total_count,
    COUNT(*) AS applicable_count
FROM {table}
",null,null,null,null,null,02_CRD_card_number,source/CARD_MGMT/CARD_ACCOUNT_MANAGEMENT/02_crd_card_number,CARD_MGMT,CARD_ACCOUNT_MANAGEMENT
291,17,T02,1,TABLE,null,null,null,null,<=,null,null,Freshness age,PARAMETERIZED,Age of the most recent data timestamp.,TABLE / COLUMN,null,DATE/TIMESTAMP,DATE_TIME,"{
          ""parameters"":[
            {
              ""name"":""time_unit"",
              ""label"":""Time unit"",
              ""control"":""select"",
              ""options"":[""MINUTE"",""HOUR"",""DAY""],
              ""required"":true
            }
          ]
        }","
SELECT
    CAST(
        TIMESTAMPDIFF(
            {time_unit},
            MAX({column}),
            CURRENT_TIMESTAMP()
        )
        AS DOUBLE
    ) AS metric_value,

    0 AS passed_count,
    0 AS failed_count,
    COUNT(*) AS total_count,
    COUNT({column}) AS applicable_count
FROM {table}
",null,null,null,null,null,02_CRD_card_number,source/CARD_MGMT/CARD_ACCOUNT_MANAGEMENT/02_crd_card_number,CARD_MGMT,CARD_ACCOUNT_MANAGEMENT
292,17,T03,1,TABLE,null,null,null,null,<=,null,null,Average latency,PARAMETERIZED,Average difference between source and ingestion timestamps.,TABLE / COLUMN,null,DATE/TIMESTAMP,DATE_TIME,"{
          ""parameters"":[
            {
              ""name"":""source_timestamp_column"",
              ""label"":""Source timestamp column"",
              ""control"":""column_select"",
              ""required"":true
            },
            {
              ""name"":""ingestion_timestamp_column"",
              ""label"":""Ingestion timestamp column"",
              ""control"":""column_select"",
              ""required"":true
            },
            {
              ""name"":""time_unit"",
              ""label"":""Time unit"",
              ""control"":""select"",
              ""options"":[""SECOND"",""MINUTE"",""HOUR"",""DAY""],
              ""required"":true
            }
          ]
        }","
SELECT
    CAST(
        AVG(
            TIMESTAMPDIFF(
                {time_unit},
                {source_timestamp_column},
                {ingestion_timestamp_column}
            )
        )
        AS DOUBLE
    ) AS metric_value,

    0 AS passed_count,
    0 AS failed_count,
    COUNT(*) AS total_count,
    COUNT(*) AS applicable_count
FROM {table}
WHERE {source_timestamp_column} IS NOT NULL
  AND {ingestion_timestamp_column} IS NOT NULL
",null,null,null,null,null,02_CRD_card_number,source/CARD_MGMT/CARD_ACCOUNT_MANAGEMENT/02_crd_card_number,CARD_MGMT,CARD_ACCOUNT_MANAGEMENT
293,17,T04,1,TABLE,null,null,null,null,<=,null,null,Maximum latency,PARAMETERIZED,Maximum difference between source and ingestion timestamps.,TABLE / COLUMN,null,DATE/TIMESTAMP,DATE_TIME,"{
          ""parameters"":[
            {
              ""name"":""source_timestamp_column"",
              ""label"":""Source timestamp column"",
              ""control"":""column_select"",
              ""required"":true
            },
            {
              ""name"":""ingestion_timestamp_column"",
              ""label"":""Ingestion timestamp column"",
              ""control"":""column_select"",
              ""required"":true
            },
            {
              ""name"":""time_unit"",
              ""label"":""Time unit"",
              ""control"":""select"",
              ""options"":[""SECOND"",""MINUTE"",""HOUR"",""DAY""],
              ""required"":true
            }
          ]
        }","
SELECT
    CAST(
        MAX(
            TIMESTAMPDIFF(
                {time_unit},
                {source_timestamp_column},
                {ingestion_timestamp_column}
            )
        )
        AS DOUBLE
    ) AS metric_value,

    0 AS passed_count,
    0 AS failed_count,
    COUNT(*) AS total_count,
    COUNT(*) AS applicable_count
FROM {table}
WHERE {source_timestamp_column} IS NOT NULL
  AND {ingestion_timestamp_column} IS NOT NULL
",null,null,null,null,null,02_CRD_card_number,source/CARD_MGMT/CARD_ACCOUNT_MANAGEMENT/02_crd_card_number,CARD_MGMT,CARD_ACCOUNT_MANAGEMENT
294,17,T05,1,TABLE,null,null,null,2.000000,<=,null,null,Late-record %,PARAMETERIZED,Percentage of records arriving later than configured expectation.,TABLE / COLUMN,2.000000,ALL,DATE_TIME,"{
  ""parameters"": [
    {
      ""name"": ""arrival_timestamp_column"",
      ""label"": ""Arrival timestamp column"",
      ""control"": ""column_select"",
      ""required"": true
    },
    {
      ""name"": ""expected_arrival"",
      ""label"": ""Expected arrival"",
      ""control"": ""datetime"",
      ""required"": true
    }
  ]
}","
SELECT
    100.0 * COUNT_IF(
        {arrival_timestamp_column} > {expected_arrival}
    ) / NULLIF(COUNT(*), 0) AS metric_value,
    COUNT_IF(
        {arrival_timestamp_column} <= {expected_arrival}
    ) AS passed_count,
    COUNT_IF(
        {arrival_timestamp_column} > {expected_arrival}
    ) AS failed_count,
    COUNT(*) AS total_count,
    COUNT(*) AS applicable_count
FROM {table}
WHERE {arrival_timestamp_column} IS NOT NULL
",null,null,null,null,null,02_CRD_card_number,source/CARD_MGMT/CARD_ACCOUNT_MANAGEMENT/02_crd_card_number,CARD_MGMT,CARD_ACCOUNT_MANAGEMENT
295,17,T06,1,TABLE,null,null,null,99.000000,>=,null,null,Expected-arrival coverage %,PARAMETERIZED,Percentage of expected arrivals actually received.,TABLE,99.000000,ALL,ANY,"
{
  ""parameters"": [
    {
      ""name"": ""arrival_condition"",
      ""label"": ""Arrival condition"",
      ""control"": ""expression"",
      ""required"": true
    },
    {
      ""name"": ""expected_arrival_count"",
      ""label"": ""Expected arrival count"",
      ""control"": ""number"",
      ""required"": true
    }
  ]
}
","
SELECT
    100.0 * COUNT_IF({arrival_condition})
        / NULLIF({expected_arrival_count}, 0) AS metric_value,
    COUNT_IF({arrival_condition}) AS passed_count,
    COUNT_IF(NOT ({arrival_condition})) AS failed_count,
    {expected_arrival_count} AS total_count,
    {expected_arrival_count} AS applicable_count
FROM {table}
",null,null,null,null,null,02_CRD_card_number,source/CARD_MGMT/CARD_ACCOUNT_MANAGEMENT/02_crd_card_number,CARD_MGMT,CARD_ACCOUNT_MANAGEMENT
297,17,U04,1,TABLE,null,null,null,100.000000,>=,null,null,Primary-key compliance %,PARAMETERIZED,Percentage of records having a non-null unique primary key.,TABLE,100.000000,ALL,ANY,"{
          ""parameters"":[
            {
              ""name"":""primary_key_column"",
              ""label"":""Primary key column"",
              ""control"":""column_select"",
              ""required"":true
            }
          ]
        }","
WITH key_stats AS (
    SELECT
        COUNT(*) AS total_count,
        COUNT({primary_key_column}) AS non_null_count,
        COUNT(DISTINCT {primary_key_column}) AS distinct_count
    FROM {table}
)
SELECT
    100.0 *
    CASE
        WHEN total_count = 0 THEN 100.0
        WHEN non_null_count = total_count
             AND distinct_count = total_count
        THEN 100.0
        ELSE 0.0
    END AS metric_value,

    CASE
        WHEN non_null_count = total_count
             AND distinct_count = total_count
        THEN total_count
        ELSE 0
    END AS passed_count,

    CASE
        WHEN non_null_count = total_count
             AND distinct_count = total_count
        THEN 0
        ELSE total_count
    END AS failed_count,

    total_count,
    total_count AS applicable_count
FROM key_stats
",null,null,null,null,null,02_CRD_card_number,source/CARD_MGMT/CARD_ACCOUNT_MANAGEMENT/02_crd_card_number,CARD_MGMT,CARD_ACCOUNT_MANAGEMENT
298,17,U05,1,TABLE,null,null,null,100.000000,>=,null,null,Composite-key uniqueness %,PARAMETERIZED,Percentage of applicable records with unique configured composite key.,TABLE,100.000000,ALL,ANY,"{
          ""parameters"":[
            {
              ""name"":""composite_key_columns"",
              ""label"":""Composite key columns"",
              ""control"":""column_multi_select"",
              ""required"":true
            }
          ]
        }","
SELECT
    100.0 * COUNT_IF(unique_key_flag = 1)
        / NULLIF(COUNT(*), 0) AS metric_value,
    COUNT_IF(unique_key_flag = 1) AS passed_count,
    COUNT_IF(unique_key_flag = 0) AS failed_count,
    COUNT(*) AS total_count,
    COUNT(*) AS applicable_count
FROM (
    SELECT
        {composite_key_columns},
        CASE
            WHEN COUNT(*) OVER (
                PARTITION BY {composite_key_columns}
            ) = 1 THEN 1
            ELSE 0
        END AS unique_key_flag
    FROM {table}
) keyed_rows
",null,null,null,null,null,02_CRD_card_number,source/CARD_MGMT/CARD_ACCOUNT_MANAGEMENT/02_crd_card_number,CARD_MGMT,CARD_ACCOUNT_MANAGEMENT
127,18,A01,1,COLUMN,173,null,null,99.000000,>=,null,null,Reference-match accuracy %,PARAMETERIZED,Percentage of applicable values matching a trusted reference.,COLUMN / TABLE,99.000000,ALL,ANY,"
{
  ""parameters"": [
    {
      ""name"": ""reference_asset"",
      ""label"": ""Reference asset"",
      ""control"": ""asset_select"",
      ""required"": true
    },
    {
      ""name"": ""source_column"",
      ""label"": ""Source column"",
      ""control"": ""column_select"",
      ""required"": true
    },
    {
      ""name"": ""reference_column"",
      ""label"": ""Reference column"",
      ""control"": ""column_select"",
      ""required"": true
    }
  ]
}
","
SELECT
    100.0 * COUNT_IF(
        {match_condition}
    ) / NULLIF(COUNT({column}), 0) AS metric_value,
    COUNT_IF({match_condition}) AS passed_count,
    COUNT_IF(NOT ({match_condition})) AS failed_count,
    COUNT({column}) AS total_count,
    COUNT({column}) AS applicable_count
FROM {table}
WHERE {column} IS NOT NULL
",null,null,null,null,null,02_CRD_card_status,source/CARD_MGMT/CARD_ACCOUNT_MANAGEMENT/02_crd_card_status,CARD_MGMT,CARD_ACCOUNT_MANAGEMENT
261,18,C05,1,TABLE,null,null,null,95.000000,>=,null,null,Record completeness %,PARAMETERIZED,Average completeness across configured required fields.,TABLE,95.000000,ALL,ANY,"{
          ""parameters"":[
            {
              ""name"":""required_columns"",
              ""label"":""Required columns"",
              ""control"":""column_multi_select"",
              ""required"":true
            }
          ]
        }","
SELECT
    100.0 * COUNT_IF({required_columns_condition})
        / NULLIF(COUNT(*), 0) AS metric_value,
    COUNT_IF({required_columns_condition}) AS passed_count,
    COUNT_IF(NOT ({required_columns_condition})) AS failed_count,
    COUNT(*) AS total_count,
    COUNT(*) AS applicable_count
FROM {table}
",null,null,null,null,null,02_CRD_card_status,source/CARD_MGMT/CARD_ACCOUNT_MANAGEMENT/02_crd_card_status,CARD_MGMT,CARD_ACCOUNT_MANAGEMENT
262,18,C07,1,TABLE,null,null,null,95.000000,>=,null,null,Selected-column completeness %,PARAMETERIZED,Percentage of records where all configured selected columns are populated.,TABLE,95.000000,ALL,ANY,"{
          ""parameters"":[
            {
              ""name"":""selected_columns"",
              ""label"":""Selected columns"",
              ""control"":""column_multi_select"",
              ""required"":true
            }
          ]
        }","
SELECT
    100.0 * COUNT_IF({selected_columns_condition})
        / NULLIF(COUNT(*), 0) AS metric_value,
    COUNT_IF({selected_columns_condition}) AS passed_count,
    COUNT_IF(NOT ({selected_columns_condition})) AS failed_count,
    COUNT(*) AS total_count,
    COUNT(*) AS applicable_count
FROM {table}
",null,null,null,null,null,02_CRD_card_status,source/CARD_MGMT/CARD_ACCOUNT_MANAGEMENT/02_crd_card_status,CARD_MGMT,CARD_ACCOUNT_MANAGEMENT
263,18,I04,1,TABLE,null,null,null,0.000000,<=,null,null,Primary-key null %,PARAMETERIZED,Percentage of records where the configured primary key is NULL.,TABLE,0.000000,ALL,ID,"{
          ""parameters"":[
            {
              ""name"":""primary_key_column"",
              ""label"":""Primary key column"",
              ""control"":""column_select"",
              ""required"":true
            }
          ]
        }","
SELECT
    100.0 * COUNT_IF(
        {primary_key_column} IS NULL
    ) / NULLIF(COUNT(*), 0) AS metric_value,
    COUNT_IF(
        {primary_key_column} IS NOT NULL
    ) AS passed_count,
    COUNT_IF(
        {primary_key_column} IS NULL
    ) AS failed_count,
    COUNT(*) AS total_count,
    COUNT(*) AS applicable_count
FROM {table}
",null,null,null,null,null,02_CRD_card_status,source/CARD_MGMT/CARD_ACCOUNT_MANAGEMENT/02_crd_card_status,CARD_MGMT,CARD_ACCOUNT_MANAGEMENT
242,18,K03,1,COLUMN,172,null,null,98.000000,>=,null,null,Standardization compliance %,PARAMETERIZED,Percentage of values matching configured canonical representation.,COLUMN,98.000000,STRING,CODE/ID/STATUS,"
{
  ""parameters"": [
    {
      ""name"": ""standardization_type"",
      ""label"": ""Standardization type"",
      ""control"": ""select"",
      ""required"": true,
      ""options"": [
        ""TRIM"",
        ""UPPERCASE"",
        ""LOWERCASE""
      ]
    }
  ]
}
","
SELECT
    100.0 * COUNT_IF(
        CASE
            WHEN {standardization_type} = TRIM
                THEN CAST({column} AS STRING) = TRIM(CAST({column} AS STRING))
            WHEN {standardization_type} = UPPERCASE
                THEN CAST({column} AS STRING) = UPPER(CAST({column} AS STRING))
            WHEN {standardization_type} = LOWERCASE
                THEN CAST({column} AS STRING) = LOWER(CAST({column} AS STRING))
            ELSE FALSE
        END
    ) / NULLIF(COUNT({column}), 0) AS metric_value,

    COUNT_IF(
        CASE
            WHEN {standardization_type} = TRIM
                THEN CAST({column} AS STRING) = TRIM(CAST({column} AS STRING))
            WHEN {standardization_type} = UPPERCASE
                THEN CAST({column} AS STRING) = UPPER(CAST({column} AS STRING))
            WHEN {standardization_type} = LOWERCASE
                THEN CAST({column} AS STRING) = LOWER(CAST({column} AS STRING))
            ELSE FALSE
        END
    ) AS passed_count,

    COUNT_IF(
        NOT (
            CASE
                WHEN {standardization_type} = TRIM
                    THEN CAST({column} AS STRING) = TRIM(CAST({column} AS STRING))
                WHEN {standardization_type} = UPPERCASE
                    THEN CAST({column} AS STRING) = UPPER(CAST({column} AS STRING))
                WHEN {standardization_type} = LOWERCASE
                    THEN CAST({column} AS STRING) = LOWER(CAST({column} AS STRING))
                ELSE FALSE
            END
        )
    ) AS failed_count,

    COUNT({column}) AS total_count,
    COUNT({column}) AS applicable_count
FROM {table}
WHERE {column} IS NOT NULL
",null,null,null,null,null,02_CRD_card_status,source/CARD_MGMT/CARD_ACCOUNT_MANAGEMENT/02_crd_card_status,CARD_MGMT,CARD_ACCOUNT_MANAGEMENT
267,18,P13,1,TABLE,null,null,null,null,null,null,null,Volume variance %,PARAMETERIZED,Percentage variance between current and baseline row volume.,TABLE,null,ALL,ANY,"{
          ""parameters"":[
            {
              ""name"":""baseline_row_count"",
              ""label"":""Baseline row count"",
              ""control"":""number"",
              ""min"":0,
              ""required"":true
            }
          ]
        }","
SELECT
    100.0 * ABS(
        COUNT(*) - {baseline_row_count}
    ) / NULLIF({baseline_row_count}, 0) AS metric_value,
    1 AS passed_count,
    0 AS failed_count,
    1 AS total_count,
    1 AS applicable_count
FROM {table}
",null,null,null,null,null,02_CRD_card_status,source/CARD_MGMT/CARD_ACCOUNT_MANAGEMENT/02_crd_card_status,CARD_MGMT,CARD_ACCOUNT_MANAGEMENT
268,18,P14,1,TABLE,null,null,null,99.000000,>=,null,null,Schema compliance %,PARAMETERIZED,Percentage of expected schema columns matching actual name and type.,TABLE,99.000000,ALL,ANY,"{
          ""parameters"":[
            {
              ""name"":""expected_schema"",
              ""label"":""Expected schema"",
              ""control"":""schema_definition"",
              ""required"":true
            }
          ]
        }","
SELECT
    {schema_compliance_expression} AS metric_value,
    {schema_passed_expression} AS passed_count,
    {schema_failed_expression} AS failed_count,
    {expected_column_count} AS total_count,
    {expected_column_count} AS applicable_count
FROM {table}
",null,null,null,null,null,02_CRD_card_status,source/CARD_MGMT/CARD_ACCOUNT_MANAGEMENT/02_crd_card_status,CARD_MGMT,CARD_ACCOUNT_MANAGEMENT
269,18,T01,1,TABLE,null,null,null,98.000000,>=,null,null,SLA compliance %,PARAMETERIZED,Percentage of records meeting configured SLA.,TABLE / COLUMN,98.000000,ALL,DATE_TIME,"{
          ""parameters"":[
            {
              ""name"":""sla_condition"",
              ""label"":""SLA condition"",
              ""control"":""expression"",
              ""required"":true
            }
          ]
        }","
SELECT
    100.0 * COUNT_IF({sla_condition})
        / NULLIF(COUNT(*), 0) AS metric_value,
    COUNT_IF({sla_condition}) AS passed_count,
    COUNT_IF(NOT ({sla_condition})) AS failed_count,
    COUNT(*) AS total_count,
    COUNT(*) AS applicable_count
FROM {table}
",null,null,null,null,null,02_CRD_card_status,source/CARD_MGMT/CARD_ACCOUNT_MANAGEMENT/02_crd_card_status,CARD_MGMT,CARD_ACCOUNT_MANAGEMENT
270,18,T02,1,TABLE,null,null,null,null,<=,null,null,Freshness age,PARAMETERIZED,Age of the most recent data timestamp.,TABLE / COLUMN,null,DATE/TIMESTAMP,DATE_TIME,"{
          ""parameters"":[
            {
              ""name"":""time_unit"",
              ""label"":""Time unit"",
              ""control"":""select"",
              ""options"":[""MINUTE"",""HOUR"",""DAY""],
              ""required"":true
            }
          ]
        }","
SELECT
    CAST(
        TIMESTAMPDIFF(
            {time_unit},
            MAX({column}),
            CURRENT_TIMESTAMP()
        )
        AS DOUBLE
    ) AS metric_value,

    0 AS passed_count,
    0 AS failed_count,
    COUNT(*) AS total_count,
    COUNT({column}) AS applicable_count
FROM {table}
",null,null,null,null,null,02_CRD_card_status,source/CARD_MGMT/CARD_ACCOUNT_MANAGEMENT/02_crd_card_status,CARD_MGMT,CARD_ACCOUNT_MANAGEMENT
271,18,T03,1,TABLE,null,null,null,null,<=,null,null,Average latency,PARAMETERIZED,Average difference between source and ingestion timestamps.,TABLE / COLUMN,null,DATE/TIMESTAMP,DATE_TIME,"{
          ""parameters"":[
            {
              ""name"":""source_timestamp_column"",
              ""label"":""Source timestamp column"",
              ""control"":""column_select"",
              ""required"":true
            },
            {
              ""name"":""ingestion_timestamp_column"",
              ""label"":""Ingestion timestamp column"",
              ""control"":""column_select"",
              ""required"":true
            },
            {
              ""name"":""time_unit"",
              ""label"":""Time unit"",
              ""control"":""select"",
              ""options"":[""SECOND"",""MINUTE"",""HOUR"",""DAY""],
              ""required"":true
            }
          ]
        }","
SELECT
    CAST(
        AVG(
            TIMESTAMPDIFF(
                {time_unit},
                {source_timestamp_column},
                {ingestion_timestamp_column}
            )
        )
        AS DOUBLE
    ) AS metric_value,

    0 AS passed_count,
    0 AS failed_count,
    COUNT(*) AS total_count,
    COUNT(*) AS applicable_count
FROM {table}
WHERE {source_timestamp_column} IS NOT NULL
  AND {ingestion_timestamp_column} IS NOT NULL
",null,null,null,null,null,02_CRD_card_status,source/CARD_MGMT/CARD_ACCOUNT_MANAGEMENT/02_crd_card_status,CARD_MGMT,CARD_ACCOUNT_MANAGEMENT
272,18,T04,1,TABLE,null,null,null,null,<=,null,null,Maximum latency,PARAMETERIZED,Maximum difference between source and ingestion timestamps.,TABLE / COLUMN,null,DATE/TIMESTAMP,DATE_TIME,"{
          ""parameters"":[
            {
              ""name"":""source_timestamp_column"",
              ""label"":""Source timestamp column"",
              ""control"":""column_select"",
              ""required"":true
            },
            {
              ""name"":""ingestion_timestamp_column"",
              ""label"":""Ingestion timestamp column"",
              ""control"":""column_select"",
              ""required"":true
            },
            {
              ""name"":""time_unit"",
              ""label"":""Time unit"",
              ""control"":""select"",
              ""options"":[""SECOND"",""MINUTE"",""HOUR"",""DAY""],
              ""required"":true
            }
          ]
        }","
SELECT
    CAST(
        MAX(
            TIMESTAMPDIFF(
                {time_unit},
                {source_timestamp_column},
                {ingestion_timestamp_column}
            )
        )
        AS DOUBLE
    ) AS metric_value,

    0 AS passed_count,
    0 AS failed_count,
    COUNT(*) AS total_count,
    COUNT(*) AS applicable_count
FROM {table}
WHERE {source_timestamp_column} IS NOT NULL
  AND {ingestion_timestamp_column} IS NOT NULL
",null,null,null,null,null,02_CRD_card_status,source/CARD_MGMT/CARD_ACCOUNT_MANAGEMENT/02_crd_card_status,CARD_MGMT,CARD_ACCOUNT_MANAGEMENT
273,18,T05,1,TABLE,null,null,null,2.000000,<=,null,null,Late-record %,PARAMETERIZED,Percentage of records arriving later than configured expectation.,TABLE / COLUMN,2.000000,ALL,DATE_TIME,"{
  ""parameters"": [
    {
      ""name"": ""arrival_timestamp_column"",
      ""label"": ""Arrival timestamp column"",
      ""control"": ""column_select"",
      ""required"": true
    },
    {
      ""name"": ""expected_arrival"",
      ""label"": ""Expected arrival"",
      ""control"": ""datetime"",
      ""required"": true
    }
  ]
}","
SELECT
    100.0 * COUNT_IF(
        {arrival_timestamp_column} > {expected_arrival}
    ) / NULLIF(COUNT(*), 0) AS metric_value,
    COUNT_IF(
        {arrival_timestamp_column} <= {expected_arrival}
    ) AS passed_count,
    COUNT_IF(
        {arrival_timestamp_column} > {expected_arrival}
    ) AS failed_count,
    COUNT(*) AS total_count,
    COUNT(*) AS applicable_count
FROM {table}
WHERE {arrival_timestamp_column} IS NOT NULL
",null,null,null,null,null,02_CRD_card_status,source/CARD_MGMT/CARD_ACCOUNT_MANAGEMENT/02_crd_card_status,CARD_MGMT,CARD_ACCOUNT_MANAGEMENT
274,18,T06,1,TABLE,null,null,null,99.000000,>=,null,null,Expected-arrival coverage %,PARAMETERIZED,Percentage of expected arrivals actually received.,TABLE,99.000000,ALL,ANY,"
{
  ""parameters"": [
    {
      ""name"": ""arrival_condition"",
      ""label"": ""Arrival condition"",
      ""control"": ""expression"",
      ""required"": true
    },
    {
      ""name"": ""expected_arrival_count"",
      ""label"": ""Expected arrival count"",
      ""control"": ""number"",
      ""required"": true
    }
  ]
}
","
SELECT
    100.0 * COUNT_IF({arrival_condition})
        / NULLIF({expected_arrival_count}, 0) AS metric_value,
    COUNT_IF({arrival_condition}) AS passed_count,
    COUNT_IF(NOT ({arrival_condition})) AS failed_count,
    {expected_arrival_count} AS total_count,
    {expected_arrival_count} AS applicable_count
FROM {table}
",null,null,null,null,null,02_CRD_card_status,source/CARD_MGMT/CARD_ACCOUNT_MANAGEMENT/02_crd_card_status,CARD_MGMT,CARD_ACCOUNT_MANAGEMENT
276,18,U04,1,TABLE,null,null,null,100.000000,>=,null,null,Primary-key compliance %,PARAMETERIZED,Percentage of records having a non-null unique primary key.,TABLE,100.000000,ALL,ANY,"{
          ""parameters"":[
            {
              ""name"":""primary_key_column"",
              ""label"":""Primary key column"",
              ""control"":""column_select"",
              ""required"":true
            }
          ]
        }","
WITH key_stats AS (
    SELECT
        COUNT(*) AS total_count,
        COUNT({primary_key_column}) AS non_null_count,
        COUNT(DISTINCT {primary_key_column}) AS distinct_count
    FROM {table}
)
SELECT
    100.0 *
    CASE
        WHEN total_count = 0 THEN 100.0
        WHEN non_null_count = total_count
             AND distinct_count = total_count
        THEN 100.0
        ELSE 0.0
    END AS metric_value,

    CASE
        WHEN non_null_count = total_count
             AND distinct_count = total_count
        THEN total_count
        ELSE 0
    END AS passed_count,

    CASE
        WHEN non_null_count = total_count
             AND distinct_count = total_count
        THEN 0
        ELSE total_count
    END AS failed_count,

    total_count,
    total_count AS applicable_count
FROM key_stats
",null,null,null,null,null,02_CRD_card_status,source/CARD_MGMT/CARD_ACCOUNT_MANAGEMENT/02_crd_card_status,CARD_MGMT,CARD_ACCOUNT_MANAGEMENT
277,18,U05,1,TABLE,null,null,null,100.000000,>=,null,null,Composite-key uniqueness %,PARAMETERIZED,Percentage of applicable records with unique configured composite key.,TABLE,100.000000,ALL,ANY,"{
          ""parameters"":[
            {
              ""name"":""composite_key_columns"",
              ""label"":""Composite key columns"",
              ""control"":""column_multi_select"",
              ""required"":true
            }
          ]
        }","
SELECT
    100.0 * COUNT_IF(unique_key_flag = 1)
        / NULLIF(COUNT(*), 0) AS metric_value,
    COUNT_IF(unique_key_flag = 1) AS passed_count,
    COUNT_IF(unique_key_flag = 0) AS failed_count,
    COUNT(*) AS total_count,
    COUNT(*) AS applicable_count
FROM (
    SELECT
        {composite_key_columns},
        CASE
            WHEN COUNT(*) OVER (
                PARTITION BY {composite_key_columns}
            ) = 1 THEN 1
            ELSE 0
        END AS unique_key_flag
    FROM {table}
) keyed_rows
",null,null,null,null,null,02_CRD_card_status,source/CARD_MGMT/CARD_ACCOUNT_MANAGEMENT/02_crd_card_status,CARD_MGMT,CARD_ACCOUNT_MANAGEMENT
239,19,C05,1,TABLE,null,null,null,95.000000,>=,null,null,Record completeness %,PARAMETERIZED,Average completeness across configured required fields.,TABLE,95.000000,ALL,ANY,"{
          ""parameters"":[
            {
              ""name"":""required_columns"",
              ""label"":""Required columns"",
              ""control"":""column_multi_select"",
              ""required"":true
            }
          ]
        }","
SELECT
    100.0 * COUNT_IF({required_columns_condition})
        / NULLIF(COUNT(*), 0) AS metric_value,
    COUNT_IF({required_columns_condition}) AS passed_count,
    COUNT_IF(NOT ({required_columns_condition})) AS failed_count,
    COUNT(*) AS total_count,
    COUNT(*) AS applicable_count
FROM {table}
",null,null,null,null,null,02_CRD_card_account,source/CARD_MGMT/CARD_ACCOUNT_MANAGEMENT/02_crd_card_account,CARD_MGMT,CARD_ACCOUNT_MANAGEMENT
240,19,C07,1,TABLE,null,null,null,95.000000,>=,null,null,Selected-column completeness %,PARAMETERIZED,Percentage of records where all configured selected columns are populated.,TABLE,95.000000,ALL,ANY,"{
          ""parameters"":[
            {
              ""name"":""selected_columns"",
              ""label"":""Selected columns"",
              ""control"":""column_multi_select"",
              ""required"":true
            }
          ]
        }","
SELECT
    100.0 * COUNT_IF({selected_columns_condition})
        / NULLIF(COUNT(*), 0) AS metric_value,
    COUNT_IF({selected_columns_condition}) AS passed_count,
    COUNT_IF(NOT ({selected_columns_condition})) AS failed_count,
    COUNT(*) AS total_count,
    COUNT(*) AS applicable_count
FROM {table}
",null,null,null,null,null,02_CRD_card_account,source/CARD_MGMT/CARD_ACCOUNT_MANAGEMENT/02_crd_card_account,CARD_MGMT,CARD_ACCOUNT_MANAGEMENT
241,19,I04,1,TABLE,null,null,null,0.000000,<=,null,null,Primary-key null %,PARAMETERIZED,Percentage of records where the configured primary key is NULL.,TABLE,0.000000,ALL,ID,"{
          ""parameters"":[
            {
              ""name"":""primary_key_column"",
              ""label"":""Primary key column"",
              ""control"":""column_select"",
              ""required"":true
            }
          ]
        }","
SELECT
    100.0 * COUNT_IF(
        {primary_key_column} IS NULL
    ) / NULLIF(COUNT(*), 0) AS metric_value,
    COUNT_IF(
        {primary_key_column} IS NOT NULL
    ) AS passed_count,
    COUNT_IF(
        {primary_key_column} IS NULL
    ) AS failed_count,
    COUNT(*) AS total_count,
    COUNT(*) AS applicable_count
FROM {table}
",null,null,null,null,null,02_CRD_card_account,source/CARD_MGMT/CARD_ACCOUNT_MANAGEMENT/02_crd_card_account,CARD_MGMT,CARD_ACCOUNT_MANAGEMENT
245,19,P13,1,TABLE,null,null,null,null,null,null,null,Volume variance %,PARAMETERIZED,Percentage variance between current and baseline row volume.,TABLE,null,ALL,ANY,"{
          ""parameters"":[
            {
              ""name"":""baseline_row_count"",
              ""label"":""Baseline row count"",
              ""control"":""number"",
              ""min"":0,
              ""required"":true
            }
          ]
        }","
SELECT
    100.0 * ABS(
        COUNT(*) - {baseline_row_count}
    ) / NULLIF({baseline_row_count}, 0) AS metric_value,
    1 AS passed_count,
    0 AS failed_count,
    1 AS total_count,
    1 AS applicable_count
FROM {table}
",null,null,null,null,null,02_CRD_card_account,source/CARD_MGMT/CARD_ACCOUNT_MANAGEMENT/02_crd_card_account,CARD_MGMT,CARD_ACCOUNT_MANAGEMENT
246,19,P14,1,TABLE,null,null,null,99.000000,>=,null,null,Schema compliance %,PARAMETERIZED,Percentage of expected schema columns matching actual name and type.,TABLE,99.000000,ALL,ANY,"{
          ""parameters"":[
            {
              ""name"":""expected_schema"",
              ""label"":""Expected schema"",
              ""control"":""schema_definition"",
              ""required"":true
            }
          ]
        }","
SELECT
    {schema_compliance_expression} AS metric_value,
    {schema_passed_expression} AS passed_count,
    {schema_failed_expression} AS failed_count,
    {expected_column_count} AS total_count,
    {expected_column_count} AS applicable_count
FROM {table}
",null,null,null,null,null,02_CRD_card_account,source/CARD_MGMT/CARD_ACCOUNT_MANAGEMENT/02_crd_card_account,CARD_MGMT,CARD_ACCOUNT_MANAGEMENT
247,19,T01,1,TABLE,null,null,null,98.000000,>=,null,null,SLA compliance %,PARAMETERIZED,Percentage of records meeting configured SLA.,TABLE / COLUMN,98.000000,ALL,DATE_TIME,"{
          ""parameters"":[
            {
              ""name"":""sla_condition"",
              ""label"":""SLA condition"",
              ""control"":""expression"",
              ""required"":true
            }
          ]
        }","
SELECT
    100.0 * COUNT_IF({sla_condition})
        / NULLIF(COUNT(*), 0) AS metric_value,
    COUNT_IF({sla_condition}) AS passed_count,
    COUNT_IF(NOT ({sla_condition})) AS failed_count,
    COUNT(*) AS total_count,
    COUNT(*) AS applicable_count
FROM {table}
",null,null,null,null,null,02_CRD_card_account,source/CARD_MGMT/CARD_ACCOUNT_MANAGEMENT/02_crd_card_account,CARD_MGMT,CARD_ACCOUNT_MANAGEMENT
248,19,T02,1,TABLE,null,null,null,null,<=,null,null,Freshness age,PARAMETERIZED,Age of the most recent data timestamp.,TABLE / COLUMN,null,DATE/TIMESTAMP,DATE_TIME,"{
          ""parameters"":[
            {
              ""name"":""time_unit"",
              ""label"":""Time unit"",
              ""control"":""select"",
              ""options"":[""MINUTE"",""HOUR"",""DAY""],
              ""required"":true
            }
          ]
        }","
SELECT
    CAST(
        TIMESTAMPDIFF(
            {time_unit},
            MAX({column}),
            CURRENT_TIMESTAMP()
        )
        AS DOUBLE
    ) AS metric_value,

    0 AS passed_count,
    0 AS failed_count,
    COUNT(*) AS total_count,
    COUNT({column}) AS applicable_count
FROM {table}
",null,null,null,null,null,02_CRD_card_account,source/CARD_MGMT/CARD_ACCOUNT_MANAGEMENT/02_crd_card_account,CARD_MGMT,CARD_ACCOUNT_MANAGEMENT
249,19,T03,1,TABLE,null,null,null,null,<=,null,null,Average latency,PARAMETERIZED,Average difference between source and ingestion timestamps.,TABLE / COLUMN,null,DATE/TIMESTAMP,DATE_TIME,"{
          ""parameters"":[
            {
              ""name"":""source_timestamp_column"",
              ""label"":""Source timestamp column"",
              ""control"":""column_select"",
              ""required"":true
            },
            {
              ""name"":""ingestion_timestamp_column"",
              ""label"":""Ingestion timestamp column"",
              ""control"":""column_select"",
              ""required"":true
            },
            {
              ""name"":""time_unit"",
              ""label"":""Time unit"",
              ""control"":""select"",
              ""options"":[""SECOND"",""MINUTE"",""HOUR"",""DAY""],
              ""required"":true
            }
          ]
        }","
SELECT
    CAST(
        AVG(
            TIMESTAMPDIFF(
                {time_unit},
                {source_timestamp_column},
                {ingestion_timestamp_column}
            )
        )
        AS DOUBLE
    ) AS metric_value,

    0 AS passed_count,
    0 AS failed_count,
    COUNT(*) AS total_count,
    COUNT(*) AS applicable_count
FROM {table}
WHERE {source_timestamp_column} IS NOT NULL
  AND {ingestion_timestamp_column} IS NOT NULL
",null,null,null,null,null,02_CRD_card_account,source/CARD_MGMT/CARD_ACCOUNT_MANAGEMENT/02_crd_card_account,CARD_MGMT,CARD_ACCOUNT_MANAGEMENT
250,19,T04,1,TABLE,null,null,null,null,<=,null,null,Maximum latency,PARAMETERIZED,Maximum difference between source and ingestion timestamps.,TABLE / COLUMN,null,DATE/TIMESTAMP,DATE_TIME,"{
          ""parameters"":[
            {
              ""name"":""source_timestamp_column"",
              ""label"":""Source timestamp column"",
              ""control"":""column_select"",
              ""required"":true
            },
            {
              ""name"":""ingestion_timestamp_column"",
              ""label"":""Ingestion timestamp column"",
              ""control"":""column_select"",
              ""required"":true
            },
            {
              ""name"":""time_unit"",
              ""label"":""Time unit"",
              ""control"":""select"",
              ""options"":[""SECOND"",""MINUTE"",""HOUR"",""DAY""],
              ""required"":true
            }
          ]
        }","
SELECT
    CAST(
        MAX(
            TIMESTAMPDIFF(
                {time_unit},
                {source_timestamp_column},
                {ingestion_timestamp_column}
            )
        )
        AS DOUBLE
    ) AS metric_value,

    0 AS passed_count,
    0 AS failed_count,
    COUNT(*) AS total_count,
    COUNT(*) AS applicable_count
FROM {table}
WHERE {source_timestamp_column} IS NOT NULL
  AND {ingestion_timestamp_column} IS NOT NULL
",null,null,null,null,null,02_CRD_card_account,source/CARD_MGMT/CARD_ACCOUNT_MANAGEMENT/02_crd_card_account,CARD_MGMT,CARD_ACCOUNT_MANAGEMENT
251,19,T05,1,TABLE,null,null,null,2.000000,<=,null,null,Late-record %,PARAMETERIZED,Percentage of records arriving later than configured expectation.,TABLE / COLUMN,2.000000,ALL,DATE_TIME,"{
  ""parameters"": [
    {
      ""name"": ""arrival_timestamp_column"",
      ""label"": ""Arrival timestamp column"",
      ""control"": ""column_select"",
      ""required"": true
    },
    {
      ""name"": ""expected_arrival"",
      ""label"": ""Expected arrival"",
      ""control"": ""datetime"",
      ""required"": true
    }
  ]
}","
SELECT
    100.0 * COUNT_IF(
        {arrival_timestamp_column} > {expected_arrival}
    ) / NULLIF(COUNT(*), 0) AS metric_value,
    COUNT_IF(
        {arrival_timestamp_column} <= {expected_arrival}
    ) AS passed_count,
    COUNT_IF(
        {arrival_timestamp_column} > {expected_arrival}
    ) AS failed_count,
    COUNT(*) AS total_count,
    COUNT(*) AS applicable_count
FROM {table}
WHERE {arrival_timestamp_column} IS NOT NULL
",null,null,null,null,null,02_CRD_card_account,source/CARD_MGMT/CARD_ACCOUNT_MANAGEMENT/02_crd_card_account,CARD_MGMT,CARD_ACCOUNT_MANAGEMENT
252,19,T06,1,TABLE,null,null,null,99.000000,>=,null,null,Expected-arrival coverage %,PARAMETERIZED,Percentage of expected arrivals actually received.,TABLE,99.000000,ALL,ANY,"
{
  ""parameters"": [
    {
      ""name"": ""arrival_condition"",
      ""label"": ""Arrival condition"",
      ""control"": ""expression"",
      ""required"": true
    },
    {
      ""name"": ""expected_arrival_count"",
      ""label"": ""Expected arrival count"",
      ""control"": ""number"",
      ""required"": true
    }
  ]
}
","
SELECT
    100.0 * COUNT_IF({arrival_condition})
        / NULLIF({expected_arrival_count}, 0) AS metric_value,
    COUNT_IF({arrival_condition}) AS passed_count,
    COUNT_IF(NOT ({arrival_condition})) AS failed_count,
    {expected_arrival_count} AS total_count,
    {expected_arrival_count} AS applicable_count
FROM {table}
",null,null,null,null,null,02_CRD_card_account,source/CARD_MGMT/CARD_ACCOUNT_MANAGEMENT/02_crd_card_account,CARD_MGMT,CARD_ACCOUNT_MANAGEMENT
254,19,U04,1,TABLE,null,null,null,100.000000,>=,null,null,Primary-key compliance %,PARAMETERIZED,Percentage of records having a non-null unique primary key.,TABLE,100.000000,ALL,ANY,"{
          ""parameters"":[
            {
              ""name"":""primary_key_column"",
              ""label"":""Primary key column"",
              ""control"":""column_select"",
              ""required"":true
            }
          ]
        }","
WITH key_stats AS (
    SELECT
        COUNT(*) AS total_count,
        COUNT({primary_key_column}) AS non_null_count,
        COUNT(DISTINCT {primary_key_column}) AS distinct_count
    FROM {table}
)
SELECT
    100.0 *
    CASE
        WHEN total_count = 0 THEN 100.0
        WHEN non_null_count = total_count
             AND distinct_count = total_count
        THEN 100.0
        ELSE 0.0
    END AS metric_value,

    CASE
        WHEN non_null_count = total_count
             AND distinct_count = total_count
        THEN total_count
        ELSE 0
    END AS passed_count,

    CASE
        WHEN non_null_count = total_count
             AND distinct_count = total_count
        THEN 0
        ELSE total_count
    END AS failed_count,

    total_count,
    total_count AS applicable_count
FROM key_stats
",null,null,null,null,null,02_CRD_card_account,source/CARD_MGMT/CARD_ACCOUNT_MANAGEMENT/02_crd_card_account,CARD_MGMT,CARD_ACCOUNT_MANAGEMENT
255,19,U05,1,TABLE,null,null,null,100.000000,>=,null,null,Composite-key uniqueness %,PARAMETERIZED,Percentage of applicable records with unique configured composite key.,TABLE,100.000000,ALL,ANY,"{
          ""parameters"":[
            {
              ""name"":""composite_key_columns"",
              ""label"":""Composite key columns"",
              ""control"":""column_multi_select"",
              ""required"":true
            }
          ]
        }","
SELECT
    100.0 * COUNT_IF(unique_key_flag = 1)
        / NULLIF(COUNT(*), 0) AS metric_value,
    COUNT_IF(unique_key_flag = 1) AS passed_count,
    COUNT_IF(unique_key_flag = 0) AS failed_count,
    COUNT(*) AS total_count,
    COUNT(*) AS applicable_count
FROM (
    SELECT
        {composite_key_columns},
        CASE
            WHEN COUNT(*) OVER (
                PARTITION BY {composite_key_columns}
            ) = 1 THEN 1
            ELSE 0
        END AS unique_key_flag
    FROM {table}
) keyed_rows
",null,null,null,null,null,02_CRD_card_account,source/CARD_MGMT/CARD_ACCOUNT_MANAGEMENT/02_crd_card_account,CARD_MGMT,CARD_ACCOUNT_MANAGEMENT
105,20,A01,1,COLUMN,186,null,null,99.000000,>=,null,null,Reference-match accuracy %,PARAMETERIZED,Percentage of applicable values matching a trusted reference.,COLUMN / TABLE,99.000000,ALL,ANY,"
{
  ""parameters"": [
    {
      ""name"": ""reference_asset"",
      ""label"": ""Reference asset"",
      ""control"": ""asset_select"",
      ""required"": true
    },
    {
      ""name"": ""source_column"",
      ""label"": ""Source column"",
      ""control"": ""column_select"",
      ""required"": true
    },
    {
      ""name"": ""reference_column"",
      ""label"": ""Reference column"",
      ""control"": ""column_select"",
      ""required"": true
    }
  ]
}
","
SELECT
    100.0 * COUNT_IF(
        {match_condition}
    ) / NULLIF(COUNT({column}), 0) AS metric_value,
    COUNT_IF({match_condition}) AS passed_count,
    COUNT_IF(NOT ({match_condition})) AS failed_count,
    COUNT({column}) AS total_count,
    COUNT({column}) AS applicable_count
FROM {table}
WHERE {column} IS NOT NULL
",null,null,null,null,null,02_CRD_card,source/CARD_MGMT/CARD_ACCOUNT_MANAGEMENT/02_crd_card,CARD_MGMT,CARD_ACCOUNT_MANAGEMENT
217,20,C05,1,TABLE,null,null,null,95.000000,>=,null,null,Record completeness %,PARAMETERIZED,Average completeness across configured required fields.,TABLE,95.000000,ALL,ANY,"{
          ""parameters"":[
            {
              ""name"":""required_columns"",
              ""label"":""Required columns"",
              ""control"":""column_multi_select"",
              ""required"":true
            }
          ]
        }","
SELECT
    100.0 * COUNT_IF({required_columns_condition})
        / NULLIF(COUNT(*), 0) AS metric_value,
    COUNT_IF({required_columns_condition}) AS passed_count,
    COUNT_IF(NOT ({required_columns_condition})) AS failed_count,
    COUNT(*) AS total_count,
    COUNT(*) AS applicable_count
FROM {table}
",null,null,null,null,null,02_CRD_card,source/CARD_MGMT/CARD_ACCOUNT_MANAGEMENT/02_crd_card,CARD_MGMT,CARD_ACCOUNT_MANAGEMENT
218,20,C07,1,TABLE,null,null,null,95.000000,>=,null,null,Selected-column completeness %,PARAMETERIZED,Percentage of records where all configured selected columns are populated.,TABLE,95.000000,ALL,ANY,"{
          ""parameters"":[
            {
              ""name"":""selected_columns"",
              ""label"":""Selected columns"",
              ""control"":""column_multi_select"",
              ""required"":true
            }
          ]
        }","
SELECT
    100.0 * COUNT_IF({selected_columns_condition})
        / NULLIF(COUNT(*), 0) AS metric_value,
    COUNT_IF({selected_columns_condition}) AS passed_count,
    COUNT_IF(NOT ({selected_columns_condition})) AS failed_count,
    COUNT(*) AS total_count,
    COUNT(*) AS applicable_count
FROM {table}
",null,null,null,null,null,02_CRD_card,source/CARD_MGMT/CARD_ACCOUNT_MANAGEMENT/02_crd_card,CARD_MGMT,CARD_ACCOUNT_MANAGEMENT
219,20,I04,1,TABLE,null,null,null,0.000000,<=,null,null,Primary-key null %,PARAMETERIZED,Percentage of records where the configured primary key is NULL.,TABLE,0.000000,ALL,ID,"{
          ""parameters"":[
            {
              ""name"":""primary_key_column"",
              ""label"":""Primary key column"",
              ""control"":""column_select"",
              ""required"":true
            }
          ]
        }","
SELECT
    100.0 * COUNT_IF(
        {primary_key_column} IS NULL
    ) / NULLIF(COUNT(*), 0) AS metric_value,
    COUNT_IF(
        {primary_key_column} IS NOT NULL
    ) AS passed_count,
    COUNT_IF(
        {primary_key_column} IS NULL
    ) AS failed_count,
    COUNT(*) AS total_count,
    COUNT(*) AS applicable_count
FROM {table}
",null,null,null,null,null,02_CRD_card,source/CARD_MGMT/CARD_ACCOUNT_MANAGEMENT/02_crd_card,CARD_MGMT,CARD_ACCOUNT_MANAGEMENT
223,20,P13,1,TABLE,null,null,null,null,null,null,null,Volume variance %,PARAMETERIZED,Percentage variance between current and baseline row volume.,TABLE,null,ALL,ANY,"{
          ""parameters"":[
            {
              ""name"":""baseline_row_count"",
              ""label"":""Baseline row count"",
              ""control"":""number"",
              ""min"":0,
              ""required"":true
            }
          ]
        }","
SELECT
    100.0 * ABS(
        COUNT(*) - {baseline_row_count}
    ) / NULLIF({baseline_row_count}, 0) AS metric_value,
    1 AS passed_count,
    0 AS failed_count,
    1 AS total_count,
    1 AS applicable_count
FROM {table}
",null,null,null,null,null,02_CRD_card,source/CARD_MGMT/CARD_ACCOUNT_MANAGEMENT/02_crd_card,CARD_MGMT,CARD_ACCOUNT_MANAGEMENT
224,20,P14,1,TABLE,null,null,null,99.000000,>=,null,null,Schema compliance %,PARAMETERIZED,Percentage of expected schema columns matching actual name and type.,TABLE,99.000000,ALL,ANY,"{
          ""parameters"":[
            {
              ""name"":""expected_schema"",
              ""label"":""Expected schema"",
              ""control"":""schema_definition"",
              ""required"":true
            }
          ]
        }","
SELECT
    {schema_compliance_expression} AS metric_value,
    {schema_passed_expression} AS passed_count,
    {schema_failed_expression} AS failed_count,
    {expected_column_count} AS total_count,
    {expected_column_count} AS applicable_count
FROM {table}
",null,null,null,null,null,02_CRD_card,source/CARD_MGMT/CARD_ACCOUNT_MANAGEMENT/02_crd_card,CARD_MGMT,CARD_ACCOUNT_MANAGEMENT
225,20,T01,1,TABLE,null,null,null,98.000000,>=,null,null,SLA compliance %,PARAMETERIZED,Percentage of records meeting configured SLA.,TABLE / COLUMN,98.000000,ALL,DATE_TIME,"{
          ""parameters"":[
            {
              ""name"":""sla_condition"",
              ""label"":""SLA condition"",
              ""control"":""expression"",
              ""required"":true
            }
          ]
        }","
SELECT
    100.0 * COUNT_IF({sla_condition})
        / NULLIF(COUNT(*), 0) AS metric_value,
    COUNT_IF({sla_condition}) AS passed_count,
    COUNT_IF(NOT ({sla_condition})) AS failed_count,
    COUNT(*) AS total_count,
    COUNT(*) AS applicable_count
FROM {table}
",null,null,null,null,null,02_CRD_card,source/CARD_MGMT/CARD_ACCOUNT_MANAGEMENT/02_crd_card,CARD_MGMT,CARD_ACCOUNT_MANAGEMENT
226,20,T02,1,TABLE,null,null,null,null,<=,null,null,Freshness age,PARAMETERIZED,Age of the most recent data timestamp.,TABLE / COLUMN,null,DATE/TIMESTAMP,DATE_TIME,"{
          ""parameters"":[
            {
              ""name"":""time_unit"",
              ""label"":""Time unit"",
              ""control"":""select"",
              ""options"":[""MINUTE"",""HOUR"",""DAY""],
              ""required"":true
            }
          ]
        }","
SELECT
    CAST(
        TIMESTAMPDIFF(
            {time_unit},
            MAX({column}),
            CURRENT_TIMESTAMP()
        )
        AS DOUBLE
    ) AS metric_value,

    0 AS passed_count,
    0 AS failed_count,
    COUNT(*) AS total_count,
    COUNT({column}) AS applicable_count
FROM {table}
",null,null,null,null,null,02_CRD_card,source/CARD_MGMT/CARD_ACCOUNT_MANAGEMENT/02_crd_card,CARD_MGMT,CARD_ACCOUNT_MANAGEMENT
227,20,T03,1,TABLE,null,null,null,null,<=,null,null,Average latency,PARAMETERIZED,Average difference between source and ingestion timestamps.,TABLE / COLUMN,null,DATE/TIMESTAMP,DATE_TIME,"{
          ""parameters"":[
            {
              ""name"":""source_timestamp_column"",
              ""label"":""Source timestamp column"",
              ""control"":""column_select"",
              ""required"":true
            },
            {
              ""name"":""ingestion_timestamp_column"",
              ""label"":""Ingestion timestamp column"",
              ""control"":""column_select"",
              ""required"":true
            },
            {
              ""name"":""time_unit"",
              ""label"":""Time unit"",
              ""control"":""select"",
              ""options"":[""SECOND"",""MINUTE"",""HOUR"",""DAY""],
              ""required"":true
            }
          ]
        }","
SELECT
    CAST(
        AVG(
            TIMESTAMPDIFF(
                {time_unit},
                {source_timestamp_column},
                {ingestion_timestamp_column}
            )
        )
        AS DOUBLE
    ) AS metric_value,

    0 AS passed_count,
    0 AS failed_count,
    COUNT(*) AS total_count,
    COUNT(*) AS applicable_count
FROM {table}
WHERE {source_timestamp_column} IS NOT NULL
  AND {ingestion_timestamp_column} IS NOT NULL
",null,null,null,null,null,02_CRD_card,source/CARD_MGMT/CARD_ACCOUNT_MANAGEMENT/02_crd_card,CARD_MGMT,CARD_ACCOUNT_MANAGEMENT
228,20,T04,1,TABLE,null,null,null,null,<=,null,null,Maximum latency,PARAMETERIZED,Maximum difference between source and ingestion timestamps.,TABLE / COLUMN,null,DATE/TIMESTAMP,DATE_TIME,"{
          ""parameters"":[
            {
              ""name"":""source_timestamp_column"",
              ""label"":""Source timestamp column"",
              ""control"":""column_select"",
              ""required"":true
            },
            {
              ""name"":""ingestion_timestamp_column"",
              ""label"":""Ingestion timestamp column"",
              ""control"":""column_select"",
              ""required"":true
            },
            {
              ""name"":""time_unit"",
              ""label"":""Time unit"",
              ""control"":""select"",
              ""options"":[""SECOND"",""MINUTE"",""HOUR"",""DAY""],
              ""required"":true
            }
          ]
        }","
SELECT
    CAST(
        MAX(
            TIMESTAMPDIFF(
                {time_unit},
                {source_timestamp_column},
                {ingestion_timestamp_column}
            )
        )
        AS DOUBLE
    ) AS metric_value,

    0 AS passed_count,
    0 AS failed_count,
    COUNT(*) AS total_count,
    COUNT(*) AS applicable_count
FROM {table}
WHERE {source_timestamp_column} IS NOT NULL
  AND {ingestion_timestamp_column} IS NOT NULL
",null,null,null,null,null,02_CRD_card,source/CARD_MGMT/CARD_ACCOUNT_MANAGEMENT/02_crd_card,CARD_MGMT,CARD_ACCOUNT_MANAGEMENT
229,20,T05,1,TABLE,null,null,null,2.000000,<=,null,null,Late-record %,PARAMETERIZED,Percentage of records arriving later than configured expectation.,TABLE / COLUMN,2.000000,ALL,DATE_TIME,"{
  ""parameters"": [
    {
      ""name"": ""arrival_timestamp_column"",
      ""label"": ""Arrival timestamp column"",
      ""control"": ""column_select"",
      ""required"": true
    },
    {
      ""name"": ""expected_arrival"",
      ""label"": ""Expected arrival"",
      ""control"": ""datetime"",
      ""required"": true
    }
  ]
}","
SELECT
    100.0 * COUNT_IF(
        {arrival_timestamp_column} > {expected_arrival}
    ) / NULLIF(COUNT(*), 0) AS metric_value,
    COUNT_IF(
        {arrival_timestamp_column} <= {expected_arrival}
    ) AS passed_count,
    COUNT_IF(
        {arrival_timestamp_column} > {expected_arrival}
    ) AS failed_count,
    COUNT(*) AS total_count,
    COUNT(*) AS applicable_count
FROM {table}
WHERE {arrival_timestamp_column} IS NOT NULL
",null,null,null,null,null,02_CRD_card,source/CARD_MGMT/CARD_ACCOUNT_MANAGEMENT/02_crd_card,CARD_MGMT,CARD_ACCOUNT_MANAGEMENT
230,20,T06,1,TABLE,null,null,null,99.000000,>=,null,null,Expected-arrival coverage %,PARAMETERIZED,Percentage of expected arrivals actually received.,TABLE,99.000000,ALL,ANY,"
{
  ""parameters"": [
    {
      ""name"": ""arrival_condition"",
      ""label"": ""Arrival condition"",
      ""control"": ""expression"",
      ""required"": true
    },
    {
      ""name"": ""expected_arrival_count"",
      ""label"": ""Expected arrival count"",
      ""control"": ""number"",
      ""required"": true
    }
  ]
}
","
SELECT
    100.0 * COUNT_IF({arrival_condition})
        / NULLIF({expected_arrival_count}, 0) AS metric_value,
    COUNT_IF({arrival_condition}) AS passed_count,
    COUNT_IF(NOT ({arrival_condition})) AS failed_count,
    {expected_arrival_count} AS total_count,
    {expected_arrival_count} AS applicable_count
FROM {table}
",null,null,null,null,null,02_CRD_card,source/CARD_MGMT/CARD_ACCOUNT_MANAGEMENT/02_crd_card,CARD_MGMT,CARD_ACCOUNT_MANAGEMENT
232,20,U04,1,TABLE,null,null,null,100.000000,>=,null,null,Primary-key compliance %,PARAMETERIZED,Percentage of records having a non-null unique primary key.,TABLE,100.000000,ALL,ANY,"{
          ""parameters"":[
            {
              ""name"":""primary_key_column"",
              ""label"":""Primary key column"",
              ""control"":""column_select"",
              ""required"":true
            }
          ]
        }","
WITH key_stats AS (
    SELECT
        COUNT(*) AS total_count,
        COUNT({primary_key_column}) AS non_null_count,
        COUNT(DISTINCT {primary_key_column}) AS distinct_count
    FROM {table}
)
SELECT
    100.0 *
    CASE
        WHEN total_count = 0 THEN 100.0
        WHEN non_null_count = total_count
             AND distinct_count = total_count
        THEN 100.0
        ELSE 0.0
    END AS metric_value,

    CASE
        WHEN non_null_count = total_count
             AND distinct_count = total_count
        THEN total_count
        ELSE 0
    END AS passed_count,

    CASE
        WHEN non_null_count = total_count
             AND distinct_count = total_count
        THEN 0
        ELSE total_count
    END AS failed_count,

    total_count,
    total_count AS applicable_count
FROM key_stats
",null,null,null,null,null,02_CRD_card,source/CARD_MGMT/CARD_ACCOUNT_MANAGEMENT/02_crd_card,CARD_MGMT,CARD_ACCOUNT_MANAGEMENT
233,20,U05,1,TABLE,null,null,null,100.000000,>=,null,null,Composite-key uniqueness %,PARAMETERIZED,Percentage of applicable records with unique configured composite key.,TABLE,100.000000,ALL,ANY,"{
          ""parameters"":[
            {
              ""name"":""composite_key_columns"",
              ""label"":""Composite key columns"",
              ""control"":""column_multi_select"",
              ""required"":true
            }
          ]
        }","
SELECT
    100.0 * COUNT_IF(unique_key_flag = 1)
        / NULLIF(COUNT(*), 0) AS metric_value,
    COUNT_IF(unique_key_flag = 1) AS passed_count,
    COUNT_IF(unique_key_flag = 0) AS failed_count,
    COUNT(*) AS total_count,
    COUNT(*) AS applicable_count
FROM (
    SELECT
        {composite_key_columns},
        CASE
            WHEN COUNT(*) OVER (
                PARTITION BY {composite_key_columns}
            ) = 1 THEN 1
            ELSE 0
        END AS unique_key_flag
    FROM {table}
) keyed_rows
",null,null,null,null,null,02_CRD_card,source/CARD_MGMT/CARD_ACCOUNT_MANAGEMENT/02_crd_card,CARD_MGMT,CARD_ACCOUNT_MANAGEMENT
83,21,A01,1,COLUMN,197,null,null,99.000000,>=,null,null,Reference-match accuracy %,PARAMETERIZED,Percentage of applicable values matching a trusted reference.,COLUMN / TABLE,99.000000,ALL,ANY,"
{
  ""parameters"": [
    {
      ""name"": ""reference_asset"",
      ""label"": ""Reference asset"",
      ""control"": ""asset_select"",
      ""required"": true
    },
    {
      ""name"": ""source_column"",
      ""label"": ""Source column"",
      ""control"": ""column_select"",
      ""required"": true
    },
    {
      ""name"": ""reference_column"",
      ""label"": ""Reference column"",
      ""control"": ""column_select"",
      ""required"": true
    }
  ]
}
","
SELECT
    100.0 * COUNT_IF(
        {match_condition}
    ) / NULLIF(COUNT({column}), 0) AS metric_value,
    COUNT_IF({match_condition}) AS passed_count,
    COUNT_IF(NOT ({match_condition})) AS failed_count,
    COUNT({column}) AS total_count,
    COUNT({column}) AS applicable_count
FROM {table}
WHERE {column} IS NOT NULL
",null,null,null,null,null,01_TXN_transaction_trace,source/TXN_PROCESSING/TRANSACTION_LIFECYCLE_STATUS/01_txn_system_trace,TXN_PROCESSING,TRANSACTION_LIFECYCLE_STATUS
195,21,C05,1,TABLE,null,null,null,95.000000,>=,null,null,Record completeness %,PARAMETERIZED,Average completeness across configured required fields.,TABLE,95.000000,ALL,ANY,"{
          ""parameters"":[
            {
              ""name"":""required_columns"",
              ""label"":""Required columns"",
              ""control"":""column_multi_select"",
              ""required"":true
            }
          ]
        }","
SELECT
    100.0 * COUNT_IF({required_columns_condition})
        / NULLIF(COUNT(*), 0) AS metric_value,
    COUNT_IF({required_columns_condition}) AS passed_count,
    COUNT_IF(NOT ({required_columns_condition})) AS failed_count,
    COUNT(*) AS total_count,
    COUNT(*) AS applicable_count
FROM {table}
",null,null,null,null,null,01_TXN_transaction_trace,source/TXN_PROCESSING/TRANSACTION_LIFECYCLE_STATUS/01_txn_system_trace,TXN_PROCESSING,TRANSACTION_LIFECYCLE_STATUS
196,21,C07,1,TABLE,null,null,null,95.000000,>=,null,null,Selected-column completeness %,PARAMETERIZED,Percentage of records where all configured selected columns are populated.,TABLE,95.000000,ALL,ANY,"{
          ""parameters"":[
            {
              ""name"":""selected_columns"",
              ""label"":""Selected columns"",
              ""control"":""column_multi_select"",
              ""required"":true
            }
          ]
        }","
SELECT
    100.0 * COUNT_IF({selected_columns_condition})
        / NULLIF(COUNT(*), 0) AS metric_value,
    COUNT_IF({selected_columns_condition}) AS passed_count,
    COUNT_IF(NOT ({selected_columns_condition})) AS failed_count,
    COUNT(*) AS total_count,
    COUNT(*) AS applicable_count
FROM {table}
",null,null,null,null,null,01_TXN_transaction_trace,source/TXN_PROCESSING/TRANSACTION_LIFECYCLE_STATUS/01_txn_system_trace,TXN_PROCESSING,TRANSACTION_LIFECYCLE_STATUS
197,21,I04,1,TABLE,null,null,null,0.000000,<=,null,null,Primary-key null %,PARAMETERIZED,Percentage of records where the configured primary key is NULL.,TABLE,0.000000,ALL,ID,"{
          ""parameters"":[
            {
              ""name"":""primary_key_column"",
              ""label"":""Primary key column"",
              ""control"":""column_select"",
              ""required"":true
            }
          ]
        }","
SELECT
    100.0 * COUNT_IF(
        {primary_key_column} IS NULL
    ) / NULLIF(COUNT(*), 0) AS metric_value,
    COUNT_IF(
        {primary_key_column} IS NOT NULL
    ) AS passed_count,
    COUNT_IF(
        {primary_key_column} IS NULL
    ) AS failed_count,
    COUNT(*) AS total_count,
    COUNT(*) AS applicable_count
FROM {table}
",null,null,null,null,null,01_TXN_transaction_trace,source/TXN_PROCESSING/TRANSACTION_LIFECYCLE_STATUS/01_txn_system_trace,TXN_PROCESSING,TRANSACTION_LIFECYCLE_STATUS
201,21,P13,1,TABLE,null,null,null,null,null,null,null,Volume variance %,PARAMETERIZED,Percentage variance between current and baseline row volume.,TABLE,null,ALL,ANY,"{
          ""parameters"":[
            {
              ""name"":""baseline_row_count"",
              ""label"":""Baseline row count"",
              ""control"":""number"",
              ""min"":0,
              ""required"":true
            }
          ]
        }","
SELECT
    100.0 * ABS(
        COUNT(*) - {baseline_row_count}
    ) / NULLIF({baseline_row_count}, 0) AS metric_value,
    1 AS passed_count,
    0 AS failed_count,
    1 AS total_count,
    1 AS applicable_count
FROM {table}
",null,null,null,null,null,01_TXN_transaction_trace,source/TXN_PROCESSING/TRANSACTION_LIFECYCLE_STATUS/01_txn_system_trace,TXN_PROCESSING,TRANSACTION_LIFECYCLE_STATUS
202,21,P14,1,TABLE,null,null,null,99.000000,>=,null,null,Schema compliance %,PARAMETERIZED,Percentage of expected schema columns matching actual name and type.,TABLE,99.000000,ALL,ANY,"{
          ""parameters"":[
            {
              ""name"":""expected_schema"",
              ""label"":""Expected schema"",
              ""control"":""schema_definition"",
              ""required"":true
            }
          ]
        }","
SELECT
    {schema_compliance_expression} AS metric_value,
    {schema_passed_expression} AS passed_count,
    {schema_failed_expression} AS failed_count,
    {expected_column_count} AS total_count,
    {expected_column_count} AS applicable_count
FROM {table}
",null,null,null,null,null,01_TXN_transaction_trace,source/TXN_PROCESSING/TRANSACTION_LIFECYCLE_STATUS/01_txn_system_trace,TXN_PROCESSING,TRANSACTION_LIFECYCLE_STATUS
203,21,T01,1,TABLE,null,null,null,98.000000,>=,null,null,SLA compliance %,PARAMETERIZED,Percentage of records meeting configured SLA.,TABLE / COLUMN,98.000000,ALL,DATE_TIME,"{
          ""parameters"":[
            {
              ""name"":""sla_condition"",
              ""label"":""SLA condition"",
              ""control"":""expression"",
              ""required"":true
            }
          ]
        }","
SELECT
    100.0 * COUNT_IF({sla_condition})
        / NULLIF(COUNT(*), 0) AS metric_value,
    COUNT_IF({sla_condition}) AS passed_count,
    COUNT_IF(NOT ({sla_condition})) AS failed_count,
    COUNT(*) AS total_count,
    COUNT(*) AS applicable_count
FROM {table}
",null,null,null,null,null,01_TXN_transaction_trace,source/TXN_PROCESSING/TRANSACTION_LIFECYCLE_STATUS/01_txn_system_trace,TXN_PROCESSING,TRANSACTION_LIFECYCLE_STATUS
204,21,T02,1,TABLE,null,null,null,null,<=,null,null,Freshness age,PARAMETERIZED,Age of the most recent data timestamp.,TABLE / COLUMN,null,DATE/TIMESTAMP,DATE_TIME,"{
          ""parameters"":[
            {
              ""name"":""time_unit"",
              ""label"":""Time unit"",
              ""control"":""select"",
              ""options"":[""MINUTE"",""HOUR"",""DAY""],
              ""required"":true
            }
          ]
        }","
SELECT
    CAST(
        TIMESTAMPDIFF(
            {time_unit},
            MAX({column}),
            CURRENT_TIMESTAMP()
        )
        AS DOUBLE
    ) AS metric_value,

    0 AS passed_count,
    0 AS failed_count,
    COUNT(*) AS total_count,
    COUNT({column}) AS applicable_count
FROM {table}
",null,null,null,null,null,01_TXN_transaction_trace,source/TXN_PROCESSING/TRANSACTION_LIFECYCLE_STATUS/01_txn_system_trace,TXN_PROCESSING,TRANSACTION_LIFECYCLE_STATUS
205,21,T03,1,TABLE,null,null,null,null,<=,null,null,Average latency,PARAMETERIZED,Average difference between source and ingestion timestamps.,TABLE / COLUMN,null,DATE/TIMESTAMP,DATE_TIME,"{
          ""parameters"":[
            {
              ""name"":""source_timestamp_column"",
              ""label"":""Source timestamp column"",
              ""control"":""column_select"",
              ""required"":true
            },
            {
              ""name"":""ingestion_timestamp_column"",
              ""label"":""Ingestion timestamp column"",
              ""control"":""column_select"",
              ""required"":true
            },
            {
              ""name"":""time_unit"",
              ""label"":""Time unit"",
              ""control"":""select"",
              ""options"":[""SECOND"",""MINUTE"",""HOUR"",""DAY""],
              ""required"":true
            }
          ]
        }","
SELECT
    CAST(
        AVG(
            TIMESTAMPDIFF(
                {time_unit},
                {source_timestamp_column},
                {ingestion_timestamp_column}
            )
        )
        AS DOUBLE
    ) AS metric_value,

    0 AS passed_count,
    0 AS failed_count,
    COUNT(*) AS total_count,
    COUNT(*) AS applicable_count
FROM {table}
WHERE {source_timestamp_column} IS NOT NULL
  AND {ingestion_timestamp_column} IS NOT NULL
",null,null,null,null,null,01_TXN_transaction_trace,source/TXN_PROCESSING/TRANSACTION_LIFECYCLE_STATUS/01_txn_system_trace,TXN_PROCESSING,TRANSACTION_LIFECYCLE_STATUS
206,21,T04,1,TABLE,null,null,null,null,<=,null,null,Maximum latency,PARAMETERIZED,Maximum difference between source and ingestion timestamps.,TABLE / COLUMN,null,DATE/TIMESTAMP,DATE_TIME,"{
          ""parameters"":[
            {
              ""name"":""source_timestamp_column"",
              ""label"":""Source timestamp column"",
              ""control"":""column_select"",
              ""required"":true
            },
            {
              ""name"":""ingestion_timestamp_column"",
              ""label"":""Ingestion timestamp column"",
              ""control"":""column_select"",
              ""required"":true
            },
            {
              ""name"":""time_unit"",
              ""label"":""Time unit"",
              ""control"":""select"",
              ""options"":[""SECOND"",""MINUTE"",""HOUR"",""DAY""],
              ""required"":true
            }
          ]
        }","
SELECT
    CAST(
        MAX(
            TIMESTAMPDIFF(
                {time_unit},
                {source_timestamp_column},
                {ingestion_timestamp_column}
            )
        )
        AS DOUBLE
    ) AS metric_value,

    0 AS passed_count,
    0 AS failed_count,
    COUNT(*) AS total_count,
    COUNT(*) AS applicable_count
FROM {table}
WHERE {source_timestamp_column} IS NOT NULL
  AND {ingestion_timestamp_column} IS NOT NULL
",null,null,null,null,null,01_TXN_transaction_trace,source/TXN_PROCESSING/TRANSACTION_LIFECYCLE_STATUS/01_txn_system_trace,TXN_PROCESSING,TRANSACTION_LIFECYCLE_STATUS
207,21,T05,1,TABLE,null,null,null,2.000000,<=,null,null,Late-record %,PARAMETERIZED,Percentage of records arriving later than configured expectation.,TABLE / COLUMN,2.000000,ALL,DATE_TIME,"{
  ""parameters"": [
    {
      ""name"": ""arrival_timestamp_column"",
      ""label"": ""Arrival timestamp column"",
      ""control"": ""column_select"",
      ""required"": true
    },
    {
      ""name"": ""expected_arrival"",
      ""label"": ""Expected arrival"",
      ""control"": ""datetime"",
      ""required"": true
    }
  ]
}","
SELECT
    100.0 * COUNT_IF(
        {arrival_timestamp_column} > {expected_arrival}
    ) / NULLIF(COUNT(*), 0) AS metric_value,
    COUNT_IF(
        {arrival_timestamp_column} <= {expected_arrival}
    ) AS passed_count,
    COUNT_IF(
        {arrival_timestamp_column} > {expected_arrival}
    ) AS failed_count,
    COUNT(*) AS total_count,
    COUNT(*) AS applicable_count
FROM {table}
WHERE {arrival_timestamp_column} IS NOT NULL
",null,null,null,null,null,01_TXN_transaction_trace,source/TXN_PROCESSING/TRANSACTION_LIFECYCLE_STATUS/01_txn_system_trace,TXN_PROCESSING,TRANSACTION_LIFECYCLE_STATUS
208,21,T06,1,TABLE,null,null,null,99.000000,>=,null,null,Expected-arrival coverage %,PARAMETERIZED,Percentage of expected arrivals actually received.,TABLE,99.000000,ALL,ANY,"
{
  ""parameters"": [
    {
      ""name"": ""arrival_condition"",
      ""label"": ""Arrival condition"",
      ""control"": ""expression"",
      ""required"": true
    },
    {
      ""name"": ""expected_arrival_count"",
      ""label"": ""Expected arrival count"",
      ""control"": ""number"",
      ""required"": true
    }
  ]
}
","
SELECT
    100.0 * COUNT_IF({arrival_condition})
        / NULLIF({expected_arrival_count}, 0) AS metric_value,
    COUNT_IF({arrival_condition}) AS passed_count,
    COUNT_IF(NOT ({arrival_condition})) AS failed_count,
    {expected_arrival_count} AS total_count,
    {expected_arrival_count} AS applicable_count
FROM {table}
",null,null,null,null,null,01_TXN_transaction_trace,source/TXN_PROCESSING/TRANSACTION_LIFECYCLE_STATUS/01_txn_system_trace,TXN_PROCESSING,TRANSACTION_LIFECYCLE_STATUS
210,21,U04,1,TABLE,null,null,null,100.000000,>=,null,null,Primary-key compliance %,PARAMETERIZED,Percentage of records having a non-null unique primary key.,TABLE,100.000000,ALL,ANY,"{
          ""parameters"":[
            {
              ""name"":""primary_key_column"",
              ""label"":""Primary key column"",
              ""control"":""column_select"",
              ""required"":true
            }
          ]
        }","
WITH key_stats AS (
    SELECT
        COUNT(*) AS total_count,
        COUNT({primary_key_column}) AS non_null_count,
        COUNT(DISTINCT {primary_key_column}) AS distinct_count
    FROM {table}
)
SELECT
    100.0 *
    CASE
        WHEN total_count = 0 THEN 100.0
        WHEN non_null_count = total_count
             AND distinct_count = total_count
        THEN 100.0
        ELSE 0.0
    END AS metric_value,

    CASE
        WHEN non_null_count = total_count
             AND distinct_count = total_count
        THEN total_count
        ELSE 0
    END AS passed_count,

    CASE
        WHEN non_null_count = total_count
             AND distinct_count = total_count
        THEN 0
        ELSE total_count
    END AS failed_count,

    total_count,
    total_count AS applicable_count
FROM key_stats
",null,null,null,null,null,01_TXN_transaction_trace,source/TXN_PROCESSING/TRANSACTION_LIFECYCLE_STATUS/01_txn_system_trace,TXN_PROCESSING,TRANSACTION_LIFECYCLE_STATUS
211,21,U05,1,TABLE,null,null,null,100.000000,>=,null,null,Composite-key uniqueness %,PARAMETERIZED,Percentage of applicable records with unique configured composite key.,TABLE,100.000000,ALL,ANY,"{
          ""parameters"":[
            {
              ""name"":""composite_key_columns"",
              ""label"":""Composite key columns"",
              ""control"":""column_multi_select"",
              ""required"":true
            }
          ]
        }","
SELECT
    100.0 * COUNT_IF(unique_key_flag = 1)
        / NULLIF(COUNT(*), 0) AS metric_value,
    COUNT_IF(unique_key_flag = 1) AS passed_count,
    COUNT_IF(unique_key_flag = 0) AS failed_count,
    COUNT(*) AS total_count,
    COUNT(*) AS applicable_count
FROM (
    SELECT
        {composite_key_columns},
        CASE
            WHEN COUNT(*) OVER (
                PARTITION BY {composite_key_columns}
            ) = 1 THEN 1
            ELSE 0
        END AS unique_key_flag
    FROM {table}
) keyed_rows
",null,null,null,null,null,01_TXN_transaction_trace,source/TXN_PROCESSING/TRANSACTION_LIFECYCLE_STATUS/01_txn_system_trace,TXN_PROCESSING,TRANSACTION_LIFECYCLE_STATUS
173,22,C05,1,TABLE,null,null,null,95.000000,>=,null,null,Record completeness %,PARAMETERIZED,Average completeness across configured required fields.,TABLE,95.000000,ALL,ANY,"{
          ""parameters"":[
            {
              ""name"":""required_columns"",
              ""label"":""Required columns"",
              ""control"":""column_multi_select"",
              ""required"":true
            }
          ]
        }","
SELECT
    100.0 * COUNT_IF({required_columns_condition})
        / NULLIF(COUNT(*), 0) AS metric_value,
    COUNT_IF({required_columns_condition}) AS passed_count,
    COUNT_IF(NOT ({required_columns_condition})) AS failed_count,
    COUNT(*) AS total_count,
    COUNT(*) AS applicable_count
FROM {table}
",null,null,null,null,null,01_TXN_transaction_lifecycle_transition,source/TXN_PROCESSING/TRANSACTION_LIFECYCLE_STATUS/01_txn_lifecycle_trace,TXN_PROCESSING,TRANSACTION_LIFECYCLE_STATUS
174,22,C07,1,TABLE,null,null,null,95.000000,>=,null,null,Selected-column completeness %,PARAMETERIZED,Percentage of records where all configured selected columns are populated.,TABLE,95.000000,ALL,ANY,"{
          ""parameters"":[
            {
              ""name"":""selected_columns"",
              ""label"":""Selected columns"",
              ""control"":""column_multi_select"",
              ""required"":true
            }
          ]
        }","
SELECT
    100.0 * COUNT_IF({selected_columns_condition})
        / NULLIF(COUNT(*), 0) AS metric_value,
    COUNT_IF({selected_columns_condition}) AS passed_count,
    COUNT_IF(NOT ({selected_columns_condition})) AS failed_count,
    COUNT(*) AS total_count,
    COUNT(*) AS applicable_count
FROM {table}
",null,null,null,null,null,01_TXN_transaction_lifecycle_transition,source/TXN_PROCESSING/TRANSACTION_LIFECYCLE_STATUS/01_txn_lifecycle_trace,TXN_PROCESSING,TRANSACTION_LIFECYCLE_STATUS
175,22,I04,1,TABLE,null,null,null,0.000000,<=,null,null,Primary-key null %,PARAMETERIZED,Percentage of records where the configured primary key is NULL.,TABLE,0.000000,ALL,ID,"{
          ""parameters"":[
            {
              ""name"":""primary_key_column"",
              ""label"":""Primary key column"",
              ""control"":""column_select"",
              ""required"":true
            }
          ]
        }","
SELECT
    100.0 * COUNT_IF(
        {primary_key_column} IS NULL
    ) / NULLIF(COUNT(*), 0) AS metric_value,
    COUNT_IF(
        {primary_key_column} IS NOT NULL
    ) AS passed_count,
    COUNT_IF(
        {primary_key_column} IS NULL
    ) AS failed_count,
    COUNT(*) AS total_count,
    COUNT(*) AS applicable_count
FROM {table}
",null,null,null,null,null,01_TXN_transaction_lifecycle_transition,source/TXN_PROCESSING/TRANSACTION_LIFECYCLE_STATUS/01_txn_lifecycle_trace,TXN_PROCESSING,TRANSACTION_LIFECYCLE_STATUS
179,22,P13,1,TABLE,null,null,null,null,null,null,null,Volume variance %,PARAMETERIZED,Percentage variance between current and baseline row volume.,TABLE,null,ALL,ANY,"{
          ""parameters"":[
            {
              ""name"":""baseline_row_count"",
              ""label"":""Baseline row count"",
              ""control"":""number"",
              ""min"":0,
              ""required"":true
            }
          ]
        }","
SELECT
    100.0 * ABS(
        COUNT(*) - {baseline_row_count}
    ) / NULLIF({baseline_row_count}, 0) AS metric_value,
    1 AS passed_count,
    0 AS failed_count,
    1 AS total_count,
    1 AS applicable_count
FROM {table}
",null,null,null,null,null,01_TXN_transaction_lifecycle_transition,source/TXN_PROCESSING/TRANSACTION_LIFECYCLE_STATUS/01_txn_lifecycle_trace,TXN_PROCESSING,TRANSACTION_LIFECYCLE_STATUS
180,22,P14,1,TABLE,null,null,null,99.000000,>=,null,null,Schema compliance %,PARAMETERIZED,Percentage of expected schema columns matching actual name and type.,TABLE,99.000000,ALL,ANY,"{
          ""parameters"":[
            {
              ""name"":""expected_schema"",
              ""label"":""Expected schema"",
              ""control"":""schema_definition"",
              ""required"":true
            }
          ]
        }","
SELECT
    {schema_compliance_expression} AS metric_value,
    {schema_passed_expression} AS passed_count,
    {schema_failed_expression} AS failed_count,
    {expected_column_count} AS total_count,
    {expected_column_count} AS applicable_count
FROM {table}
",null,null,null,null,null,01_TXN_transaction_lifecycle_transition,source/TXN_PROCESSING/TRANSACTION_LIFECYCLE_STATUS/01_txn_lifecycle_trace,TXN_PROCESSING,TRANSACTION_LIFECYCLE_STATUS
181,22,T01,1,TABLE,null,null,null,98.000000,>=,null,null,SLA compliance %,PARAMETERIZED,Percentage of records meeting configured SLA.,TABLE / COLUMN,98.000000,ALL,DATE_TIME,"{
          ""parameters"":[
            {
              ""name"":""sla_condition"",
              ""label"":""SLA condition"",
              ""control"":""expression"",
              ""required"":true
            }
          ]
        }","
SELECT
    100.0 * COUNT_IF({sla_condition})
        / NULLIF(COUNT(*), 0) AS metric_value,
    COUNT_IF({sla_condition}) AS passed_count,
    COUNT_IF(NOT ({sla_condition})) AS failed_count,
    COUNT(*) AS total_count,
    COUNT(*) AS applicable_count
FROM {table}
",null,null,null,null,null,01_TXN_transaction_lifecycle_transition,source/TXN_PROCESSING/TRANSACTION_LIFECYCLE_STATUS/01_txn_lifecycle_trace,TXN_PROCESSING,TRANSACTION_LIFECYCLE_STATUS
182,22,T02,1,TABLE,null,null,null,null,<=,null,null,Freshness age,PARAMETERIZED,Age of the most recent data timestamp.,TABLE / COLUMN,null,DATE/TIMESTAMP,DATE_TIME,"{
          ""parameters"":[
            {
              ""name"":""time_unit"",
              ""label"":""Time unit"",
              ""control"":""select"",
              ""options"":[""MINUTE"",""HOUR"",""DAY""],
              ""required"":true
            }
          ]
        }","
SELECT
    CAST(
        TIMESTAMPDIFF(
            {time_unit},
            MAX({column}),
            CURRENT_TIMESTAMP()
        )
        AS DOUBLE
    ) AS metric_value,

    0 AS passed_count,
    0 AS failed_count,
    COUNT(*) AS total_count,
    COUNT({column}) AS applicable_count
FROM {table}
",null,null,null,null,null,01_TXN_transaction_lifecycle_transition,source/TXN_PROCESSING/TRANSACTION_LIFECYCLE_STATUS/01_txn_lifecycle_trace,TXN_PROCESSING,TRANSACTION_LIFECYCLE_STATUS
183,22,T03,1,TABLE,null,null,null,null,<=,null,null,Average latency,PARAMETERIZED,Average difference between source and ingestion timestamps.,TABLE / COLUMN,null,DATE/TIMESTAMP,DATE_TIME,"{
          ""parameters"":[
            {
              ""name"":""source_timestamp_column"",
              ""label"":""Source timestamp column"",
              ""control"":""column_select"",
              ""required"":true
            },
            {
              ""name"":""ingestion_timestamp_column"",
              ""label"":""Ingestion timestamp column"",
              ""control"":""column_select"",
              ""required"":true
            },
            {
              ""name"":""time_unit"",
              ""label"":""Time unit"",
              ""control"":""select"",
              ""options"":[""SECOND"",""MINUTE"",""HOUR"",""DAY""],
              ""required"":true
            }
          ]
        }","
SELECT
    CAST(
        AVG(
            TIMESTAMPDIFF(
                {time_unit},
                {source_timestamp_column},
                {ingestion_timestamp_column}
            )
        )
        AS DOUBLE
    ) AS metric_value,

    0 AS passed_count,
    0 AS failed_count,
    COUNT(*) AS total_count,
    COUNT(*) AS applicable_count
FROM {table}
WHERE {source_timestamp_column} IS NOT NULL
  AND {ingestion_timestamp_column} IS NOT NULL
",null,null,null,null,null,01_TXN_transaction_lifecycle_transition,source/TXN_PROCESSING/TRANSACTION_LIFECYCLE_STATUS/01_txn_lifecycle_trace,TXN_PROCESSING,TRANSACTION_LIFECYCLE_STATUS
184,22,T04,1,TABLE,null,null,null,null,<=,null,null,Maximum latency,PARAMETERIZED,Maximum difference between source and ingestion timestamps.,TABLE / COLUMN,null,DATE/TIMESTAMP,DATE_TIME,"{
          ""parameters"":[
            {
              ""name"":""source_timestamp_column"",
              ""label"":""Source timestamp column"",
              ""control"":""column_select"",
              ""required"":true
            },
            {
              ""name"":""ingestion_timestamp_column"",
              ""label"":""Ingestion timestamp column"",
              ""control"":""column_select"",
              ""required"":true
            },
            {
              ""name"":""time_unit"",
              ""label"":""Time unit"",
              ""control"":""select"",
              ""options"":[""SECOND"",""MINUTE"",""HOUR"",""DAY""],
              ""required"":true
            }
          ]
        }","
SELECT
    CAST(
        MAX(
            TIMESTAMPDIFF(
                {time_unit},
                {source_timestamp_column},
                {ingestion_timestamp_column}
            )
        )
        AS DOUBLE
    ) AS metric_value,

    0 AS passed_count,
    0 AS failed_count,
    COUNT(*) AS total_count,
    COUNT(*) AS applicable_count
FROM {table}
WHERE {source_timestamp_column} IS NOT NULL
  AND {ingestion_timestamp_column} IS NOT NULL
",null,null,null,null,null,01_TXN_transaction_lifecycle_transition,source/TXN_PROCESSING/TRANSACTION_LIFECYCLE_STATUS/01_txn_lifecycle_trace,TXN_PROCESSING,TRANSACTION_LIFECYCLE_STATUS
185,22,T05,1,TABLE,null,null,null,2.000000,<=,null,null,Late-record %,PARAMETERIZED,Percentage of records arriving later than configured expectation.,TABLE / COLUMN,2.000000,ALL,DATE_TIME,"{
  ""parameters"": [
    {
      ""name"": ""arrival_timestamp_column"",
      ""label"": ""Arrival timestamp column"",
      ""control"": ""column_select"",
      ""required"": true
    },
    {
      ""name"": ""expected_arrival"",
      ""label"": ""Expected arrival"",
      ""control"": ""datetime"",
      ""required"": true
    }
  ]
}","
SELECT
    100.0 * COUNT_IF(
        {arrival_timestamp_column} > {expected_arrival}
    ) / NULLIF(COUNT(*), 0) AS metric_value,
    COUNT_IF(
        {arrival_timestamp_column} <= {expected_arrival}
    ) AS passed_count,
    COUNT_IF(
        {arrival_timestamp_column} > {expected_arrival}
    ) AS failed_count,
    COUNT(*) AS total_count,
    COUNT(*) AS applicable_count
FROM {table}
WHERE {arrival_timestamp_column} IS NOT NULL
",null,null,null,null,null,01_TXN_transaction_lifecycle_transition,source/TXN_PROCESSING/TRANSACTION_LIFECYCLE_STATUS/01_txn_lifecycle_trace,TXN_PROCESSING,TRANSACTION_LIFECYCLE_STATUS
186,22,T06,1,TABLE,null,null,null,99.000000,>=,null,null,Expected-arrival coverage %,PARAMETERIZED,Percentage of expected arrivals actually received.,TABLE,99.000000,ALL,ANY,"
{
  ""parameters"": [
    {
      ""name"": ""arrival_condition"",
      ""label"": ""Arrival condition"",
      ""control"": ""expression"",
      ""required"": true
    },
    {
      ""name"": ""expected_arrival_count"",
      ""label"": ""Expected arrival count"",
      ""control"": ""number"",
      ""required"": true
    }
  ]
}
","
SELECT
    100.0 * COUNT_IF({arrival_condition})
        / NULLIF({expected_arrival_count}, 0) AS metric_value,
    COUNT_IF({arrival_condition}) AS passed_count,
    COUNT_IF(NOT ({arrival_condition})) AS failed_count,
    {expected_arrival_count} AS total_count,
    {expected_arrival_count} AS applicable_count
FROM {table}
",null,null,null,null,null,01_TXN_transaction_lifecycle_transition,source/TXN_PROCESSING/TRANSACTION_LIFECYCLE_STATUS/01_txn_lifecycle_trace,TXN_PROCESSING,TRANSACTION_LIFECYCLE_STATUS
188,22,U04,1,TABLE,null,null,null,100.000000,>=,null,null,Primary-key compliance %,PARAMETERIZED,Percentage of records having a non-null unique primary key.,TABLE,100.000000,ALL,ANY,"{
          ""parameters"":[
            {
              ""name"":""primary_key_column"",
              ""label"":""Primary key column"",
              ""control"":""column_select"",
              ""required"":true
            }
          ]
        }","
WITH key_stats AS (
    SELECT
        COUNT(*) AS total_count,
        COUNT({primary_key_column}) AS non_null_count,
        COUNT(DISTINCT {primary_key_column}) AS distinct_count
    FROM {table}
)
SELECT
    100.0 *
    CASE
        WHEN total_count = 0 THEN 100.0
        WHEN non_null_count = total_count
             AND distinct_count = total_count
        THEN 100.0
        ELSE 0.0
    END AS metric_value,

    CASE
        WHEN non_null_count = total_count
             AND distinct_count = total_count
        THEN total_count
        ELSE 0
    END AS passed_count,

    CASE
        WHEN non_null_count = total_count
             AND distinct_count = total_count
        THEN 0
        ELSE total_count
    END AS failed_count,

    total_count,
    total_count AS applicable_count
FROM key_stats
",null,null,null,null,null,01_TXN_transaction_lifecycle_transition,source/TXN_PROCESSING/TRANSACTION_LIFECYCLE_STATUS/01_txn_lifecycle_trace,TXN_PROCESSING,TRANSACTION_LIFECYCLE_STATUS
189,22,U05,1,TABLE,null,null,null,100.000000,>=,null,null,Composite-key uniqueness %,PARAMETERIZED,Percentage of applicable records with unique configured composite key.,TABLE,100.000000,ALL,ANY,"{
          ""parameters"":[
            {
              ""name"":""composite_key_columns"",
              ""label"":""Composite key columns"",
              ""control"":""column_multi_select"",
              ""required"":true
            }
          ]
        }","
SELECT
    100.0 * COUNT_IF(unique_key_flag = 1)
        / NULLIF(COUNT(*), 0) AS metric_value,
    COUNT_IF(unique_key_flag = 1) AS passed_count,
    COUNT_IF(unique_key_flag = 0) AS failed_count,
    COUNT(*) AS total_count,
    COUNT(*) AS applicable_count
FROM (
    SELECT
        {composite_key_columns},
        CASE
            WHEN COUNT(*) OVER (
                PARTITION BY {composite_key_columns}
            ) = 1 THEN 1
            ELSE 0
        END AS unique_key_flag
    FROM {table}
) keyed_rows
",null,null,null,null,null,01_TXN_transaction_lifecycle_transition,source/TXN_PROCESSING/TRANSACTION_LIFECYCLE_STATUS/01_txn_lifecycle_trace,TXN_PROCESSING,TRANSACTION_LIFECYCLE_STATUS
151,23,C05,1,TABLE,null,null,null,95.000000,>=,null,null,Record completeness %,PARAMETERIZED,Average completeness across configured required fields.,TABLE,95.000000,ALL,ANY,"{
          ""parameters"":[
            {
              ""name"":""required_columns"",
              ""label"":""Required columns"",
              ""control"":""column_multi_select"",
              ""required"":true
            }
          ]
        }","
SELECT
    100.0 * COUNT_IF({required_columns_condition})
        / NULLIF(COUNT(*), 0) AS metric_value,
    COUNT_IF({required_columns_condition}) AS passed_count,
    COUNT_IF(NOT ({required_columns_condition})) AS failed_count,
    COUNT(*) AS total_count,
    COUNT(*) AS applicable_count
FROM {table}
",null,null,null,null,null,01_TXN_transaction_rrn,source/TXN_PROCESSING/TRANSACTION_LIFECYCLE_STATUS/01_txn_retrieval_reference,TXN_PROCESSING,TRANSACTION_LIFECYCLE_STATUS
152,23,C07,1,TABLE,null,null,null,95.000000,>=,null,null,Selected-column completeness %,PARAMETERIZED,Percentage of records where all configured selected columns are populated.,TABLE,95.000000,ALL,ANY,"{
          ""parameters"":[
            {
              ""name"":""selected_columns"",
              ""label"":""Selected columns"",
              ""control"":""column_multi_select"",
              ""required"":true
            }
          ]
        }","
SELECT
    100.0 * COUNT_IF({selected_columns_condition})
        / NULLIF(COUNT(*), 0) AS metric_value,
    COUNT_IF({selected_columns_condition}) AS passed_count,
    COUNT_IF(NOT ({selected_columns_condition})) AS failed_count,
    COUNT(*) AS total_count,
    COUNT(*) AS applicable_count
FROM {table}
",null,null,null,null,null,01_TXN_transaction_rrn,source/TXN_PROCESSING/TRANSACTION_LIFECYCLE_STATUS/01_txn_retrieval_reference,TXN_PROCESSING,TRANSACTION_LIFECYCLE_STATUS
153,23,I04,1,TABLE,null,null,null,0.000000,<=,null,null,Primary-key null %,PARAMETERIZED,Percentage of records where the configured primary key is NULL.,TABLE,0.000000,ALL,ID,"{
          ""parameters"":[
            {
              ""name"":""primary_key_column"",
              ""label"":""Primary key column"",
              ""control"":""column_select"",
              ""required"":true
            }
          ]
        }","
SELECT
    100.0 * COUNT_IF(
        {primary_key_column} IS NULL
    ) / NULLIF(COUNT(*), 0) AS metric_value,
    COUNT_IF(
        {primary_key_column} IS NOT NULL
    ) AS passed_count,
    COUNT_IF(
        {primary_key_column} IS NULL
    ) AS failed_count,
    COUNT(*) AS total_count,
    COUNT(*) AS applicable_count
FROM {table}
",null,null,null,null,null,01_TXN_transaction_rrn,source/TXN_PROCESSING/TRANSACTION_LIFECYCLE_STATUS/01_txn_retrieval_reference,TXN_PROCESSING,TRANSACTION_LIFECYCLE_STATUS
220,23,K03,1,COLUMN,213,null,null,98.000000,>=,null,null,Standardization compliance %,PARAMETERIZED,Percentage of values matching configured canonical representation.,COLUMN,98.000000,STRING,CODE/ID/STATUS,"
{
  ""parameters"": [
    {
      ""name"": ""standardization_type"",
      ""label"": ""Standardization type"",
      ""control"": ""select"",
      ""required"": true,
      ""options"": [
        ""TRIM"",
        ""UPPERCASE"",
        ""LOWERCASE""
      ]
    }
  ]
}
","
SELECT
    100.0 * COUNT_IF(
        CASE
            WHEN {standardization_type} = TRIM
                THEN CAST({column} AS STRING) = TRIM(CAST({column} AS STRING))
            WHEN {standardization_type} = UPPERCASE
                THEN CAST({column} AS STRING) = UPPER(CAST({column} AS STRING))
            WHEN {standardization_type} = LOWERCASE
                THEN CAST({column} AS STRING) = LOWER(CAST({column} AS STRING))
            ELSE FALSE
        END
    ) / NULLIF(COUNT({column}), 0) AS metric_value,

    COUNT_IF(
        CASE
            WHEN {standardization_type} = TRIM
                THEN CAST({column} AS STRING) = TRIM(CAST({column} AS STRING))
            WHEN {standardization_type} = UPPERCASE
                THEN CAST({column} AS STRING) = UPPER(CAST({column} AS STRING))
            WHEN {standardization_type} = LOWERCASE
                THEN CAST({column} AS STRING) = LOWER(CAST({column} AS STRING))
            ELSE FALSE
        END
    ) AS passed_count,

    COUNT_IF(
        NOT (
            CASE
                WHEN {standardization_type} = TRIM
                    THEN CAST({column} AS STRING) = TRIM(CAST({column} AS STRING))
                WHEN {standardization_type} = UPPERCASE
                    THEN CAST({column} AS STRING) = UPPER(CAST({column} AS STRING))
                WHEN {standardization_type} = LOWERCASE
                    THEN CAST({column} AS STRING) = LOWER(CAST({column} AS STRING))
                ELSE FALSE
            END
        )
    ) AS failed_count,

    COUNT({column}) AS total_count,
    COUNT({column}) AS applicable_count
FROM {table}
WHERE {column} IS NOT NULL
",null,null,null,null,null,01_TXN_transaction_rrn,source/TXN_PROCESSING/TRANSACTION_LIFECYCLE_STATUS/01_txn_retrieval_reference,TXN_PROCESSING,TRANSACTION_LIFECYCLE_STATUS
157,23,P13,1,TABLE,null,null,null,null,null,null,null,Volume variance %,PARAMETERIZED,Percentage variance between current and baseline row volume.,TABLE,null,ALL,ANY,"{
          ""parameters"":[
            {
              ""name"":""baseline_row_count"",
              ""label"":""Baseline row count"",
              ""control"":""number"",
              ""min"":0,
              ""required"":true
            }
          ]
        }","
SELECT
    100.0 * ABS(
        COUNT(*) - {baseline_row_count}
    ) / NULLIF({baseline_row_count}, 0) AS metric_value,
    1 AS passed_count,
    0 AS failed_count,
    1 AS total_count,
    1 AS applicable_count
FROM {table}
",null,null,null,null,null,01_TXN_transaction_rrn,source/TXN_PROCESSING/TRANSACTION_LIFECYCLE_STATUS/01_txn_retrieval_reference,TXN_PROCESSING,TRANSACTION_LIFECYCLE_STATUS
158,23,P14,1,TABLE,null,null,null,99.000000,>=,null,null,Schema compliance %,PARAMETERIZED,Percentage of expected schema columns matching actual name and type.,TABLE,99.000000,ALL,ANY,"{
          ""parameters"":[
            {
              ""name"":""expected_schema"",
              ""label"":""Expected schema"",
              ""control"":""schema_definition"",
              ""required"":true
            }
          ]
        }","
SELECT
    {schema_compliance_expression} AS metric_value,
    {schema_passed_expression} AS passed_count,
    {schema_failed_expression} AS failed_count,
    {expected_column_count} AS total_count,
    {expected_column_count} AS applicable_count
FROM {table}
",null,null,null,null,null,01_TXN_transaction_rrn,source/TXN_PROCESSING/TRANSACTION_LIFECYCLE_STATUS/01_txn_retrieval_reference,TXN_PROCESSING,TRANSACTION_LIFECYCLE_STATUS
159,23,T01,1,TABLE,null,null,null,98.000000,>=,null,null,SLA compliance %,PARAMETERIZED,Percentage of records meeting configured SLA.,TABLE / COLUMN,98.000000,ALL,DATE_TIME,"{
          ""parameters"":[
            {
              ""name"":""sla_condition"",
              ""label"":""SLA condition"",
              ""control"":""expression"",
              ""required"":true
            }
          ]
        }","
SELECT
    100.0 * COUNT_IF({sla_condition})
        / NULLIF(COUNT(*), 0) AS metric_value,
    COUNT_IF({sla_condition}) AS passed_count,
    COUNT_IF(NOT ({sla_condition})) AS failed_count,
    COUNT(*) AS total_count,
    COUNT(*) AS applicable_count
FROM {table}
",null,null,null,null,null,01_TXN_transaction_rrn,source/TXN_PROCESSING/TRANSACTION_LIFECYCLE_STATUS/01_txn_retrieval_reference,TXN_PROCESSING,TRANSACTION_LIFECYCLE_STATUS
160,23,T02,1,TABLE,null,null,null,null,<=,null,null,Freshness age,PARAMETERIZED,Age of the most recent data timestamp.,TABLE / COLUMN,null,DATE/TIMESTAMP,DATE_TIME,"{
          ""parameters"":[
            {
              ""name"":""time_unit"",
              ""label"":""Time unit"",
              ""control"":""select"",
              ""options"":[""MINUTE"",""HOUR"",""DAY""],
              ""required"":true
            }
          ]
        }","
SELECT
    CAST(
        TIMESTAMPDIFF(
            {time_unit},
            MAX({column}),
            CURRENT_TIMESTAMP()
        )
        AS DOUBLE
    ) AS metric_value,

    0 AS passed_count,
    0 AS failed_count,
    COUNT(*) AS total_count,
    COUNT({column}) AS applicable_count
FROM {table}
",null,null,null,null,null,01_TXN_transaction_rrn,source/TXN_PROCESSING/TRANSACTION_LIFECYCLE_STATUS/01_txn_retrieval_reference,TXN_PROCESSING,TRANSACTION_LIFECYCLE_STATUS
161,23,T03,1,TABLE,null,null,null,null,<=,null,null,Average latency,PARAMETERIZED,Average difference between source and ingestion timestamps.,TABLE / COLUMN,null,DATE/TIMESTAMP,DATE_TIME,"{
          ""parameters"":[
            {
              ""name"":""source_timestamp_column"",
              ""label"":""Source timestamp column"",
              ""control"":""column_select"",
              ""required"":true
            },
            {
              ""name"":""ingestion_timestamp_column"",
              ""label"":""Ingestion timestamp column"",
              ""control"":""column_select"",
              ""required"":true
            },
            {
              ""name"":""time_unit"",
              ""label"":""Time unit"",
              ""control"":""select"",
              ""options"":[""SECOND"",""MINUTE"",""HOUR"",""DAY""],
              ""required"":true
            }
          ]
        }","
SELECT
    CAST(
        AVG(
            TIMESTAMPDIFF(
                {time_unit},
                {source_timestamp_column},
                {ingestion_timestamp_column}
            )
        )
        AS DOUBLE
    ) AS metric_value,

    0 AS passed_count,
    0 AS failed_count,
    COUNT(*) AS total_count,
    COUNT(*) AS applicable_count
FROM {table}
WHERE {source_timestamp_column} IS NOT NULL
  AND {ingestion_timestamp_column} IS NOT NULL
",null,null,null,null,null,01_TXN_transaction_rrn,source/TXN_PROCESSING/TRANSACTION_LIFECYCLE_STATUS/01_txn_retrieval_reference,TXN_PROCESSING,TRANSACTION_LIFECYCLE_STATUS
162,23,T04,1,TABLE,null,null,null,null,<=,null,null,Maximum latency,PARAMETERIZED,Maximum difference between source and ingestion timestamps.,TABLE / COLUMN,null,DATE/TIMESTAMP,DATE_TIME,"{
          ""parameters"":[
            {
              ""name"":""source_timestamp_column"",
              ""label"":""Source timestamp column"",
              ""control"":""column_select"",
              ""required"":true
            },
            {
              ""name"":""ingestion_timestamp_column"",
              ""label"":""Ingestion timestamp column"",
              ""control"":""column_select"",
              ""required"":true
            },
            {
              ""name"":""time_unit"",
              ""label"":""Time unit"",
              ""control"":""select"",
              ""options"":[""SECOND"",""MINUTE"",""HOUR"",""DAY""],
              ""required"":true
            }
          ]
        }","
SELECT
    CAST(
        MAX(
            TIMESTAMPDIFF(
                {time_unit},
                {source_timestamp_column},
                {ingestion_timestamp_column}
            )
        )
        AS DOUBLE
    ) AS metric_value,

    0 AS passed_count,
    0 AS failed_count,
    COUNT(*) AS total_count,
    COUNT(*) AS applicable_count
FROM {table}
WHERE {source_timestamp_column} IS NOT NULL
  AND {ingestion_timestamp_column} IS NOT NULL
",null,null,null,null,null,01_TXN_transaction_rrn,source/TXN_PROCESSING/TRANSACTION_LIFECYCLE_STATUS/01_txn_retrieval_reference,TXN_PROCESSING,TRANSACTION_LIFECYCLE_STATUS
163,23,T05,1,TABLE,null,null,null,2.000000,<=,null,null,Late-record %,PARAMETERIZED,Percentage of records arriving later than configured expectation.,TABLE / COLUMN,2.000000,ALL,DATE_TIME,"{
  ""parameters"": [
    {
      ""name"": ""arrival_timestamp_column"",
      ""label"": ""Arrival timestamp column"",
      ""control"": ""column_select"",
      ""required"": true
    },
    {
      ""name"": ""expected_arrival"",
      ""label"": ""Expected arrival"",
      ""control"": ""datetime"",
      ""required"": true
    }
  ]
}","
SELECT
    100.0 * COUNT_IF(
        {arrival_timestamp_column} > {expected_arrival}
    ) / NULLIF(COUNT(*), 0) AS metric_value,
    COUNT_IF(
        {arrival_timestamp_column} <= {expected_arrival}
    ) AS passed_count,
    COUNT_IF(
        {arrival_timestamp_column} > {expected_arrival}
    ) AS failed_count,
    COUNT(*) AS total_count,
    COUNT(*) AS applicable_count
FROM {table}
WHERE {arrival_timestamp_column} IS NOT NULL
",null,null,null,null,null,01_TXN_transaction_rrn,source/TXN_PROCESSING/TRANSACTION_LIFECYCLE_STATUS/01_txn_retrieval_reference,TXN_PROCESSING,TRANSACTION_LIFECYCLE_STATUS
164,23,T06,1,TABLE,null,null,null,99.000000,>=,null,null,Expected-arrival coverage %,PARAMETERIZED,Percentage of expected arrivals actually received.,TABLE,99.000000,ALL,ANY,"
{
  ""parameters"": [
    {
      ""name"": ""arrival_condition"",
      ""label"": ""Arrival condition"",
      ""control"": ""expression"",
      ""required"": true
    },
    {
      ""name"": ""expected_arrival_count"",
      ""label"": ""Expected arrival count"",
      ""control"": ""number"",
      ""required"": true
    }
  ]
}
","
SELECT
    100.0 * COUNT_IF({arrival_condition})
        / NULLIF({expected_arrival_count}, 0) AS metric_value,
    COUNT_IF({arrival_condition}) AS passed_count,
    COUNT_IF(NOT ({arrival_condition})) AS failed_count,
    {expected_arrival_count} AS total_count,
    {expected_arrival_count} AS applicable_count
FROM {table}
",null,null,null,null,null,01_TXN_transaction_rrn,source/TXN_PROCESSING/TRANSACTION_LIFECYCLE_STATUS/01_txn_retrieval_reference,TXN_PROCESSING,TRANSACTION_LIFECYCLE_STATUS
166,23,U04,1,TABLE,null,null,null,100.000000,>=,null,null,Primary-key compliance %,PARAMETERIZED,Percentage of records having a non-null unique primary key.,TABLE,100.000000,ALL,ANY,"{
          ""parameters"":[
            {
              ""name"":""primary_key_column"",
              ""label"":""Primary key column"",
              ""control"":""column_select"",
              ""required"":true
            }
          ]
        }","
WITH key_stats AS (
    SELECT
        COUNT(*) AS total_count,
        COUNT({primary_key_column}) AS non_null_count,
        COUNT(DISTINCT {primary_key_column}) AS distinct_count
    FROM {table}
)
SELECT
    100.0 *
    CASE
        WHEN total_count = 0 THEN 100.0
        WHEN non_null_count = total_count
             AND distinct_count = total_count
        THEN 100.0
        ELSE 0.0
    END AS metric_value,

    CASE
        WHEN non_null_count = total_count
             AND distinct_count = total_count
        THEN total_count
        ELSE 0
    END AS passed_count,

    CASE
        WHEN non_null_count = total_count
             AND distinct_count = total_count
        THEN 0
        ELSE total_count
    END AS failed_count,

    total_count,
    total_count AS applicable_count
FROM key_stats
",null,null,null,null,null,01_TXN_transaction_rrn,source/TXN_PROCESSING/TRANSACTION_LIFECYCLE_STATUS/01_txn_retrieval_reference,TXN_PROCESSING,TRANSACTION_LIFECYCLE_STATUS
167,23,U05,1,TABLE,null,null,null,100.000000,>=,null,null,Composite-key uniqueness %,PARAMETERIZED,Percentage of applicable records with unique configured composite key.,TABLE,100.000000,ALL,ANY,"{
          ""parameters"":[
            {
              ""name"":""composite_key_columns"",
              ""label"":""Composite key columns"",
              ""control"":""column_multi_select"",
              ""required"":true
            }
          ]
        }","
SELECT
    100.0 * COUNT_IF(unique_key_flag = 1)
        / NULLIF(COUNT(*), 0) AS metric_value,
    COUNT_IF(unique_key_flag = 1) AS passed_count,
    COUNT_IF(unique_key_flag = 0) AS failed_count,
    COUNT(*) AS total_count,
    COUNT(*) AS applicable_count
FROM (
    SELECT
        {composite_key_columns},
        CASE
            WHEN COUNT(*) OVER (
                PARTITION BY {composite_key_columns}
            ) = 1 THEN 1
            ELSE 0
        END AS unique_key_flag
    FROM {table}
) keyed_rows
",null,null,null,null,null,01_TXN_transaction_rrn,source/TXN_PROCESSING/TRANSACTION_LIFECYCLE_STATUS/01_txn_retrieval_reference,TXN_PROCESSING,TRANSACTION_LIFECYCLE_STATUS
129,24,C05,1,TABLE,null,null,null,95.000000,>=,null,null,Record completeness %,PARAMETERIZED,Average completeness across configured required fields.,TABLE,95.000000,ALL,ANY,"{
          ""parameters"":[
            {
              ""name"":""required_columns"",
              ""label"":""Required columns"",
              ""control"":""column_multi_select"",
              ""required"":true
            }
          ]
        }","
SELECT
    100.0 * COUNT_IF({required_columns_condition})
        / NULLIF(COUNT(*), 0) AS metric_value,
    COUNT_IF({required_columns_condition}) AS passed_count,
    COUNT_IF(NOT ({required_columns_condition})) AS failed_count,
    COUNT(*) AS total_count,
    COUNT(*) AS applicable_count
FROM {table}
",null,null,null,null,null,01_TXN_transaction_identifiers,source/TXN_PROCESSING/TRANSACTION_LIFECYCLE_STATUS/01_txn_transaction_identifier,TXN_PROCESSING,TRANSACTION_LIFECYCLE_STATUS
130,24,C07,1,TABLE,null,null,null,95.000000,>=,null,null,Selected-column completeness %,PARAMETERIZED,Percentage of records where all configured selected columns are populated.,TABLE,95.000000,ALL,ANY,"{
          ""parameters"":[
            {
              ""name"":""selected_columns"",
              ""label"":""Selected columns"",
              ""control"":""column_multi_select"",
              ""required"":true
            }
          ]
        }","
SELECT
    100.0 * COUNT_IF({selected_columns_condition})
        / NULLIF(COUNT(*), 0) AS metric_value,
    COUNT_IF({selected_columns_condition}) AS passed_count,
    COUNT_IF(NOT ({selected_columns_condition})) AS failed_count,
    COUNT(*) AS total_count,
    COUNT(*) AS applicable_count
FROM {table}
",null,null,null,null,null,01_TXN_transaction_identifiers,source/TXN_PROCESSING/TRANSACTION_LIFECYCLE_STATUS/01_txn_transaction_identifier,TXN_PROCESSING,TRANSACTION_LIFECYCLE_STATUS
131,24,I04,1,TABLE,null,null,null,0.000000,<=,null,null,Primary-key null %,PARAMETERIZED,Percentage of records where the configured primary key is NULL.,TABLE,0.000000,ALL,ID,"{
          ""parameters"":[
            {
              ""name"":""primary_key_column"",
              ""label"":""Primary key column"",
              ""control"":""column_select"",
              ""required"":true
            }
          ]
        }","
SELECT
    100.0 * COUNT_IF(
        {primary_key_column} IS NULL
    ) / NULLIF(COUNT(*), 0) AS metric_value,
    COUNT_IF(
        {primary_key_column} IS NOT NULL
    ) AS passed_count,
    COUNT_IF(
        {primary_key_column} IS NULL
    ) AS failed_count,
    COUNT(*) AS total_count,
    COUNT(*) AS applicable_count
FROM {table}
",null,null,null,null,null,01_TXN_transaction_identifiers,source/TXN_PROCESSING/TRANSACTION_LIFECYCLE_STATUS/01_txn_transaction_identifier,TXN_PROCESSING,TRANSACTION_LIFECYCLE_STATUS
176,24,K03,1,COLUMN,220,null,null,98.000000,>=,null,null,Standardization compliance %,PARAMETERIZED,Percentage of values matching configured canonical representation.,COLUMN,98.000000,STRING,CODE/ID/STATUS,"
{
  ""parameters"": [
    {
      ""name"": ""standardization_type"",
      ""label"": ""Standardization type"",
      ""control"": ""select"",
      ""required"": true,
      ""options"": [
        ""TRIM"",
        ""UPPERCASE"",
        ""LOWERCASE""
      ]
    }
  ]
}
","
SELECT
    100.0 * COUNT_IF(
        CASE
            WHEN {standardization_type} = TRIM
                THEN CAST({column} AS STRING) = TRIM(CAST({column} AS STRING))
            WHEN {standardization_type} = UPPERCASE
                THEN CAST({column} AS STRING) = UPPER(CAST({column} AS STRING))
            WHEN {standardization_type} = LOWERCASE
                THEN CAST({column} AS STRING) = LOWER(CAST({column} AS STRING))
            ELSE FALSE
        END
    ) / NULLIF(COUNT({column}), 0) AS metric_value,

    COUNT_IF(
        CASE
            WHEN {standardization_type} = TRIM
                THEN CAST({column} AS STRING) = TRIM(CAST({column} AS STRING))
            WHEN {standardization_type} = UPPERCASE
                THEN CAST({column} AS STRING) = UPPER(CAST({column} AS STRING))
            WHEN {standardization_type} = LOWERCASE
                THEN CAST({column} AS STRING) = LOWER(CAST({column} AS STRING))
            ELSE FALSE
        END
    ) AS passed_count,

    COUNT_IF(
        NOT (
            CASE
                WHEN {standardization_type} = TRIM
                    THEN CAST({column} AS STRING) = TRIM(CAST({column} AS STRING))
                WHEN {standardization_type} = UPPERCASE
                    THEN CAST({column} AS STRING) = UPPER(CAST({column} AS STRING))
                WHEN {standardization_type} = LOWERCASE
                    THEN CAST({column} AS STRING) = LOWER(CAST({column} AS STRING))
                ELSE FALSE
            END
        )
    ) AS failed_count,

    COUNT({column}) AS total_count,
    COUNT({column}) AS applicable_count
FROM {table}
WHERE {column} IS NOT NULL
",null,null,null,null,null,01_TXN_transaction_identifiers,source/TXN_PROCESSING/TRANSACTION_LIFECYCLE_STATUS/01_txn_transaction_identifier,TXN_PROCESSING,TRANSACTION_LIFECYCLE_STATUS
198,24,K03,1,COLUMN,217,null,null,98.000000,>=,null,null,Standardization compliance %,PARAMETERIZED,Percentage of values matching configured canonical representation.,COLUMN,98.000000,STRING,CODE/ID/STATUS,"
{
  ""parameters"": [
    {
      ""name"": ""standardization_type"",
      ""label"": ""Standardization type"",
      ""control"": ""select"",
      ""required"": true,
      ""options"": [
        ""TRIM"",
        ""UPPERCASE"",
        ""LOWERCASE""
      ]
    }
  ]
}
","
SELECT
    100.0 * COUNT_IF(
        CASE
            WHEN {standardization_type} = TRIM
                THEN CAST({column} AS STRING) = TRIM(CAST({column} AS STRING))
            WHEN {standardization_type} = UPPERCASE
                THEN CAST({column} AS STRING) = UPPER(CAST({column} AS STRING))
            WHEN {standardization_type} = LOWERCASE
                THEN CAST({column} AS STRING) = LOWER(CAST({column} AS STRING))
            ELSE FALSE
        END
    ) / NULLIF(COUNT({column}), 0) AS metric_value,

    COUNT_IF(
        CASE
            WHEN {standardization_type} = TRIM
                THEN CAST({column} AS STRING) = TRIM(CAST({column} AS STRING))
            WHEN {standardization_type} = UPPERCASE
                THEN CAST({column} AS STRING) = UPPER(CAST({column} AS STRING))
            WHEN {standardization_type} = LOWERCASE
                THEN CAST({column} AS STRING) = LOWER(CAST({column} AS STRING))
            ELSE FALSE
        END
    ) AS passed_count,

    COUNT_IF(
        NOT (
            CASE
                WHEN {standardization_type} = TRIM
                    THEN CAST({column} AS STRING) = TRIM(CAST({column} AS STRING))
                WHEN {standardization_type} = UPPERCASE
                    THEN CAST({column} AS STRING) = UPPER(CAST({column} AS STRING))
                WHEN {standardization_type} = LOWERCASE
                    THEN CAST({column} AS STRING) = LOWER(CAST({column} AS STRING))
                ELSE FALSE
            END
        )
    ) AS failed_count,

    COUNT({column}) AS total_count,
    COUNT({column}) AS applicable_count
FROM {table}
WHERE {column} IS NOT NULL
",null,null,null,null,null,01_TXN_transaction_identifiers,source/TXN_PROCESSING/TRANSACTION_LIFECYCLE_STATUS/01_txn_transaction_identifier,TXN_PROCESSING,TRANSACTION_LIFECYCLE_STATUS
135,24,P13,1,TABLE,null,null,null,null,null,null,null,Volume variance %,PARAMETERIZED,Percentage variance between current and baseline row volume.,TABLE,null,ALL,ANY,"{
          ""parameters"":[
            {
              ""name"":""baseline_row_count"",
              ""label"":""Baseline row count"",
              ""control"":""number"",
              ""min"":0,
              ""required"":true
            }
          ]
        }","
SELECT
    100.0 * ABS(
        COUNT(*) - {baseline_row_count}
    ) / NULLIF({baseline_row_count}, 0) AS metric_value,
    1 AS passed_count,
    0 AS failed_count,
    1 AS total_count,
    1 AS applicable_count
FROM {table}
",null,null,null,null,null,01_TXN_transaction_identifiers,source/TXN_PROCESSING/TRANSACTION_LIFECYCLE_STATUS/01_txn_transaction_identifier,TXN_PROCESSING,TRANSACTION_LIFECYCLE_STATUS
136,24,P14,1,TABLE,null,null,null,99.000000,>=,null,null,Schema compliance %,PARAMETERIZED,Percentage of expected schema columns matching actual name and type.,TABLE,99.000000,ALL,ANY,"{
          ""parameters"":[
            {
              ""name"":""expected_schema"",
              ""label"":""Expected schema"",
              ""control"":""schema_definition"",
              ""required"":true
            }
          ]
        }","
SELECT
    {schema_compliance_expression} AS metric_value,
    {schema_passed_expression} AS passed_count,
    {schema_failed_expression} AS failed_count,
    {expected_column_count} AS total_count,
    {expected_column_count} AS applicable_count
FROM {table}
",null,null,null,null,null,01_TXN_transaction_identifiers,source/TXN_PROCESSING/TRANSACTION_LIFECYCLE_STATUS/01_txn_transaction_identifier,TXN_PROCESSING,TRANSACTION_LIFECYCLE_STATUS
137,24,T01,1,TABLE,null,null,null,98.000000,>=,null,null,SLA compliance %,PARAMETERIZED,Percentage of records meeting configured SLA.,TABLE / COLUMN,98.000000,ALL,DATE_TIME,"{
          ""parameters"":[
            {
              ""name"":""sla_condition"",
              ""label"":""SLA condition"",
              ""control"":""expression"",
              ""required"":true
            }
          ]
        }","
SELECT
    100.0 * COUNT_IF({sla_condition})
        / NULLIF(COUNT(*), 0) AS metric_value,
    COUNT_IF({sla_condition}) AS passed_count,
    COUNT_IF(NOT ({sla_condition})) AS failed_count,
    COUNT(*) AS total_count,
    COUNT(*) AS applicable_count
FROM {table}
",null,null,null,null,null,01_TXN_transaction_identifiers,source/TXN_PROCESSING/TRANSACTION_LIFECYCLE_STATUS/01_txn_transaction_identifier,TXN_PROCESSING,TRANSACTION_LIFECYCLE_STATUS
138,24,T02,1,TABLE,null,null,null,null,<=,null,null,Freshness age,PARAMETERIZED,Age of the most recent data timestamp.,TABLE / COLUMN,null,DATE/TIMESTAMP,DATE_TIME,"{
          ""parameters"":[
            {
              ""name"":""time_unit"",
              ""label"":""Time unit"",
              ""control"":""select"",
              ""options"":[""MINUTE"",""HOUR"",""DAY""],
              ""required"":true
            }
          ]
        }","
SELECT
    CAST(
        TIMESTAMPDIFF(
            {time_unit},
            MAX({column}),
            CURRENT_TIMESTAMP()
        )
        AS DOUBLE
    ) AS metric_value,

    0 AS passed_count,
    0 AS failed_count,
    COUNT(*) AS total_count,
    COUNT({column}) AS applicable_count
FROM {table}
",null,null,null,null,null,01_TXN_transaction_identifiers,source/TXN_PROCESSING/TRANSACTION_LIFECYCLE_STATUS/01_txn_transaction_identifier,TXN_PROCESSING,TRANSACTION_LIFECYCLE_STATUS
139,24,T03,1,TABLE,null,null,null,null,<=,null,null,Average latency,PARAMETERIZED,Average difference between source and ingestion timestamps.,TABLE / COLUMN,null,DATE/TIMESTAMP,DATE_TIME,"{
          ""parameters"":[
            {
              ""name"":""source_timestamp_column"",
              ""label"":""Source timestamp column"",
              ""control"":""column_select"",
              ""required"":true
            },
            {
              ""name"":""ingestion_timestamp_column"",
              ""label"":""Ingestion timestamp column"",
              ""control"":""column_select"",
              ""required"":true
            },
            {
              ""name"":""time_unit"",
              ""label"":""Time unit"",
              ""control"":""select"",
              ""options"":[""SECOND"",""MINUTE"",""HOUR"",""DAY""],
              ""required"":true
            }
          ]
        }","
SELECT
    CAST(
        AVG(
            TIMESTAMPDIFF(
                {time_unit},
                {source_timestamp_column},
                {ingestion_timestamp_column}
            )
        )
        AS DOUBLE
    ) AS metric_value,

    0 AS passed_count,
    0 AS failed_count,
    COUNT(*) AS total_count,
    COUNT(*) AS applicable_count
FROM {table}
WHERE {source_timestamp_column} IS NOT NULL
  AND {ingestion_timestamp_column} IS NOT NULL
",null,null,null,null,null,01_TXN_transaction_identifiers,source/TXN_PROCESSING/TRANSACTION_LIFECYCLE_STATUS/01_txn_transaction_identifier,TXN_PROCESSING,TRANSACTION_LIFECYCLE_STATUS
140,24,T04,1,TABLE,null,null,null,null,<=,null,null,Maximum latency,PARAMETERIZED,Maximum difference between source and ingestion timestamps.,TABLE / COLUMN,null,DATE/TIMESTAMP,DATE_TIME,"{
          ""parameters"":[
            {
              ""name"":""source_timestamp_column"",
              ""label"":""Source timestamp column"",
              ""control"":""column_select"",
              ""required"":true
            },
            {
              ""name"":""ingestion_timestamp_column"",
              ""label"":""Ingestion timestamp column"",
              ""control"":""column_select"",
              ""required"":true
            },
            {
              ""name"":""time_unit"",
              ""label"":""Time unit"",
              ""control"":""select"",
              ""options"":[""SECOND"",""MINUTE"",""HOUR"",""DAY""],
              ""required"":true
            }
          ]
        }","
SELECT
    CAST(
        MAX(
            TIMESTAMPDIFF(
                {time_unit},
                {source_timestamp_column},
                {ingestion_timestamp_column}
            )
        )
        AS DOUBLE
    ) AS metric_value,

    0 AS passed_count,
    0 AS failed_count,
    COUNT(*) AS total_count,
    COUNT(*) AS applicable_count
FROM {table}
WHERE {source_timestamp_column} IS NOT NULL
  AND {ingestion_timestamp_column} IS NOT NULL
",null,null,null,null,null,01_TXN_transaction_identifiers,source/TXN_PROCESSING/TRANSACTION_LIFECYCLE_STATUS/01_txn_transaction_identifier,TXN_PROCESSING,TRANSACTION_LIFECYCLE_STATUS
141,24,T05,1,TABLE,null,null,null,2.000000,<=,null,null,Late-record %,PARAMETERIZED,Percentage of records arriving later than configured expectation.,TABLE / COLUMN,2.000000,ALL,DATE_TIME,"{
  ""parameters"": [
    {
      ""name"": ""arrival_timestamp_column"",
      ""label"": ""Arrival timestamp column"",
      ""control"": ""column_select"",
      ""required"": true
    },
    {
      ""name"": ""expected_arrival"",
      ""label"": ""Expected arrival"",
      ""control"": ""datetime"",
      ""required"": true
    }
  ]
}","
SELECT
    100.0 * COUNT_IF(
        {arrival_timestamp_column} > {expected_arrival}
    ) / NULLIF(COUNT(*), 0) AS metric_value,
    COUNT_IF(
        {arrival_timestamp_column} <= {expected_arrival}
    ) AS passed_count,
    COUNT_IF(
        {arrival_timestamp_column} > {expected_arrival}
    ) AS failed_count,
    COUNT(*) AS total_count,
    COUNT(*) AS applicable_count
FROM {table}
WHERE {arrival_timestamp_column} IS NOT NULL
",null,null,null,null,null,01_TXN_transaction_identifiers,source/TXN_PROCESSING/TRANSACTION_LIFECYCLE_STATUS/01_txn_transaction_identifier,TXN_PROCESSING,TRANSACTION_LIFECYCLE_STATUS
142,24,T06,1,TABLE,null,null,null,99.000000,>=,null,null,Expected-arrival coverage %,PARAMETERIZED,Percentage of expected arrivals actually received.,TABLE,99.000000,ALL,ANY,"
{
  ""parameters"": [
    {
      ""name"": ""arrival_condition"",
      ""label"": ""Arrival condition"",
      ""control"": ""expression"",
      ""required"": true
    },
    {
      ""name"": ""expected_arrival_count"",
      ""label"": ""Expected arrival count"",
      ""control"": ""number"",
      ""required"": true
    }
  ]
}
","
SELECT
    100.0 * COUNT_IF({arrival_condition})
        / NULLIF({expected_arrival_count}, 0) AS metric_value,
    COUNT_IF({arrival_condition}) AS passed_count,
    COUNT_IF(NOT ({arrival_condition})) AS failed_count,
    {expected_arrival_count} AS total_count,
    {expected_arrival_count} AS applicable_count
FROM {table}
",null,null,null,null,null,01_TXN_transaction_identifiers,source/TXN_PROCESSING/TRANSACTION_LIFECYCLE_STATUS/01_txn_transaction_identifier,TXN_PROCESSING,TRANSACTION_LIFECYCLE_STATUS
144,24,U04,1,TABLE,null,null,null,100.000000,>=,null,null,Primary-key compliance %,PARAMETERIZED,Percentage of records having a non-null unique primary key.,TABLE,100.000000,ALL,ANY,"{
          ""parameters"":[
            {
              ""name"":""primary_key_column"",
              ""label"":""Primary key column"",
              ""control"":""column_select"",
              ""required"":true
            }
          ]
        }","
WITH key_stats AS (
    SELECT
        COUNT(*) AS total_count,
        COUNT({primary_key_column}) AS non_null_count,
        COUNT(DISTINCT {primary_key_column}) AS distinct_count
    FROM {table}
)
SELECT
    100.0 *
    CASE
        WHEN total_count = 0 THEN 100.0
        WHEN non_null_count = total_count
             AND distinct_count = total_count
        THEN 100.0
        ELSE 0.0
    END AS metric_value,

    CASE
        WHEN non_null_count = total_count
             AND distinct_count = total_count
        THEN total_count
        ELSE 0
    END AS passed_count,

    CASE
        WHEN non_null_count = total_count
             AND distinct_count = total_count
        THEN 0
        ELSE total_count
    END AS failed_count,

    total_count,
    total_count AS applicable_count
FROM key_stats
",null,null,null,null,null,01_TXN_transaction_identifiers,source/TXN_PROCESSING/TRANSACTION_LIFECYCLE_STATUS/01_txn_transaction_identifier,TXN_PROCESSING,TRANSACTION_LIFECYCLE_STATUS
145,24,U05,1,TABLE,null,null,null,100.000000,>=,null,null,Composite-key uniqueness %,PARAMETERIZED,Percentage of applicable records with unique configured composite key.,TABLE,100.000000,ALL,ANY,"{
          ""parameters"":[
            {
              ""name"":""composite_key_columns"",
              ""label"":""Composite key columns"",
              ""control"":""column_multi_select"",
              ""required"":true
            }
          ]
        }","
SELECT
    100.0 * COUNT_IF(unique_key_flag = 1)
        / NULLIF(COUNT(*), 0) AS metric_value,
    COUNT_IF(unique_key_flag = 1) AS passed_count,
    COUNT_IF(unique_key_flag = 0) AS failed_count,
    COUNT(*) AS total_count,
    COUNT(*) AS applicable_count
FROM (
    SELECT
        {composite_key_columns},
        CASE
            WHEN COUNT(*) OVER (
                PARTITION BY {composite_key_columns}
            ) = 1 THEN 1
            ELSE 0
        END AS unique_key_flag
    FROM {table}
) keyed_rows
",null,null,null,null,null,01_TXN_transaction_identifiers,source/TXN_PROCESSING/TRANSACTION_LIFECYCLE_STATUS/01_txn_transaction_identifier,TXN_PROCESSING,TRANSACTION_LIFECYCLE_STATUS
61,25,A01,1,COLUMN,230,null,null,99.000000,>=,null,null,Reference-match accuracy %,PARAMETERIZED,Percentage of applicable values matching a trusted reference.,COLUMN / TABLE,99.000000,ALL,ANY,"
{
  ""parameters"": [
    {
      ""name"": ""reference_asset"",
      ""label"": ""Reference asset"",
      ""control"": ""asset_select"",
      ""required"": true
    },
    {
      ""name"": ""source_column"",
      ""label"": ""Source column"",
      ""control"": ""column_select"",
      ""required"": true
    },
    {
      ""name"": ""reference_column"",
      ""label"": ""Reference column"",
      ""control"": ""column_select"",
      ""required"": true
    }
  ]
}
","
SELECT
    100.0 * COUNT_IF(
        {match_condition}
    ) / NULLIF(COUNT({column}), 0) AS metric_value,
    COUNT_IF({match_condition}) AS passed_count,
    COUNT_IF(NOT ({match_condition})) AS failed_count,
    COUNT({column}) AS total_count,
    COUNT({column}) AS applicable_count
FROM {table}
WHERE {column} IS NOT NULL
",null,null,null,null,null,01_TXN_transaction_cancellation,source/TXN_PROCESSING/TRANSACTION_LIFECYCLE_STATUS/01_txn_transaction_cancellation,TXN_PROCESSING,TRANSACTION_LIFECYCLE_STATUS
107,25,C05,1,TABLE,null,null,null,95.000000,>=,null,null,Record completeness %,PARAMETERIZED,Average completeness across configured required fields.,TABLE,95.000000,ALL,ANY,"{
          ""parameters"":[
            {
              ""name"":""required_columns"",
              ""label"":""Required columns"",
              ""control"":""column_multi_select"",
              ""required"":true
            }
          ]
        }","
SELECT
    100.0 * COUNT_IF({required_columns_condition})
        / NULLIF(COUNT(*), 0) AS metric_value,
    COUNT_IF({required_columns_condition}) AS passed_count,
    COUNT_IF(NOT ({required_columns_condition})) AS failed_count,
    COUNT(*) AS total_count,
    COUNT(*) AS applicable_count
FROM {table}
",null,null,null,null,null,01_TXN_transaction_cancellation,source/TXN_PROCESSING/TRANSACTION_LIFECYCLE_STATUS/01_txn_transaction_cancellation,TXN_PROCESSING,TRANSACTION_LIFECYCLE_STATUS
108,25,C07,1,TABLE,null,null,null,95.000000,>=,null,null,Selected-column completeness %,PARAMETERIZED,Percentage of records where all configured selected columns are populated.,TABLE,95.000000,ALL,ANY,"{
          ""parameters"":[
            {
              ""name"":""selected_columns"",
              ""label"":""Selected columns"",
              ""control"":""column_multi_select"",
              ""required"":true
            }
          ]
        }","
SELECT
    100.0 * COUNT_IF({selected_columns_condition})
        / NULLIF(COUNT(*), 0) AS metric_value,
    COUNT_IF({selected_columns_condition}) AS passed_count,
    COUNT_IF(NOT ({selected_columns_condition})) AS failed_count,
    COUNT(*) AS total_count,
    COUNT(*) AS applicable_count
FROM {table}
",null,null,null,null,null,01_TXN_transaction_cancellation,source/TXN_PROCESSING/TRANSACTION_LIFECYCLE_STATUS/01_txn_transaction_cancellation,TXN_PROCESSING,TRANSACTION_LIFECYCLE_STATUS
109,25,I04,1,TABLE,null,null,null,0.000000,<=,null,null,Primary-key null %,PARAMETERIZED,Percentage of records where the configured primary key is NULL.,TABLE,0.000000,ALL,ID,"{
          ""parameters"":[
            {
              ""name"":""primary_key_column"",
              ""label"":""Primary key column"",
              ""control"":""column_select"",
              ""required"":true
            }
          ]
        }","
SELECT
    100.0 * COUNT_IF(
        {primary_key_column} IS NULL
    ) / NULLIF(COUNT(*), 0) AS metric_value,
    COUNT_IF(
        {primary_key_column} IS NOT NULL
    ) AS passed_count,
    COUNT_IF(
        {primary_key_column} IS NULL
    ) AS failed_count,
    COUNT(*) AS total_count,
    COUNT(*) AS applicable_count
FROM {table}
",null,null,null,null,null,01_TXN_transaction_cancellation,source/TXN_PROCESSING/TRANSACTION_LIFECYCLE_STATUS/01_txn_transaction_cancellation,TXN_PROCESSING,TRANSACTION_LIFECYCLE_STATUS
154,25,K03,1,COLUMN,228,null,null,98.000000,>=,null,null,Standardization compliance %,PARAMETERIZED,Percentage of values matching configured canonical representation.,COLUMN,98.000000,STRING,CODE/ID/STATUS,"
{
  ""parameters"": [
    {
      ""name"": ""standardization_type"",
      ""label"": ""Standardization type"",
      ""control"": ""select"",
      ""required"": true,
      ""options"": [
        ""TRIM"",
        ""UPPERCASE"",
        ""LOWERCASE""
      ]
    }
  ]
}
","
SELECT
    100.0 * COUNT_IF(
        CASE
            WHEN {standardization_type} = TRIM
                THEN CAST({column} AS STRING) = TRIM(CAST({column} AS STRING))
            WHEN {standardization_type} = UPPERCASE
                THEN CAST({column} AS STRING) = UPPER(CAST({column} AS STRING))
            WHEN {standardization_type} = LOWERCASE
                THEN CAST({column} AS STRING) = LOWER(CAST({column} AS STRING))
            ELSE FALSE
        END
    ) / NULLIF(COUNT({column}), 0) AS metric_value,

    COUNT_IF(
        CASE
            WHEN {standardization_type} = TRIM
                THEN CAST({column} AS STRING) = TRIM(CAST({column} AS STRING))
            WHEN {standardization_type} = UPPERCASE
                THEN CAST({column} AS STRING) = UPPER(CAST({column} AS STRING))
            WHEN {standardization_type} = LOWERCASE
                THEN CAST({column} AS STRING) = LOWER(CAST({column} AS STRING))
            ELSE FALSE
        END
    ) AS passed_count,

    COUNT_IF(
        NOT (
            CASE
                WHEN {standardization_type} = TRIM
                    THEN CAST({column} AS STRING) = TRIM(CAST({column} AS STRING))
                WHEN {standardization_type} = UPPERCASE
                    THEN CAST({column} AS STRING) = UPPER(CAST({column} AS STRING))
                WHEN {standardization_type} = LOWERCASE
                    THEN CAST({column} AS STRING) = LOWER(CAST({column} AS STRING))
                ELSE FALSE
            END
        )
    ) AS failed_count,

    COUNT({column}) AS total_count,
    COUNT({column}) AS applicable_count
FROM {table}
WHERE {column} IS NOT NULL
",null,null,null,null,null,01_TXN_transaction_cancellation,source/TXN_PROCESSING/TRANSACTION_LIFECYCLE_STATUS/01_txn_transaction_cancellation,TXN_PROCESSING,TRANSACTION_LIFECYCLE_STATUS
113,25,P13,1,TABLE,null,null,null,null,null,null,null,Volume variance %,PARAMETERIZED,Percentage variance between current and baseline row volume.,TABLE,null,ALL,ANY,"{
          ""parameters"":[
            {
              ""name"":""baseline_row_count"",
              ""label"":""Baseline row count"",
              ""control"":""number"",
              ""min"":0,
              ""required"":true
            }
          ]
        }","
SELECT
    100.0 * ABS(
        COUNT(*) - {baseline_row_count}
    ) / NULLIF({baseline_row_count}, 0) AS metric_value,
    1 AS passed_count,
    0 AS failed_count,
    1 AS total_count,
    1 AS applicable_count
FROM {table}
",null,null,null,null,null,01_TXN_transaction_cancellation,source/TXN_PROCESSING/TRANSACTION_LIFECYCLE_STATUS/01_txn_transaction_cancellation,TXN_PROCESSING,TRANSACTION_LIFECYCLE_STATUS
114,25,P14,1,TABLE,null,null,null,99.000000,>=,null,null,Schema compliance %,PARAMETERIZED,Percentage of expected schema columns matching actual name and type.,TABLE,99.000000,ALL,ANY,"{
          ""parameters"":[
            {
              ""name"":""expected_schema"",
              ""label"":""Expected schema"",
              ""control"":""schema_definition"",
              ""required"":true
            }
          ]
        }","
SELECT
    {schema_compliance_expression} AS metric_value,
    {schema_passed_expression} AS passed_count,
    {schema_failed_expression} AS failed_count,
    {expected_column_count} AS total_count,
    {expected_column_count} AS applicable_count
FROM {table}
",null,null,null,null,null,01_TXN_transaction_cancellation,source/TXN_PROCESSING/TRANSACTION_LIFECYCLE_STATUS/01_txn_transaction_cancellation,TXN_PROCESSING,TRANSACTION_LIFECYCLE_STATUS
115,25,T01,1,TABLE,null,null,null,98.000000,>=,null,null,SLA compliance %,PARAMETERIZED,Percentage of records meeting configured SLA.,TABLE / COLUMN,98.000000,ALL,DATE_TIME,"{
          ""parameters"":[
            {
              ""name"":""sla_condition"",
              ""label"":""SLA condition"",
              ""control"":""expression"",
              ""required"":true
            }
          ]
        }","
SELECT
    100.0 * COUNT_IF({sla_condition})
        / NULLIF(COUNT(*), 0) AS metric_value,
    COUNT_IF({sla_condition}) AS passed_count,
    COUNT_IF(NOT ({sla_condition})) AS failed_count,
    COUNT(*) AS total_count,
    COUNT(*) AS applicable_count
FROM {table}
",null,null,null,null,null,01_TXN_transaction_cancellation,source/TXN_PROCESSING/TRANSACTION_LIFECYCLE_STATUS/01_txn_transaction_cancellation,TXN_PROCESSING,TRANSACTION_LIFECYCLE_STATUS
116,25,T02,1,TABLE,null,null,null,null,<=,null,null,Freshness age,PARAMETERIZED,Age of the most recent data timestamp.,TABLE / COLUMN,null,DATE/TIMESTAMP,DATE_TIME,"{
          ""parameters"":[
            {
              ""name"":""time_unit"",
              ""label"":""Time unit"",
              ""control"":""select"",
              ""options"":[""MINUTE"",""HOUR"",""DAY""],
              ""required"":true
            }
          ]
        }","
SELECT
    CAST(
        TIMESTAMPDIFF(
            {time_unit},
            MAX({column}),
            CURRENT_TIMESTAMP()
        )
        AS DOUBLE
    ) AS metric_value,

    0 AS passed_count,
    0 AS failed_count,
    COUNT(*) AS total_count,
    COUNT({column}) AS applicable_count
FROM {table}
",null,null,null,null,null,01_TXN_transaction_cancellation,source/TXN_PROCESSING/TRANSACTION_LIFECYCLE_STATUS/01_txn_transaction_cancellation,TXN_PROCESSING,TRANSACTION_LIFECYCLE_STATUS
117,25,T03,1,TABLE,null,null,null,null,<=,null,null,Average latency,PARAMETERIZED,Average difference between source and ingestion timestamps.,TABLE / COLUMN,null,DATE/TIMESTAMP,DATE_TIME,"{
          ""parameters"":[
            {
              ""name"":""source_timestamp_column"",
              ""label"":""Source timestamp column"",
              ""control"":""column_select"",
              ""required"":true
            },
            {
              ""name"":""ingestion_timestamp_column"",
              ""label"":""Ingestion timestamp column"",
              ""control"":""column_select"",
              ""required"":true
            },
            {
              ""name"":""time_unit"",
              ""label"":""Time unit"",
              ""control"":""select"",
              ""options"":[""SECOND"",""MINUTE"",""HOUR"",""DAY""],
              ""required"":true
            }
          ]
        }","
SELECT
    CAST(
        AVG(
            TIMESTAMPDIFF(
                {time_unit},
                {source_timestamp_column},
                {ingestion_timestamp_column}
            )
        )
        AS DOUBLE
    ) AS metric_value,

    0 AS passed_count,
    0 AS failed_count,
    COUNT(*) AS total_count,
    COUNT(*) AS applicable_count
FROM {table}
WHERE {source_timestamp_column} IS NOT NULL
  AND {ingestion_timestamp_column} IS NOT NULL
",null,null,null,null,null,01_TXN_transaction_cancellation,source/TXN_PROCESSING/TRANSACTION_LIFECYCLE_STATUS/01_txn_transaction_cancellation,TXN_PROCESSING,TRANSACTION_LIFECYCLE_STATUS
118,25,T04,1,TABLE,null,null,null,null,<=,null,null,Maximum latency,PARAMETERIZED,Maximum difference between source and ingestion timestamps.,TABLE / COLUMN,null,DATE/TIMESTAMP,DATE_TIME,"{
          ""parameters"":[
            {
              ""name"":""source_timestamp_column"",
              ""label"":""Source timestamp column"",
              ""control"":""column_select"",
              ""required"":true
            },
            {
              ""name"":""ingestion_timestamp_column"",
              ""label"":""Ingestion timestamp column"",
              ""control"":""column_select"",
              ""required"":true
            },
            {
              ""name"":""time_unit"",
              ""label"":""Time unit"",
              ""control"":""select"",
              ""options"":[""SECOND"",""MINUTE"",""HOUR"",""DAY""],
              ""required"":true
            }
          ]
        }","
SELECT
    CAST(
        MAX(
            TIMESTAMPDIFF(
                {time_unit},
                {source_timestamp_column},
                {ingestion_timestamp_column}
            )
        )
        AS DOUBLE
    ) AS metric_value,

    0 AS passed_count,
    0 AS failed_count,
    COUNT(*) AS total_count,
    COUNT(*) AS applicable_count
FROM {table}
WHERE {source_timestamp_column} IS NOT NULL
  AND {ingestion_timestamp_column} IS NOT NULL
",null,null,null,null,null,01_TXN_transaction_cancellation,source/TXN_PROCESSING/TRANSACTION_LIFECYCLE_STATUS/01_txn_transaction_cancellation,TXN_PROCESSING,TRANSACTION_LIFECYCLE_STATUS
119,25,T05,1,TABLE,null,null,null,2.000000,<=,null,null,Late-record %,PARAMETERIZED,Percentage of records arriving later than configured expectation.,TABLE / COLUMN,2.000000,ALL,DATE_TIME,"{
  ""parameters"": [
    {
      ""name"": ""arrival_timestamp_column"",
      ""label"": ""Arrival timestamp column"",
      ""control"": ""column_select"",
      ""required"": true
    },
    {
      ""name"": ""expected_arrival"",
      ""label"": ""Expected arrival"",
      ""control"": ""datetime"",
      ""required"": true
    }
  ]
}","
SELECT
    100.0 * COUNT_IF(
        {arrival_timestamp_column} > {expected_arrival}
    ) / NULLIF(COUNT(*), 0) AS metric_value,
    COUNT_IF(
        {arrival_timestamp_column} <= {expected_arrival}
    ) AS passed_count,
    COUNT_IF(
        {arrival_timestamp_column} > {expected_arrival}
    ) AS failed_count,
    COUNT(*) AS total_count,
    COUNT(*) AS applicable_count
FROM {table}
WHERE {arrival_timestamp_column} IS NOT NULL
",null,null,null,null,null,01_TXN_transaction_cancellation,source/TXN_PROCESSING/TRANSACTION_LIFECYCLE_STATUS/01_txn_transaction_cancellation,TXN_PROCESSING,TRANSACTION_LIFECYCLE_STATUS
120,25,T06,1,TABLE,null,null,null,99.000000,>=,null,null,Expected-arrival coverage %,PARAMETERIZED,Percentage of expected arrivals actually received.,TABLE,99.000000,ALL,ANY,"
{
  ""parameters"": [
    {
      ""name"": ""arrival_condition"",
      ""label"": ""Arrival condition"",
      ""control"": ""expression"",
      ""required"": true
    },
    {
      ""name"": ""expected_arrival_count"",
      ""label"": ""Expected arrival count"",
      ""control"": ""number"",
      ""required"": true
    }
  ]
}
","
SELECT
    100.0 * COUNT_IF({arrival_condition})
        / NULLIF({expected_arrival_count}, 0) AS metric_value,
    COUNT_IF({arrival_condition}) AS passed_count,
    COUNT_IF(NOT ({arrival_condition})) AS failed_count,
    {expected_arrival_count} AS total_count,
    {expected_arrival_count} AS applicable_count
FROM {table}
",null,null,null,null,null,01_TXN_transaction_cancellation,source/TXN_PROCESSING/TRANSACTION_LIFECYCLE_STATUS/01_txn_transaction_cancellation,TXN_PROCESSING,TRANSACTION_LIFECYCLE_STATUS
122,25,U04,1,TABLE,null,null,null,100.000000,>=,null,null,Primary-key compliance %,PARAMETERIZED,Percentage of records having a non-null unique primary key.,TABLE,100.000000,ALL,ANY,"{
          ""parameters"":[
            {
              ""name"":""primary_key_column"",
              ""label"":""Primary key column"",
              ""control"":""column_select"",
              ""required"":true
            }
          ]
        }","
WITH key_stats AS (
    SELECT
        COUNT(*) AS total_count,
        COUNT({primary_key_column}) AS non_null_count,
        COUNT(DISTINCT {primary_key_column}) AS distinct_count
    FROM {table}
)
SELECT
    100.0 *
    CASE
        WHEN total_count = 0 THEN 100.0
        WHEN non_null_count = total_count
             AND distinct_count = total_count
        THEN 100.0
        ELSE 0.0
    END AS metric_value,

    CASE
        WHEN non_null_count = total_count
             AND distinct_count = total_count
        THEN total_count
        ELSE 0
    END AS passed_count,

    CASE
        WHEN non_null_count = total_count
             AND distinct_count = total_count
        THEN 0
        ELSE total_count
    END AS failed_count,

    total_count,
    total_count AS applicable_count
FROM key_stats
",null,null,null,null,null,01_TXN_transaction_cancellation,source/TXN_PROCESSING/TRANSACTION_LIFECYCLE_STATUS/01_txn_transaction_cancellation,TXN_PROCESSING,TRANSACTION_LIFECYCLE_STATUS
123,25,U05,1,TABLE,null,null,null,100.000000,>=,null,null,Composite-key uniqueness %,PARAMETERIZED,Percentage of applicable records with unique configured composite key.,TABLE,100.000000,ALL,ANY,"{
          ""parameters"":[
            {
              ""name"":""composite_key_columns"",
              ""label"":""Composite key columns"",
              ""control"":""column_multi_select"",
              ""required"":true
            }
          ]
        }","
SELECT
    100.0 * COUNT_IF(unique_key_flag = 1)
        / NULLIF(COUNT(*), 0) AS metric_value,
    COUNT_IF(unique_key_flag = 1) AS passed_count,
    COUNT_IF(unique_key_flag = 0) AS failed_count,
    COUNT(*) AS total_count,
    COUNT(*) AS applicable_count
FROM (
    SELECT
        {composite_key_columns},
        CASE
            WHEN COUNT(*) OVER (
                PARTITION BY {composite_key_columns}
            ) = 1 THEN 1
            ELSE 0
        END AS unique_key_flag
    FROM {table}
) keyed_rows
",null,null,null,null,null,01_TXN_transaction_cancellation,source/TXN_PROCESSING/TRANSACTION_LIFECYCLE_STATUS/01_txn_transaction_cancellation,TXN_PROCESSING,TRANSACTION_LIFECYCLE_STATUS
85,26,C05,1,TABLE,null,null,null,95.000000,>=,null,null,Record completeness %,PARAMETERIZED,Average completeness across configured required fields.,TABLE,95.000000,ALL,ANY,"{
          ""parameters"":[
            {
              ""name"":""required_columns"",
              ""label"":""Required columns"",
              ""control"":""column_multi_select"",
              ""required"":true
            }
          ]
        }","
SELECT
    100.0 * COUNT_IF({required_columns_condition})
        / NULLIF(COUNT(*), 0) AS metric_value,
    COUNT_IF({required_columns_condition}) AS passed_count,
    COUNT_IF(NOT ({required_columns_condition})) AS failed_count,
    COUNT(*) AS total_count,
    COUNT(*) AS applicable_count
FROM {table}
",null,null,null,null,null,01_TXN_transaction_status,source/TXN_PROCESSING/TRANSACTION_LIFECYCLE_STATUS/01_txn_transaction_status,TXN_PROCESSING,TRANSACTION_LIFECYCLE_STATUS
86,26,C07,1,TABLE,null,null,null,95.000000,>=,null,null,Selected-column completeness %,PARAMETERIZED,Percentage of records where all configured selected columns are populated.,TABLE,95.000000,ALL,ANY,"{
          ""parameters"":[
            {
              ""name"":""selected_columns"",
              ""label"":""Selected columns"",
              ""control"":""column_multi_select"",
              ""required"":true
            }
          ]
        }","
SELECT
    100.0 * COUNT_IF({selected_columns_condition})
        / NULLIF(COUNT(*), 0) AS metric_value,
    COUNT_IF({selected_columns_condition}) AS passed_count,
    COUNT_IF(NOT ({selected_columns_condition})) AS failed_count,
    COUNT(*) AS total_count,
    COUNT(*) AS applicable_count
FROM {table}
",null,null,null,null,null,01_TXN_transaction_status,source/TXN_PROCESSING/TRANSACTION_LIFECYCLE_STATUS/01_txn_transaction_status,TXN_PROCESSING,TRANSACTION_LIFECYCLE_STATUS
87,26,I04,1,TABLE,null,null,null,0.000000,<=,null,null,Primary-key null %,PARAMETERIZED,Percentage of records where the configured primary key is NULL.,TABLE,0.000000,ALL,ID,"{
          ""parameters"":[
            {
              ""name"":""primary_key_column"",
              ""label"":""Primary key column"",
              ""control"":""column_select"",
              ""required"":true
            }
          ]
        }","
SELECT
    100.0 * COUNT_IF(
        {primary_key_column} IS NULL
    ) / NULLIF(COUNT(*), 0) AS metric_value,
    COUNT_IF(
        {primary_key_column} IS NOT NULL
    ) AS passed_count,
    COUNT_IF(
        {primary_key_column} IS NULL
    ) AS failed_count,
    COUNT(*) AS total_count,
    COUNT(*) AS applicable_count
FROM {table}
",null,null,null,null,null,01_TXN_transaction_status,source/TXN_PROCESSING/TRANSACTION_LIFECYCLE_STATUS/01_txn_transaction_status,TXN_PROCESSING,TRANSACTION_LIFECYCLE_STATUS
91,26,P13,1,TABLE,null,null,null,null,null,null,null,Volume variance %,PARAMETERIZED,Percentage variance between current and baseline row volume.,TABLE,null,ALL,ANY,"{
          ""parameters"":[
            {
              ""name"":""baseline_row_count"",
              ""label"":""Baseline row count"",
              ""control"":""number"",
              ""min"":0,
              ""required"":true
            }
          ]
        }","
SELECT
    100.0 * ABS(
        COUNT(*) - {baseline_row_count}
    ) / NULLIF({baseline_row_count}, 0) AS metric_value,
    1 AS passed_count,
    0 AS failed_count,
    1 AS total_count,
    1 AS applicable_count
FROM {table}
",null,null,null,null,null,01_TXN_transaction_status,source/TXN_PROCESSING/TRANSACTION_LIFECYCLE_STATUS/01_txn_transaction_status,TXN_PROCESSING,TRANSACTION_LIFECYCLE_STATUS
92,26,P14,1,TABLE,null,null,null,99.000000,>=,null,null,Schema compliance %,PARAMETERIZED,Percentage of expected schema columns matching actual name and type.,TABLE,99.000000,ALL,ANY,"{
          ""parameters"":[
            {
              ""name"":""expected_schema"",
              ""label"":""Expected schema"",
              ""control"":""schema_definition"",
              ""required"":true
            }
          ]
        }","
SELECT
    {schema_compliance_expression} AS metric_value,
    {schema_passed_expression} AS passed_count,
    {schema_failed_expression} AS failed_count,
    {expected_column_count} AS total_count,
    {expected_column_count} AS applicable_count
FROM {table}
",null,null,null,null,null,01_TXN_transaction_status,source/TXN_PROCESSING/TRANSACTION_LIFECYCLE_STATUS/01_txn_transaction_status,TXN_PROCESSING,TRANSACTION_LIFECYCLE_STATUS
93,26,T01,1,TABLE,null,null,null,98.000000,>=,null,null,SLA compliance %,PARAMETERIZED,Percentage of records meeting configured SLA.,TABLE / COLUMN,98.000000,ALL,DATE_TIME,"{
          ""parameters"":[
            {
              ""name"":""sla_condition"",
              ""label"":""SLA condition"",
              ""control"":""expression"",
              ""required"":true
            }
          ]
        }","
SELECT
    100.0 * COUNT_IF({sla_condition})
        / NULLIF(COUNT(*), 0) AS metric_value,
    COUNT_IF({sla_condition}) AS passed_count,
    COUNT_IF(NOT ({sla_condition})) AS failed_count,
    COUNT(*) AS total_count,
    COUNT(*) AS applicable_count
FROM {table}
",null,null,null,null,null,01_TXN_transaction_status,source/TXN_PROCESSING/TRANSACTION_LIFECYCLE_STATUS/01_txn_transaction_status,TXN_PROCESSING,TRANSACTION_LIFECYCLE_STATUS
94,26,T02,1,TABLE,null,null,null,null,<=,null,null,Freshness age,PARAMETERIZED,Age of the most recent data timestamp.,TABLE / COLUMN,null,DATE/TIMESTAMP,DATE_TIME,"{
          ""parameters"":[
            {
              ""name"":""time_unit"",
              ""label"":""Time unit"",
              ""control"":""select"",
              ""options"":[""MINUTE"",""HOUR"",""DAY""],
              ""required"":true
            }
          ]
        }","
SELECT
    CAST(
        TIMESTAMPDIFF(
            {time_unit},
            MAX({column}),
            CURRENT_TIMESTAMP()
        )
        AS DOUBLE
    ) AS metric_value,

    0 AS passed_count,
    0 AS failed_count,
    COUNT(*) AS total_count,
    COUNT({column}) AS applicable_count
FROM {table}
",null,null,null,null,null,01_TXN_transaction_status,source/TXN_PROCESSING/TRANSACTION_LIFECYCLE_STATUS/01_txn_transaction_status,TXN_PROCESSING,TRANSACTION_LIFECYCLE_STATUS
95,26,T03,1,TABLE,null,null,null,null,<=,null,null,Average latency,PARAMETERIZED,Average difference between source and ingestion timestamps.,TABLE / COLUMN,null,DATE/TIMESTAMP,DATE_TIME,"{
          ""parameters"":[
            {
              ""name"":""source_timestamp_column"",
              ""label"":""Source timestamp column"",
              ""control"":""column_select"",
              ""required"":true
            },
            {
              ""name"":""ingestion_timestamp_column"",
              ""label"":""Ingestion timestamp column"",
              ""control"":""column_select"",
              ""required"":true
            },
            {
              ""name"":""time_unit"",
              ""label"":""Time unit"",
              ""control"":""select"",
              ""options"":[""SECOND"",""MINUTE"",""HOUR"",""DAY""],
              ""required"":true
            }
          ]
        }","
SELECT
    CAST(
        AVG(
            TIMESTAMPDIFF(
                {time_unit},
                {source_timestamp_column},
                {ingestion_timestamp_column}
            )
        )
        AS DOUBLE
    ) AS metric_value,

    0 AS passed_count,
    0 AS failed_count,
    COUNT(*) AS total_count,
    COUNT(*) AS applicable_count
FROM {table}
WHERE {source_timestamp_column} IS NOT NULL
  AND {ingestion_timestamp_column} IS NOT NULL
",null,null,null,null,null,01_TXN_transaction_status,source/TXN_PROCESSING/TRANSACTION_LIFECYCLE_STATUS/01_txn_transaction_status,TXN_PROCESSING,TRANSACTION_LIFECYCLE_STATUS
96,26,T04,1,TABLE,null,null,null,null,<=,null,null,Maximum latency,PARAMETERIZED,Maximum difference between source and ingestion timestamps.,TABLE / COLUMN,null,DATE/TIMESTAMP,DATE_TIME,"{
          ""parameters"":[
            {
              ""name"":""source_timestamp_column"",
              ""label"":""Source timestamp column"",
              ""control"":""column_select"",
              ""required"":true
            },
            {
              ""name"":""ingestion_timestamp_column"",
              ""label"":""Ingestion timestamp column"",
              ""control"":""column_select"",
              ""required"":true
            },
            {
              ""name"":""time_unit"",
              ""label"":""Time unit"",
              ""control"":""select"",
              ""options"":[""SECOND"",""MINUTE"",""HOUR"",""DAY""],
              ""required"":true
            }
          ]
        }","
SELECT
    CAST(
        MAX(
            TIMESTAMPDIFF(
                {time_unit},
                {source_timestamp_column},
                {ingestion_timestamp_column}
            )
        )
        AS DOUBLE
    ) AS metric_value,

    0 AS passed_count,
    0 AS failed_count,
    COUNT(*) AS total_count,
    COUNT(*) AS applicable_count
FROM {table}
WHERE {source_timestamp_column} IS NOT NULL
  AND {ingestion_timestamp_column} IS NOT NULL
",null,null,null,null,null,01_TXN_transaction_status,source/TXN_PROCESSING/TRANSACTION_LIFECYCLE_STATUS/01_txn_transaction_status,TXN_PROCESSING,TRANSACTION_LIFECYCLE_STATUS
97,26,T05,1,TABLE,null,null,null,2.000000,<=,null,null,Late-record %,PARAMETERIZED,Percentage of records arriving later than configured expectation.,TABLE / COLUMN,2.000000,ALL,DATE_TIME,"{
  ""parameters"": [
    {
      ""name"": ""arrival_timestamp_column"",
      ""label"": ""Arrival timestamp column"",
      ""control"": ""column_select"",
      ""required"": true
    },
    {
      ""name"": ""expected_arrival"",
      ""label"": ""Expected arrival"",
      ""control"": ""datetime"",
      ""required"": true
    }
  ]
}","
SELECT
    100.0 * COUNT_IF(
        {arrival_timestamp_column} > {expected_arrival}
    ) / NULLIF(COUNT(*), 0) AS metric_value,
    COUNT_IF(
        {arrival_timestamp_column} <= {expected_arrival}
    ) AS passed_count,
    COUNT_IF(
        {arrival_timestamp_column} > {expected_arrival}
    ) AS failed_count,
    COUNT(*) AS total_count,
    COUNT(*) AS applicable_count
FROM {table}
WHERE {arrival_timestamp_column} IS NOT NULL
",null,null,null,null,null,01_TXN_transaction_status,source/TXN_PROCESSING/TRANSACTION_LIFECYCLE_STATUS/01_txn_transaction_status,TXN_PROCESSING,TRANSACTION_LIFECYCLE_STATUS
98,26,T06,1,TABLE,null,null,null,99.000000,>=,null,null,Expected-arrival coverage %,PARAMETERIZED,Percentage of expected arrivals actually received.,TABLE,99.000000,ALL,ANY,"
{
  ""parameters"": [
    {
      ""name"": ""arrival_condition"",
      ""label"": ""Arrival condition"",
      ""control"": ""expression"",
      ""required"": true
    },
    {
      ""name"": ""expected_arrival_count"",
      ""label"": ""Expected arrival count"",
      ""control"": ""number"",
      ""required"": true
    }
  ]
}
","
SELECT
    100.0 * COUNT_IF({arrival_condition})
        / NULLIF({expected_arrival_count}, 0) AS metric_value,
    COUNT_IF({arrival_condition}) AS passed_count,
    COUNT_IF(NOT ({arrival_condition})) AS failed_count,
    {expected_arrival_count} AS total_count,
    {expected_arrival_count} AS applicable_count
FROM {table}
",null,null,null,null,null,01_TXN_transaction_status,source/TXN_PROCESSING/TRANSACTION_LIFECYCLE_STATUS/01_txn_transaction_status,TXN_PROCESSING,TRANSACTION_LIFECYCLE_STATUS
100,26,U04,1,TABLE,null,null,null,100.000000,>=,null,null,Primary-key compliance %,PARAMETERIZED,Percentage of records having a non-null unique primary key.,TABLE,100.000000,ALL,ANY,"{
          ""parameters"":[
            {
              ""name"":""primary_key_column"",
              ""label"":""Primary key column"",
              ""control"":""column_select"",
              ""required"":true
            }
          ]
        }","
WITH key_stats AS (
    SELECT
        COUNT(*) AS total_count,
        COUNT({primary_key_column}) AS non_null_count,
        COUNT(DISTINCT {primary_key_column}) AS distinct_count
    FROM {table}
)
SELECT
    100.0 *
    CASE
        WHEN total_count = 0 THEN 100.0
        WHEN non_null_count = total_count
             AND distinct_count = total_count
        THEN 100.0
        ELSE 0.0
    END AS metric_value,

    CASE
        WHEN non_null_count = total_count
             AND distinct_count = total_count
        THEN total_count
        ELSE 0
    END AS passed_count,

    CASE
        WHEN non_null_count = total_count
             AND distinct_count = total_count
        THEN 0
        ELSE total_count
    END AS failed_count,

    total_count,
    total_count AS applicable_count
FROM key_stats
",null,null,null,null,null,01_TXN_transaction_status,source/TXN_PROCESSING/TRANSACTION_LIFECYCLE_STATUS/01_txn_transaction_status,TXN_PROCESSING,TRANSACTION_LIFECYCLE_STATUS
101,26,U05,1,TABLE,null,null,null,100.000000,>=,null,null,Composite-key uniqueness %,PARAMETERIZED,Percentage of applicable records with unique configured composite key.,TABLE,100.000000,ALL,ANY,"{
          ""parameters"":[
            {
              ""name"":""composite_key_columns"",
              ""label"":""Composite key columns"",
              ""control"":""column_multi_select"",
              ""required"":true
            }
          ]
        }","
SELECT
    100.0 * COUNT_IF(unique_key_flag = 1)
        / NULLIF(COUNT(*), 0) AS metric_value,
    COUNT_IF(unique_key_flag = 1) AS passed_count,
    COUNT_IF(unique_key_flag = 0) AS failed_count,
    COUNT(*) AS total_count,
    COUNT(*) AS applicable_count
FROM (
    SELECT
        {composite_key_columns},
        CASE
            WHEN COUNT(*) OVER (
                PARTITION BY {composite_key_columns}
            ) = 1 THEN 1
            ELSE 0
        END AS unique_key_flag
    FROM {table}
) keyed_rows
",null,null,null,null,null,01_TXN_transaction_status,source/TXN_PROCESSING/TRANSACTION_LIFECYCLE_STATUS/01_txn_transaction_status,TXN_PROCESSING,TRANSACTION_LIFECYCLE_STATUS
63,27,C05,1,TABLE,null,null,null,95.000000,>=,null,null,Record completeness %,PARAMETERIZED,Average completeness across configured required fields.,TABLE,95.000000,ALL,ANY,"{
          ""parameters"":[
            {
              ""name"":""required_columns"",
              ""label"":""Required columns"",
              ""control"":""column_multi_select"",
              ""required"":true
            }
          ]
        }","
SELECT
    100.0 * COUNT_IF({required_columns_condition})
        / NULLIF(COUNT(*), 0) AS metric_value,
    COUNT_IF({required_columns_condition}) AS passed_count,
    COUNT_IF(NOT ({required_columns_condition})) AS failed_count,
    COUNT(*) AS total_count,
    COUNT(*) AS applicable_count
FROM {table}
",null,null,null,null,null,01_TXN_transaction_reversal,source/TXN_PROCESSING/TRANSACTION_LIFECYCLE_STATUS/01_txn_transaction_reversal,TXN_PROCESSING,TRANSACTION_LIFECYCLE_STATUS
64,27,C07,1,TABLE,null,null,null,95.000000,>=,null,null,Selected-column completeness %,PARAMETERIZED,Percentage of records where all configured selected columns are populated.,TABLE,95.000000,ALL,ANY,"{
          ""parameters"":[
            {
              ""name"":""selected_columns"",
              ""label"":""Selected columns"",
              ""control"":""column_multi_select"",
              ""required"":true
            }
          ]
        }","
SELECT
    100.0 * COUNT_IF({selected_columns_condition})
        / NULLIF(COUNT(*), 0) AS metric_value,
    COUNT_IF({selected_columns_condition}) AS passed_count,
    COUNT_IF(NOT ({selected_columns_condition})) AS failed_count,
    COUNT(*) AS total_count,
    COUNT(*) AS applicable_count
FROM {table}
",null,null,null,null,null,01_TXN_transaction_reversal,source/TXN_PROCESSING/TRANSACTION_LIFECYCLE_STATUS/01_txn_transaction_reversal,TXN_PROCESSING,TRANSACTION_LIFECYCLE_STATUS
65,27,I04,1,TABLE,null,null,null,0.000000,<=,null,null,Primary-key null %,PARAMETERIZED,Percentage of records where the configured primary key is NULL.,TABLE,0.000000,ALL,ID,"{
          ""parameters"":[
            {
              ""name"":""primary_key_column"",
              ""label"":""Primary key column"",
              ""control"":""column_select"",
              ""required"":true
            }
          ]
        }","
SELECT
    100.0 * COUNT_IF(
        {primary_key_column} IS NULL
    ) / NULLIF(COUNT(*), 0) AS metric_value,
    COUNT_IF(
        {primary_key_column} IS NOT NULL
    ) AS passed_count,
    COUNT_IF(
        {primary_key_column} IS NULL
    ) AS failed_count,
    COUNT(*) AS total_count,
    COUNT(*) AS applicable_count
FROM {table}
",null,null,null,null,null,01_TXN_transaction_reversal,source/TXN_PROCESSING/TRANSACTION_LIFECYCLE_STATUS/01_txn_transaction_reversal,TXN_PROCESSING,TRANSACTION_LIFECYCLE_STATUS
110,27,K03,1,COLUMN,245,null,null,98.000000,>=,null,null,Standardization compliance %,PARAMETERIZED,Percentage of values matching configured canonical representation.,COLUMN,98.000000,STRING,CODE/ID/STATUS,"
{
  ""parameters"": [
    {
      ""name"": ""standardization_type"",
      ""label"": ""Standardization type"",
      ""control"": ""select"",
      ""required"": true,
      ""options"": [
        ""TRIM"",
        ""UPPERCASE"",
        ""LOWERCASE""
      ]
    }
  ]
}
","
SELECT
    100.0 * COUNT_IF(
        CASE
            WHEN {standardization_type} = TRIM
                THEN CAST({column} AS STRING) = TRIM(CAST({column} AS STRING))
            WHEN {standardization_type} = UPPERCASE
                THEN CAST({column} AS STRING) = UPPER(CAST({column} AS STRING))
            WHEN {standardization_type} = LOWERCASE
                THEN CAST({column} AS STRING) = LOWER(CAST({column} AS STRING))
            ELSE FALSE
        END
    ) / NULLIF(COUNT({column}), 0) AS metric_value,

    COUNT_IF(
        CASE
            WHEN {standardization_type} = TRIM
                THEN CAST({column} AS STRING) = TRIM(CAST({column} AS STRING))
            WHEN {standardization_type} = UPPERCASE
                THEN CAST({column} AS STRING) = UPPER(CAST({column} AS STRING))
            WHEN {standardization_type} = LOWERCASE
                THEN CAST({column} AS STRING) = LOWER(CAST({column} AS STRING))
            ELSE FALSE
        END
    ) AS passed_count,

    COUNT_IF(
        NOT (
            CASE
                WHEN {standardization_type} = TRIM
                    THEN CAST({column} AS STRING) = TRIM(CAST({column} AS STRING))
                WHEN {standardization_type} = UPPERCASE
                    THEN CAST({column} AS STRING) = UPPER(CAST({column} AS STRING))
                WHEN {standardization_type} = LOWERCASE
                    THEN CAST({column} AS STRING) = LOWER(CAST({column} AS STRING))
                ELSE FALSE
            END
        )
    ) AS failed_count,

    COUNT({column}) AS total_count,
    COUNT({column}) AS applicable_count
FROM {table}
WHERE {column} IS NOT NULL
",null,null,null,null,null,01_TXN_transaction_reversal,source/TXN_PROCESSING/TRANSACTION_LIFECYCLE_STATUS/01_txn_transaction_reversal,TXN_PROCESSING,TRANSACTION_LIFECYCLE_STATUS
132,27,K03,1,COLUMN,243,null,null,98.000000,>=,null,null,Standardization compliance %,PARAMETERIZED,Percentage of values matching configured canonical representation.,COLUMN,98.000000,STRING,CODE/ID/STATUS,"
{
  ""parameters"": [
    {
      ""name"": ""standardization_type"",
      ""label"": ""Standardization type"",
      ""control"": ""select"",
      ""required"": true,
      ""options"": [
        ""TRIM"",
        ""UPPERCASE"",
        ""LOWERCASE""
      ]
    }
  ]
}
","
SELECT
    100.0 * COUNT_IF(
        CASE
            WHEN {standardization_type} = TRIM
                THEN CAST({column} AS STRING) = TRIM(CAST({column} AS STRING))
            WHEN {standardization_type} = UPPERCASE
                THEN CAST({column} AS STRING) = UPPER(CAST({column} AS STRING))
            WHEN {standardization_type} = LOWERCASE
                THEN CAST({column} AS STRING) = LOWER(CAST({column} AS STRING))
            ELSE FALSE
        END
    ) / NULLIF(COUNT({column}), 0) AS metric_value,

    COUNT_IF(
        CASE
            WHEN {standardization_type} = TRIM
                THEN CAST({column} AS STRING) = TRIM(CAST({column} AS STRING))
            WHEN {standardization_type} = UPPERCASE
                THEN CAST({column} AS STRING) = UPPER(CAST({column} AS STRING))
            WHEN {standardization_type} = LOWERCASE
                THEN CAST({column} AS STRING) = LOWER(CAST({column} AS STRING))
            ELSE FALSE
        END
    ) AS passed_count,

    COUNT_IF(
        NOT (
            CASE
                WHEN {standardization_type} = TRIM
                    THEN CAST({column} AS STRING) = TRIM(CAST({column} AS STRING))
                WHEN {standardization_type} = UPPERCASE
                    THEN CAST({column} AS STRING) = UPPER(CAST({column} AS STRING))
                WHEN {standardization_type} = LOWERCASE
                    THEN CAST({column} AS STRING) = LOWER(CAST({column} AS STRING))
                ELSE FALSE
            END
        )
    ) AS failed_count,

    COUNT({column}) AS total_count,
    COUNT({column}) AS applicable_count
FROM {table}
WHERE {column} IS NOT NULL
",null,null,null,null,null,01_TXN_transaction_reversal,source/TXN_PROCESSING/TRANSACTION_LIFECYCLE_STATUS/01_txn_transaction_reversal,TXN_PROCESSING,TRANSACTION_LIFECYCLE_STATUS
69,27,P13,1,TABLE,null,null,null,null,null,null,null,Volume variance %,PARAMETERIZED,Percentage variance between current and baseline row volume.,TABLE,null,ALL,ANY,"{
          ""parameters"":[
            {
              ""name"":""baseline_row_count"",
              ""label"":""Baseline row count"",
              ""control"":""number"",
              ""min"":0,
              ""required"":true
            }
          ]
        }","
SELECT
    100.0 * ABS(
        COUNT(*) - {baseline_row_count}
    ) / NULLIF({baseline_row_count}, 0) AS metric_value,
    1 AS passed_count,
    0 AS failed_count,
    1 AS total_count,
    1 AS applicable_count
FROM {table}
",null,null,null,null,null,01_TXN_transaction_reversal,source/TXN_PROCESSING/TRANSACTION_LIFECYCLE_STATUS/01_txn_transaction_reversal,TXN_PROCESSING,TRANSACTION_LIFECYCLE_STATUS
70,27,P14,1,TABLE,null,null,null,99.000000,>=,null,null,Schema compliance %,PARAMETERIZED,Percentage of expected schema columns matching actual name and type.,TABLE,99.000000,ALL,ANY,"{
          ""parameters"":[
            {
              ""name"":""expected_schema"",
              ""label"":""Expected schema"",
              ""control"":""schema_definition"",
              ""required"":true
            }
          ]
        }","
SELECT
    {schema_compliance_expression} AS metric_value,
    {schema_passed_expression} AS passed_count,
    {schema_failed_expression} AS failed_count,
    {expected_column_count} AS total_count,
    {expected_column_count} AS applicable_count
FROM {table}
",null,null,null,null,null,01_TXN_transaction_reversal,source/TXN_PROCESSING/TRANSACTION_LIFECYCLE_STATUS/01_txn_transaction_reversal,TXN_PROCESSING,TRANSACTION_LIFECYCLE_STATUS
71,27,T01,1,TABLE,null,null,null,98.000000,>=,null,null,SLA compliance %,PARAMETERIZED,Percentage of records meeting configured SLA.,TABLE / COLUMN,98.000000,ALL,DATE_TIME,"{
          ""parameters"":[
            {
              ""name"":""sla_condition"",
              ""label"":""SLA condition"",
              ""control"":""expression"",
              ""required"":true
            }
          ]
        }","
SELECT
    100.0 * COUNT_IF({sla_condition})
        / NULLIF(COUNT(*), 0) AS metric_value,
    COUNT_IF({sla_condition}) AS passed_count,
    COUNT_IF(NOT ({sla_condition})) AS failed_count,
    COUNT(*) AS total_count,
    COUNT(*) AS applicable_count
FROM {table}
",null,null,null,null,null,01_TXN_transaction_reversal,source/TXN_PROCESSING/TRANSACTION_LIFECYCLE_STATUS/01_txn_transaction_reversal,TXN_PROCESSING,TRANSACTION_LIFECYCLE_STATUS
72,27,T02,1,TABLE,null,null,null,null,<=,null,null,Freshness age,PARAMETERIZED,Age of the most recent data timestamp.,TABLE / COLUMN,null,DATE/TIMESTAMP,DATE_TIME,"{
          ""parameters"":[
            {
              ""name"":""time_unit"",
              ""label"":""Time unit"",
              ""control"":""select"",
              ""options"":[""MINUTE"",""HOUR"",""DAY""],
              ""required"":true
            }
          ]
        }","
SELECT
    CAST(
        TIMESTAMPDIFF(
            {time_unit},
            MAX({column}),
            CURRENT_TIMESTAMP()
        )
        AS DOUBLE
    ) AS metric_value,

    0 AS passed_count,
    0 AS failed_count,
    COUNT(*) AS total_count,
    COUNT({column}) AS applicable_count
FROM {table}
",null,null,null,null,null,01_TXN_transaction_reversal,source/TXN_PROCESSING/TRANSACTION_LIFECYCLE_STATUS/01_txn_transaction_reversal,TXN_PROCESSING,TRANSACTION_LIFECYCLE_STATUS
73,27,T03,1,TABLE,null,null,null,null,<=,null,null,Average latency,PARAMETERIZED,Average difference between source and ingestion timestamps.,TABLE / COLUMN,null,DATE/TIMESTAMP,DATE_TIME,"{
          ""parameters"":[
            {
              ""name"":""source_timestamp_column"",
              ""label"":""Source timestamp column"",
              ""control"":""column_select"",
              ""required"":true
            },
            {
              ""name"":""ingestion_timestamp_column"",
              ""label"":""Ingestion timestamp column"",
              ""control"":""column_select"",
              ""required"":true
            },
            {
              ""name"":""time_unit"",
              ""label"":""Time unit"",
              ""control"":""select"",
              ""options"":[""SECOND"",""MINUTE"",""HOUR"",""DAY""],
              ""required"":true
            }
          ]
        }","
SELECT
    CAST(
        AVG(
            TIMESTAMPDIFF(
                {time_unit},
                {source_timestamp_column},
                {ingestion_timestamp_column}
            )
        )
        AS DOUBLE
    ) AS metric_value,

    0 AS passed_count,
    0 AS failed_count,
    COUNT(*) AS total_count,
    COUNT(*) AS applicable_count
FROM {table}
WHERE {source_timestamp_column} IS NOT NULL
  AND {ingestion_timestamp_column} IS NOT NULL
",null,null,null,null,null,01_TXN_transaction_reversal,source/TXN_PROCESSING/TRANSACTION_LIFECYCLE_STATUS/01_txn_transaction_reversal,TXN_PROCESSING,TRANSACTION_LIFECYCLE_STATUS
74,27,T04,1,TABLE,null,null,null,null,<=,null,null,Maximum latency,PARAMETERIZED,Maximum difference between source and ingestion timestamps.,TABLE / COLUMN,null,DATE/TIMESTAMP,DATE_TIME,"{
          ""parameters"":[
            {
              ""name"":""source_timestamp_column"",
              ""label"":""Source timestamp column"",
              ""control"":""column_select"",
              ""required"":true
            },
            {
              ""name"":""ingestion_timestamp_column"",
              ""label"":""Ingestion timestamp column"",
              ""control"":""column_select"",
              ""required"":true
            },
            {
              ""name"":""time_unit"",
              ""label"":""Time unit"",
              ""control"":""select"",
              ""options"":[""SECOND"",""MINUTE"",""HOUR"",""DAY""],
              ""required"":true
            }
          ]
        }","
SELECT
    CAST(
        MAX(
            TIMESTAMPDIFF(
                {time_unit},
                {source_timestamp_column},
                {ingestion_timestamp_column}
            )
        )
        AS DOUBLE
    ) AS metric_value,

    0 AS passed_count,
    0 AS failed_count,
    COUNT(*) AS total_count,
    COUNT(*) AS applicable_count
FROM {table}
WHERE {source_timestamp_column} IS NOT NULL
  AND {ingestion_timestamp_column} IS NOT NULL
",null,null,null,null,null,01_TXN_transaction_reversal,source/TXN_PROCESSING/TRANSACTION_LIFECYCLE_STATUS/01_txn_transaction_reversal,TXN_PROCESSING,TRANSACTION_LIFECYCLE_STATUS
75,27,T05,1,TABLE,null,null,null,2.000000,<=,null,null,Late-record %,PARAMETERIZED,Percentage of records arriving later than configured expectation.,TABLE / COLUMN,2.000000,ALL,DATE_TIME,"{
  ""parameters"": [
    {
      ""name"": ""arrival_timestamp_column"",
      ""label"": ""Arrival timestamp column"",
      ""control"": ""column_select"",
      ""required"": true
    },
    {
      ""name"": ""expected_arrival"",
      ""label"": ""Expected arrival"",
      ""control"": ""datetime"",
      ""required"": true
    }
  ]
}","
SELECT
    100.0 * COUNT_IF(
        {arrival_timestamp_column} > {expected_arrival}
    ) / NULLIF(COUNT(*), 0) AS metric_value,
    COUNT_IF(
        {arrival_timestamp_column} <= {expected_arrival}
    ) AS passed_count,
    COUNT_IF(
        {arrival_timestamp_column} > {expected_arrival}
    ) AS failed_count,
    COUNT(*) AS total_count,
    COUNT(*) AS applicable_count
FROM {table}
WHERE {arrival_timestamp_column} IS NOT NULL
",null,null,null,null,null,01_TXN_transaction_reversal,source/TXN_PROCESSING/TRANSACTION_LIFECYCLE_STATUS/01_txn_transaction_reversal,TXN_PROCESSING,TRANSACTION_LIFECYCLE_STATUS
76,27,T06,1,TABLE,null,null,null,99.000000,>=,null,null,Expected-arrival coverage %,PARAMETERIZED,Percentage of expected arrivals actually received.,TABLE,99.000000,ALL,ANY,"
{
  ""parameters"": [
    {
      ""name"": ""arrival_condition"",
      ""label"": ""Arrival condition"",
      ""control"": ""expression"",
      ""required"": true
    },
    {
      ""name"": ""expected_arrival_count"",
      ""label"": ""Expected arrival count"",
      ""control"": ""number"",
      ""required"": true
    }
  ]
}
","
SELECT
    100.0 * COUNT_IF({arrival_condition})
        / NULLIF({expected_arrival_count}, 0) AS metric_value,
    COUNT_IF({arrival_condition}) AS passed_count,
    COUNT_IF(NOT ({arrival_condition})) AS failed_count,
    {expected_arrival_count} AS total_count,
    {expected_arrival_count} AS applicable_count
FROM {table}
",null,null,null,null,null,01_TXN_transaction_reversal,source/TXN_PROCESSING/TRANSACTION_LIFECYCLE_STATUS/01_txn_transaction_reversal,TXN_PROCESSING,TRANSACTION_LIFECYCLE_STATUS
78,27,U04,1,TABLE,null,null,null,100.000000,>=,null,null,Primary-key compliance %,PARAMETERIZED,Percentage of records having a non-null unique primary key.,TABLE,100.000000,ALL,ANY,"{
          ""parameters"":[
            {
              ""name"":""primary_key_column"",
              ""label"":""Primary key column"",
              ""control"":""column_select"",
              ""required"":true
            }
          ]
        }","
WITH key_stats AS (
    SELECT
        COUNT(*) AS total_count,
        COUNT({primary_key_column}) AS non_null_count,
        COUNT(DISTINCT {primary_key_column}) AS distinct_count
    FROM {table}
)
SELECT
    100.0 *
    CASE
        WHEN total_count = 0 THEN 100.0
        WHEN non_null_count = total_count
             AND distinct_count = total_count
        THEN 100.0
        ELSE 0.0
    END AS metric_value,

    CASE
        WHEN non_null_count = total_count
             AND distinct_count = total_count
        THEN total_count
        ELSE 0
    END AS passed_count,

    CASE
        WHEN non_null_count = total_count
             AND distinct_count = total_count
        THEN 0
        ELSE total_count
    END AS failed_count,

    total_count,
    total_count AS applicable_count
FROM key_stats
",null,null,null,null,null,01_TXN_transaction_reversal,source/TXN_PROCESSING/TRANSACTION_LIFECYCLE_STATUS/01_txn_transaction_reversal,TXN_PROCESSING,TRANSACTION_LIFECYCLE_STATUS
79,27,U05,1,TABLE,null,null,null,100.000000,>=,null,null,Composite-key uniqueness %,PARAMETERIZED,Percentage of applicable records with unique configured composite key.,TABLE,100.000000,ALL,ANY,"{
          ""parameters"":[
            {
              ""name"":""composite_key_columns"",
              ""label"":""Composite key columns"",
              ""control"":""column_multi_select"",
              ""required"":true
            }
          ]
        }","
SELECT
    100.0 * COUNT_IF(unique_key_flag = 1)
        / NULLIF(COUNT(*), 0) AS metric_value,
    COUNT_IF(unique_key_flag = 1) AS passed_count,
    COUNT_IF(unique_key_flag = 0) AS failed_count,
    COUNT(*) AS total_count,
    COUNT(*) AS applicable_count
FROM (
    SELECT
        {composite_key_columns},
        CASE
            WHEN COUNT(*) OVER (
                PARTITION BY {composite_key_columns}
            ) = 1 THEN 1
            ELSE 0
        END AS unique_key_flag
    FROM {table}
) keyed_rows
",null,null,null,null,null,01_TXN_transaction_reversal,source/TXN_PROCESSING/TRANSACTION_LIFECYCLE_STATUS/01_txn_transaction_reversal,TXN_PROCESSING,TRANSACTION_LIFECYCLE_STATUS
10,28,C05,1,TABLE,null,null,null,95.000000,>=,null,null,Record completeness %,PARAMETERIZED,Average completeness across configured required fields.,TABLE,95.000000,ALL,ANY,"{
          ""parameters"":[
            {
              ""name"":""required_columns"",
              ""label"":""Required columns"",
              ""control"":""column_multi_select"",
              ""required"":true
            }
          ]
        }","
SELECT
    100.0 * COUNT_IF({required_columns_condition})
        / NULLIF(COUNT(*), 0) AS metric_value,
    COUNT_IF({required_columns_condition}) AS passed_count,
    COUNT_IF(NOT ({required_columns_condition})) AS failed_count,
    COUNT(*) AS total_count,
    COUNT(*) AS applicable_count
FROM {table}
",null,null,null,null,null,01_TXN_transaction_lifecycle,source/TXN_PROCESSING/TRANSACTION_LIFECYCLE_STATUS/01_txn_transaction_lifecycle,TXN_PROCESSING,TRANSACTION_LIFECYCLE_STATUS
12,28,C07,1,TABLE,null,null,null,95.000000,>=,null,null,Selected-column completeness %,PARAMETERIZED,Percentage of records where all configured selected columns are populated.,TABLE,95.000000,ALL,ANY,"{
          ""parameters"":[
            {
              ""name"":""selected_columns"",
              ""label"":""Selected columns"",
              ""control"":""column_multi_select"",
              ""required"":true
            }
          ]
        }","
SELECT
    100.0 * COUNT_IF({selected_columns_condition})
        / NULLIF(COUNT(*), 0) AS metric_value,
    COUNT_IF({selected_columns_condition}) AS passed_count,
    COUNT_IF(NOT ({selected_columns_condition})) AS failed_count,
    COUNT(*) AS total_count,
    COUNT(*) AS applicable_count
FROM {table}
",null,null,null,null,null,01_TXN_transaction_lifecycle,source/TXN_PROCESSING/TRANSACTION_LIFECYCLE_STATUS/01_txn_transaction_lifecycle,TXN_PROCESSING,TRANSACTION_LIFECYCLE_STATUS
13,28,I04,1,TABLE,null,null,null,0.000000,<=,null,null,Primary-key null %,PARAMETERIZED,Percentage of records where the configured primary key is NULL.,TABLE,0.000000,ALL,ID,"{
          ""parameters"":[
            {
              ""name"":""primary_key_column"",
              ""label"":""Primary key column"",
              ""control"":""column_select"",
              ""required"":true
            }
          ]
        }","
SELECT
    100.0 * COUNT_IF(
        {primary_key_column} IS NULL
    ) / NULLIF(COUNT(*), 0) AS metric_value,
    COUNT_IF(
        {primary_key_column} IS NOT NULL
    ) AS passed_count,
    COUNT_IF(
        {primary_key_column} IS NULL
    ) AS failed_count,
    COUNT(*) AS total_count,
    COUNT(*) AS applicable_count
FROM {table}
",null,null,null,null,null,01_TXN_transaction_lifecycle,source/TXN_PROCESSING/TRANSACTION_LIFECYCLE_STATUS/01_txn_transaction_lifecycle,TXN_PROCESSING,TRANSACTION_LIFECYCLE_STATUS
66,28,K03,1,COLUMN,253,null,null,98.000000,>=,null,null,Standardization compliance %,PARAMETERIZED,Percentage of values matching configured canonical representation.,COLUMN,98.000000,STRING,CODE/ID/STATUS,"
{
  ""parameters"": [
    {
      ""name"": ""standardization_type"",
      ""label"": ""Standardization type"",
      ""control"": ""select"",
      ""required"": true,
      ""options"": [
        ""TRIM"",
        ""UPPERCASE"",
        ""LOWERCASE""
      ]
    }
  ]
}
","
SELECT
    100.0 * COUNT_IF(
        CASE
            WHEN {standardization_type} = TRIM
                THEN CAST({column} AS STRING) = TRIM(CAST({column} AS STRING))
            WHEN {standardization_type} = UPPERCASE
                THEN CAST({column} AS STRING) = UPPER(CAST({column} AS STRING))
            WHEN {standardization_type} = LOWERCASE
                THEN CAST({column} AS STRING) = LOWER(CAST({column} AS STRING))
            ELSE FALSE
        END
    ) / NULLIF(COUNT({column}), 0) AS metric_value,

    COUNT_IF(
        CASE
            WHEN {standardization_type} = TRIM
                THEN CAST({column} AS STRING) = TRIM(CAST({column} AS STRING))
            WHEN {standardization_type} = UPPERCASE
                THEN CAST({column} AS STRING) = UPPER(CAST({column} AS STRING))
            WHEN {standardization_type} = LOWERCASE
                THEN CAST({column} AS STRING) = LOWER(CAST({column} AS STRING))
            ELSE FALSE
        END
    ) AS passed_count,

    COUNT_IF(
        NOT (
            CASE
                WHEN {standardization_type} = TRIM
                    THEN CAST({column} AS STRING) = TRIM(CAST({column} AS STRING))
                WHEN {standardization_type} = UPPERCASE
                    THEN CAST({column} AS STRING) = UPPER(CAST({column} AS STRING))
                WHEN {standardization_type} = LOWERCASE
                    THEN CAST({column} AS STRING) = LOWER(CAST({column} AS STRING))
                ELSE FALSE
            END
        )
    ) AS failed_count,

    COUNT({column}) AS total_count,
    COUNT({column}) AS applicable_count
FROM {table}
WHERE {column} IS NOT NULL
",null,null,null,null,null,01_TXN_transaction_lifecycle,source/TXN_PROCESSING/TRANSACTION_LIFECYCLE_STATUS/01_txn_transaction_lifecycle,TXN_PROCESSING,TRANSACTION_LIFECYCLE_STATUS
88,28,K03,1,COLUMN,251,null,null,98.000000,>=,null,null,Standardization compliance %,PARAMETERIZED,Percentage of values matching configured canonical representation.,COLUMN,98.000000,STRING,CODE/ID/STATUS,"
{
  ""parameters"": [
    {
      ""name"": ""standardization_type"",
      ""label"": ""Standardization type"",
      ""control"": ""select"",
      ""required"": true,
      ""options"": [
        ""TRIM"",
        ""UPPERCASE"",
        ""LOWERCASE""
      ]
    }
  ]
}
","
SELECT
    100.0 * COUNT_IF(
        CASE
            WHEN {standardization_type} = TRIM
                THEN CAST({column} AS STRING) = TRIM(CAST({column} AS STRING))
            WHEN {standardization_type} = UPPERCASE
                THEN CAST({column} AS STRING) = UPPER(CAST({column} AS STRING))
            WHEN {standardization_type} = LOWERCASE
                THEN CAST({column} AS STRING) = LOWER(CAST({column} AS STRING))
            ELSE FALSE
        END
    ) / NULLIF(COUNT({column}), 0) AS metric_value,

    COUNT_IF(
        CASE
            WHEN {standardization_type} = TRIM
                THEN CAST({column} AS STRING) = TRIM(CAST({column} AS STRING))
            WHEN {standardization_type} = UPPERCASE
                THEN CAST({column} AS STRING) = UPPER(CAST({column} AS STRING))
            WHEN {standardization_type} = LOWERCASE
                THEN CAST({column} AS STRING) = LOWER(CAST({column} AS STRING))
            ELSE FALSE
        END
    ) AS passed_count,

    COUNT_IF(
        NOT (
            CASE
                WHEN {standardization_type} = TRIM
                    THEN CAST({column} AS STRING) = TRIM(CAST({column} AS STRING))
                WHEN {standardization_type} = UPPERCASE
                    THEN CAST({column} AS STRING) = UPPER(CAST({column} AS STRING))
                WHEN {standardization_type} = LOWERCASE
                    THEN CAST({column} AS STRING) = LOWER(CAST({column} AS STRING))
                ELSE FALSE
            END
        )
    ) AS failed_count,

    COUNT({column}) AS total_count,
    COUNT({column}) AS applicable_count
FROM {table}
WHERE {column} IS NOT NULL
",null,null,null,null,null,01_TXN_transaction_lifecycle,source/TXN_PROCESSING/TRANSACTION_LIFECYCLE_STATUS/01_txn_transaction_lifecycle,TXN_PROCESSING,TRANSACTION_LIFECYCLE_STATUS
31,28,P13,1,TABLE,null,null,null,null,null,null,null,Volume variance %,PARAMETERIZED,Percentage variance between current and baseline row volume.,TABLE,null,ALL,ANY,"{
          ""parameters"":[
            {
              ""name"":""baseline_row_count"",
              ""label"":""Baseline row count"",
              ""control"":""number"",
              ""min"":0,
              ""required"":true
            }
          ]
        }","
SELECT
    100.0 * ABS(
        COUNT(*) - {baseline_row_count}
    ) / NULLIF({baseline_row_count}, 0) AS metric_value,
    1 AS passed_count,
    0 AS failed_count,
    1 AS total_count,
    1 AS applicable_count
FROM {table}
",null,null,null,null,null,01_TXN_transaction_lifecycle,source/TXN_PROCESSING/TRANSACTION_LIFECYCLE_STATUS/01_txn_transaction_lifecycle,TXN_PROCESSING,TRANSACTION_LIFECYCLE_STATUS
32,28,P14,1,TABLE,null,null,null,99.000000,>=,null,null,Schema compliance %,PARAMETERIZED,Percentage of expected schema columns matching actual name and type.,TABLE,99.000000,ALL,ANY,"{
          ""parameters"":[
            {
              ""name"":""expected_schema"",
              ""label"":""Expected schema"",
              ""control"":""schema_definition"",
              ""required"":true
            }
          ]
        }","
SELECT
    {schema_compliance_expression} AS metric_value,
    {schema_passed_expression} AS passed_count,
    {schema_failed_expression} AS failed_count,
    {expected_column_count} AS total_count,
    {expected_column_count} AS applicable_count
FROM {table}
",null,null,null,null,null,01_TXN_transaction_lifecycle,source/TXN_PROCESSING/TRANSACTION_LIFECYCLE_STATUS/01_txn_transaction_lifecycle,TXN_PROCESSING,TRANSACTION_LIFECYCLE_STATUS
33,28,T01,1,TABLE,null,null,null,98.000000,>=,null,null,SLA compliance %,PARAMETERIZED,Percentage of records meeting configured SLA.,TABLE / COLUMN,98.000000,ALL,DATE_TIME,"{
          ""parameters"":[
            {
              ""name"":""sla_condition"",
              ""label"":""SLA condition"",
              ""control"":""expression"",
              ""required"":true
            }
          ]
        }","
SELECT
    100.0 * COUNT_IF({sla_condition})
        / NULLIF(COUNT(*), 0) AS metric_value,
    COUNT_IF({sla_condition}) AS passed_count,
    COUNT_IF(NOT ({sla_condition})) AS failed_count,
    COUNT(*) AS total_count,
    COUNT(*) AS applicable_count
FROM {table}
",null,null,null,null,null,01_TXN_transaction_lifecycle,source/TXN_PROCESSING/TRANSACTION_LIFECYCLE_STATUS/01_txn_transaction_lifecycle,TXN_PROCESSING,TRANSACTION_LIFECYCLE_STATUS
34,28,T02,1,TABLE,null,null,null,null,<=,null,null,Freshness age,PARAMETERIZED,Age of the most recent data timestamp.,TABLE / COLUMN,null,DATE/TIMESTAMP,DATE_TIME,"{
          ""parameters"":[
            {
              ""name"":""time_unit"",
              ""label"":""Time unit"",
              ""control"":""select"",
              ""options"":[""MINUTE"",""HOUR"",""DAY""],
              ""required"":true
            }
          ]
        }","
SELECT
    CAST(
        TIMESTAMPDIFF(
            {time_unit},
            MAX({column}),
            CURRENT_TIMESTAMP()
        )
        AS DOUBLE
    ) AS metric_value,

    0 AS passed_count,
    0 AS failed_count,
    COUNT(*) AS total_count,
    COUNT({column}) AS applicable_count
FROM {table}
",null,null,null,null,null,01_TXN_transaction_lifecycle,source/TXN_PROCESSING/TRANSACTION_LIFECYCLE_STATUS/01_txn_transaction_lifecycle,TXN_PROCESSING,TRANSACTION_LIFECYCLE_STATUS
35,28,T03,1,TABLE,null,null,null,null,<=,null,null,Average latency,PARAMETERIZED,Average difference between source and ingestion timestamps.,TABLE / COLUMN,null,DATE/TIMESTAMP,DATE_TIME,"{
          ""parameters"":[
            {
              ""name"":""source_timestamp_column"",
              ""label"":""Source timestamp column"",
              ""control"":""column_select"",
              ""required"":true
            },
            {
              ""name"":""ingestion_timestamp_column"",
              ""label"":""Ingestion timestamp column"",
              ""control"":""column_select"",
              ""required"":true
            },
            {
              ""name"":""time_unit"",
              ""label"":""Time unit"",
              ""control"":""select"",
              ""options"":[""SECOND"",""MINUTE"",""HOUR"",""DAY""],
              ""required"":true
            }
          ]
        }","
SELECT
    CAST(
        AVG(
            TIMESTAMPDIFF(
                {time_unit},
                {source_timestamp_column},
                {ingestion_timestamp_column}
            )
        )
        AS DOUBLE
    ) AS metric_value,

    0 AS passed_count,
    0 AS failed_count,
    COUNT(*) AS total_count,
    COUNT(*) AS applicable_count
FROM {table}
WHERE {source_timestamp_column} IS NOT NULL
  AND {ingestion_timestamp_column} IS NOT NULL
",null,null,null,null,null,01_TXN_transaction_lifecycle,source/TXN_PROCESSING/TRANSACTION_LIFECYCLE_STATUS/01_txn_transaction_lifecycle,TXN_PROCESSING,TRANSACTION_LIFECYCLE_STATUS
36,28,T04,1,TABLE,null,null,null,null,<=,null,null,Maximum latency,PARAMETERIZED,Maximum difference between source and ingestion timestamps.,TABLE / COLUMN,null,DATE/TIMESTAMP,DATE_TIME,"{
          ""parameters"":[
            {
              ""name"":""source_timestamp_column"",
              ""label"":""Source timestamp column"",
              ""control"":""column_select"",
              ""required"":true
            },
            {
              ""name"":""ingestion_timestamp_column"",
              ""label"":""Ingestion timestamp column"",
              ""control"":""column_select"",
              ""required"":true
            },
            {
              ""name"":""time_unit"",
              ""label"":""Time unit"",
              ""control"":""select"",
              ""options"":[""SECOND"",""MINUTE"",""HOUR"",""DAY""],
              ""required"":true
            }
          ]
        }","
SELECT
    CAST(
        MAX(
            TIMESTAMPDIFF(
                {time_unit},
                {source_timestamp_column},
                {ingestion_timestamp_column}
            )
        )
        AS DOUBLE
    ) AS metric_value,

    0 AS passed_count,
    0 AS failed_count,
    COUNT(*) AS total_count,
    COUNT(*) AS applicable_count
FROM {table}
WHERE {source_timestamp_column} IS NOT NULL
  AND {ingestion_timestamp_column} IS NOT NULL
",null,null,null,null,null,01_TXN_transaction_lifecycle,source/TXN_PROCESSING/TRANSACTION_LIFECYCLE_STATUS/01_txn_transaction_lifecycle,TXN_PROCESSING,TRANSACTION_LIFECYCLE_STATUS
37,28,T05,1,TABLE,null,null,null,2.000000,<=,null,null,Late-record %,PARAMETERIZED,Percentage of records arriving later than configured expectation.,TABLE / COLUMN,2.000000,ALL,DATE_TIME,"{
  ""parameters"": [
    {
      ""name"": ""arrival_timestamp_column"",
      ""label"": ""Arrival timestamp column"",
      ""control"": ""column_select"",
      ""required"": true
    },
    {
      ""name"": ""expected_arrival"",
      ""label"": ""Expected arrival"",
      ""control"": ""datetime"",
      ""required"": true
    }
  ]
}","
SELECT
    100.0 * COUNT_IF(
        {arrival_timestamp_column} > {expected_arrival}
    ) / NULLIF(COUNT(*), 0) AS metric_value,
    COUNT_IF(
        {arrival_timestamp_column} <= {expected_arrival}
    ) AS passed_count,
    COUNT_IF(
        {arrival_timestamp_column} > {expected_arrival}
    ) AS failed_count,
    COUNT(*) AS total_count,
    COUNT(*) AS applicable_count
FROM {table}
WHERE {arrival_timestamp_column} IS NOT NULL
",null,null,null,null,null,01_TXN_transaction_lifecycle,source/TXN_PROCESSING/TRANSACTION_LIFECYCLE_STATUS/01_txn_transaction_lifecycle,TXN_PROCESSING,TRANSACTION_LIFECYCLE_STATUS
38,28,T06,1,TABLE,null,null,null,99.000000,>=,null,null,Expected-arrival coverage %,PARAMETERIZED,Percentage of expected arrivals actually received.,TABLE,99.000000,ALL,ANY,"
{
  ""parameters"": [
    {
      ""name"": ""arrival_condition"",
      ""label"": ""Arrival condition"",
      ""control"": ""expression"",
      ""required"": true
    },
    {
      ""name"": ""expected_arrival_count"",
      ""label"": ""Expected arrival count"",
      ""control"": ""number"",
      ""required"": true
    }
  ]
}
","
SELECT
    100.0 * COUNT_IF({arrival_condition})
        / NULLIF({expected_arrival_count}, 0) AS metric_value,
    COUNT_IF({arrival_condition}) AS passed_count,
    COUNT_IF(NOT ({arrival_condition})) AS failed_count,
    {expected_arrival_count} AS total_count,
    {expected_arrival_count} AS applicable_count
FROM {table}
",null,null,null,null,null,01_TXN_transaction_lifecycle,source/TXN_PROCESSING/TRANSACTION_LIFECYCLE_STATUS/01_txn_transaction_lifecycle,TXN_PROCESSING,TRANSACTION_LIFECYCLE_STATUS
42,28,U04,1,TABLE,null,null,null,100.000000,>=,null,null,Primary-key compliance %,PARAMETERIZED,Percentage of records having a non-null unique primary key.,TABLE,100.000000,ALL,ANY,"{
          ""parameters"":[
            {
              ""name"":""primary_key_column"",
              ""label"":""Primary key column"",
              ""control"":""column_select"",
              ""required"":true
            }
          ]
        }","
WITH key_stats AS (
    SELECT
        COUNT(*) AS total_count,
        COUNT({primary_key_column}) AS non_null_count,
        COUNT(DISTINCT {primary_key_column}) AS distinct_count
    FROM {table}
)
SELECT
    100.0 *
    CASE
        WHEN total_count = 0 THEN 100.0
        WHEN non_null_count = total_count
             AND distinct_count = total_count
        THEN 100.0
        ELSE 0.0
    END AS metric_value,

    CASE
        WHEN non_null_count = total_count
             AND distinct_count = total_count
        THEN total_count
        ELSE 0
    END AS passed_count,

    CASE
        WHEN non_null_count = total_count
             AND distinct_count = total_count
        THEN 0
        ELSE total_count
    END AS failed_count,

    total_count,
    total_count AS applicable_count
FROM key_stats
",null,null,null,null,null,01_TXN_transaction_lifecycle,source/TXN_PROCESSING/TRANSACTION_LIFECYCLE_STATUS/01_txn_transaction_lifecycle,TXN_PROCESSING,TRANSACTION_LIFECYCLE_STATUS
43,28,U05,1,TABLE,null,null,null,100.000000,>=,null,null,Composite-key uniqueness %,PARAMETERIZED,Percentage of applicable records with unique configured composite key.,TABLE,100.000000,ALL,ANY,"{
          ""parameters"":[
            {
              ""name"":""composite_key_columns"",
              ""label"":""Composite key columns"",
              ""control"":""column_multi_select"",
              ""required"":true
            }
          ]
        }","
SELECT
    100.0 * COUNT_IF(unique_key_flag = 1)
        / NULLIF(COUNT(*), 0) AS metric_value,
    COUNT_IF(unique_key_flag = 1) AS passed_count,
    COUNT_IF(unique_key_flag = 0) AS failed_count,
    COUNT(*) AS total_count,
    COUNT(*) AS applicable_count
FROM (
    SELECT
        {composite_key_columns},
        CASE
            WHEN COUNT(*) OVER (
                PARTITION BY {composite_key_columns}
            ) = 1 THEN 1
            ELSE 0
        END AS unique_key_flag
    FROM {table}
) keyed_rows
",null,null,null,null,null,01_TXN_transaction_lifecycle,source/TXN_PROCESSING/TRANSACTION_LIFECYCLE_STATUS/01_txn_transaction_lifecycle,TXN_PROCESSING,TRANSACTION_LIFECYCLE_STATUS
