assignment_id,asset_id,rule_code,version_number,target_column_id,target_type,parameter_values,sql_expression,threshold_value,evaluation_operation,is_enabled,effective_from,effective_to,is_current,assigned_by,assigned_at,updated_at,target_asset_id,target_asset_column_id,change_reason,rule_type,parameter_definition
2,1,A02,1,1,COLUMN,null,null,99.000000,>=,true,2026-09-30T10:14:50.565Z,null,true,1,2026-09-30T10:14:50.565Z,2026-09-30T10:14:50.565Z,null,null,null,PARAMETERIZED,"{
          ""parameters"":[
            {
              ""name"":""reference_asset"",
              ""label"":""Reference asset"",
              ""control"":""asset_select"",
              ""required"":true
            },
            {
              ""name"":""reference_column"",
              ""label"":""Reference column"",
              ""control"":""column_select"",
              ""required"":true
            },
            {
              ""name"":""lookup_condition"",
              ""label"":""Lookup condition"",
              ""control"":""expression"",
              ""required"":true
            }
          ]
        }"
10,28,C05,1,null,TABLE,null,null,95.000000,>=,true,2026-09-30T10:14:50.565Z,null,true,1,2026-09-30T10:14:50.565Z,2026-09-30T10:14:50.565Z,null,null,null,PARAMETERIZED,"{
          ""parameters"":[
            {
              ""name"":""required_columns"",
              ""label"":""Required columns"",
              ""control"":""column_multi_select"",
              ""required"":true
            }
          ]
        }"
12,28,C07,1,null,TABLE,null,null,95.000000,>=,true,2026-09-30T10:14:50.565Z,null,true,1,2026-09-30T10:14:50.565Z,2026-09-30T10:14:50.565Z,null,null,null,PARAMETERIZED,"{
          ""parameters"":[
            {
              ""name"":""selected_columns"",
              ""label"":""Selected columns"",
              ""control"":""column_multi_select"",
              ""required"":true
            }
          ]
        }"
13,28,I04,1,null,TABLE,null,null,0.000000,<=,true,2026-09-30T10:14:50.565Z,null,true,1,2026-09-30T10:14:50.565Z,2026-09-30T10:14:50.565Z,null,null,null,PARAMETERIZED,"{
          ""parameters"":[
            {
              ""name"":""primary_key_column"",
              ""label"":""Primary key column"",
              ""control"":""column_select"",
              ""required"":true
            }
          ]
        }"
15,1,K03,1,5,COLUMN,null,null,98.000000,>=,true,2026-09-30T10:14:50.565Z,null,true,1,2026-09-30T10:14:50.565Z,2026-09-30T10:14:50.565Z,null,null,null,PARAMETERIZED,"
{
  ""parameters"": [
    {
      ""name"": ""standardization_type"",
      ""label"": ""Standardization type"",
      ""control"": ""select"",
      ""required"": true,
      ""options"": [
        ""TRIM"",
        ""UPPERCASE"",
        ""LOWERCASE""
      ]
    }
  ]
}
"
16,1,K04,1,5,COLUMN,null,null,99.000000,>=,true,2026-09-30T10:14:50.565Z,null,true,1,2026-09-30T10:14:50.565Z,2026-09-30T10:14:50.565Z,null,null,null,PARAMETERIZED,"
{
  ""parameters"": [
    {
      ""name"": ""case_convention"",
      ""label"": ""Case convention"",
      ""control"": ""select"",
      ""required"": true,
      ""options"": [
        ""UPPER"",
        ""LOWER"",
        ""MIXED""
      ]
    }
  ]
}
"
18,1,K07,1,5,COLUMN,null,null,1.000000,<=,true,2026-09-30T10:14:50.565Z,null,true,1,2026-09-30T10:14:50.565Z,2026-09-30T10:14:50.565Z,null,null,null,PARAMETERIZED,"{
          ""parameters"":[
            {
              ""name"":""canonical_values"",
              ""label"":""Canonical values"",
              ""control"":""multi_value"",
              ""required"":true
            }
          ]
        }"
27,1,P09,1,4,COLUMN,null,null,null,null,true,2026-09-30T10:14:50.565Z,null,true,1,2026-09-30T10:14:50.565Z,2026-09-30T10:14:50.565Z,null,null,null,PARAMETERIZED,"{
          ""parameters"":[
            {
              ""name"":""percentile"",
              ""label"":""Percentile"",
              ""control"":""number"",
              ""min"":0,
              ""max"":1,
              ""required"":true
            }
          ]
        }"
28,1,P10,1,4,COLUMN,null,null,2.000000,<=,true,2026-09-30T10:14:50.565Z,null,true,1,2026-09-30T10:14:50.565Z,2026-09-30T10:14:50.565Z,null,null,null,PARAMETERIZED,"{
          ""parameters"":[
            {
              ""name"":""outlier_definition"",
              ""label"":""Outlier definition"",
              ""control"":""expression"",
              ""required"":true
            }
          ]
        }"
29,1,P11,1,1,COLUMN,null,null,null,null,true,2026-09-30T10:14:50.565Z,null,true,1,2026-09-30T10:14:50.565Z,2026-09-30T10:14:50.565Z,null,null,null,PARAMETERIZED,"
{
  ""parameters"": [
    {
      ""name"": ""top_n"",
      ""label"": ""Top N"",
      ""control"": ""number"",
      ""required"": true,
      ""min"": 1,
      ""max"": 100
    }
  ]
}
"
30,1,P12,1,4,COLUMN,null,null,null,null,true,2026-09-30T10:14:50.565Z,null,true,1,2026-09-30T10:14:50.565Z,2026-09-30T10:14:50.565Z,null,null,null,PARAMETERIZED,"{
          ""parameters"":[
            {
              ""name"":""baseline_distribution"",
              ""label"":""Baseline distribution"",
              ""control"":""json"",
              ""required"":true
            }
          ]
        }"
31,28,P13,1,null,TABLE,null,null,null,null,true,2026-09-30T10:14:50.565Z,null,true,1,2026-09-30T10:14:50.565Z,2026-09-30T10:14:50.565Z,null,null,null,PARAMETERIZED,"{
          ""parameters"":[
            {
              ""name"":""baseline_row_count"",
              ""label"":""Baseline row count"",
              ""control"":""number"",
              ""min"":0,
              ""required"":true
            }
          ]
        }"
32,28,P14,1,null,TABLE,null,null,99.000000,>=,true,2026-09-30T10:14:50.565Z,null,true,1,2026-09-30T10:14:50.565Z,2026-09-30T10:14:50.565Z,null,null,null,PARAMETERIZED,"{
          ""parameters"":[
            {
              ""name"":""expected_schema"",
              ""label"":""Expected schema"",
              ""control"":""schema_definition"",
              ""required"":true
            }
          ]
        }"
38,28,T06,1,null,TABLE,null,null,99.000000,>=,true,2026-09-30T10:14:50.565Z,null,true,1,2026-09-30T10:14:50.565Z,2026-09-30T10:14:50.565Z,null,null,null,PARAMETERIZED,"
{
  ""parameters"": [
    {
      ""name"": ""arrival_condition"",
      ""label"": ""Arrival condition"",
      ""control"": ""expression"",
      ""required"": true
    },
    {
      ""name"": ""expected_arrival_count"",
      ""label"": ""Expected arrival count"",
      ""control"": ""number"",
      ""required"": true
    }
  ]
}
"
40,1,U02,1,1,COLUMN,null,null,1.000000,<=,true,2026-09-30T10:14:50.565Z,null,true,1,2026-09-30T10:14:50.565Z,2026-09-30T10:14:50.565Z,null,null,null,PARAMETERIZED,"{
          ""parameters"":[]
        }"
41,1,U03,1,1,COLUMN,null,null,0.000000,null,true,2026-09-30T10:14:50.565Z,null,true,1,2026-09-30T10:14:50.565Z,2026-09-30T10:14:50.565Z,null,null,null,PARAMETERIZED,"{
          ""parameters"":[]
        }"
42,28,U04,1,null,TABLE,null,null,100.000000,>=,true,2026-09-30T10:14:50.565Z,null,true,1,2026-09-30T10:14:50.565Z,2026-09-30T10:14:50.565Z,null,null,null,PARAMETERIZED,"{
          ""parameters"":[
            {
              ""name"":""primary_key_column"",
              ""label"":""Primary key column"",
              ""control"":""column_select"",
              ""required"":true
            }
          ]
        }"
43,28,U05,1,null,TABLE,null,null,100.000000,>=,true,2026-09-30T10:14:50.565Z,null,true,1,2026-09-30T10:14:50.565Z,2026-09-30T10:14:50.565Z,null,null,null,PARAMETERIZED,"{
          ""parameters"":[
            {
              ""name"":""composite_key_columns"",
              ""label"":""Composite key columns"",
              ""control"":""column_multi_select"",
              ""required"":true
            }
          ]
        }"
45,1,V02,1,1,COLUMN,null,null,98.000000,>=,true,2026-09-30T10:14:50.565Z,null,true,1,2026-09-30T10:14:50.565Z,2026-09-30T10:14:50.565Z,null,null,null,PARAMETERIZED,"{
          ""parameters"":[
            {
              ""name"":""regular_expression"",
              ""label"":""Regular expression"",
              ""control"":""regex"",
              ""required"":true
            }
          ]
        }"
46,1,V05,1,4,COLUMN,null,null,99.000000,>=,true,2026-09-30T10:14:50.565Z,null,true,1,2026-09-30T10:14:50.565Z,2026-09-30T10:14:50.565Z,null,null,null,PARAMETERIZED,"{""minimum_value"":""number"",""maximum_value"":""number""}"
47,1,V06,1,5,COLUMN,null,null,99.000000,>=,true,2026-09-30T10:14:50.565Z,null,true,1,2026-09-30T10:14:50.565Z,2026-09-30T10:14:50.565Z,null,null,null,PARAMETERIZED,"{
          ""parameters"":[
            {
              ""name"":""allowed_values"",
              ""label"":""Allowed values"",
              ""control"":""multi_value"",
              ""required"":true
            }
          ]
        }"
48,1,V07,1,2,COLUMN,null,null,99.000000,>=,true,2026-09-30T10:14:50.565Z,null,true,1,2026-09-30T10:14:50.565Z,2026-09-30T10:14:50.565Z,null,null,null,PARAMETERIZED,"{
          ""parameters"":[
            {
              ""name"":""minimum_length"",
              ""label"":""Minimum length"",
              ""control"":""number"",
              ""required"":true
            },
            {
              ""name"":""maximum_length"",
              ""label"":""Maximum length"",
              ""control"":""number"",
              ""required"":true
            }
          ]
        }"
49,1,V08,1,1,COLUMN,null,null,99.000000,>=,true,2026-09-30T10:14:50.565Z,null,true,1,2026-09-30T10:14:50.565Z,2026-09-30T10:14:50.565Z,null,null,null,PARAMETERIZED,"{
          ""parameters"":[
            {
              ""name"":""format_definition"",
              ""label"":""Format definition"",
              ""control"":""expression"",
              ""required"":true
            }
          ]
        }"
50,1,V09,1,2,COLUMN,null,null,99.000000,>=,true,2026-09-30T10:14:50.565Z,null,true,1,2026-09-30T10:14:50.565Z,2026-09-30T10:14:50.565Z,null,null,null,PARAMETERIZED,"{
          ""parameters"":[
            {
              ""name"":""allowed_character_pattern"",
              ""label"":""Allowed character pattern"",
              ""control"":""regex"",
              ""required"":true
            }
          ]
        }"
63,27,C05,1,null,TABLE,null,null,95.000000,>=,true,2026-09-30T10:14:50.565Z,null,true,1,2026-09-30T10:14:50.565Z,2026-09-30T10:14:50.565Z,null,null,null,PARAMETERIZED,"{
          ""parameters"":[
            {
              ""name"":""required_columns"",
              ""label"":""Required columns"",
              ""control"":""column_multi_select"",
              ""required"":true
            }
          ]
        }"
64,27,C07,1,null,TABLE,null,null,95.000000,>=,true,2026-09-30T10:14:50.565Z,null,true,1,2026-09-30T10:14:50.565Z,2026-09-30T10:14:50.565Z,null,null,null,PARAMETERIZED,"{
          ""parameters"":[
            {
              ""name"":""selected_columns"",
              ""label"":""Selected columns"",
              ""control"":""column_multi_select"",
              ""required"":true
            }
          ]
        }"
65,27,I04,1,null,TABLE,null,null,0.000000,<=,true,2026-09-30T10:14:50.565Z,null,true,1,2026-09-30T10:14:50.565Z,2026-09-30T10:14:50.565Z,null,null,null,PARAMETERIZED,"{
          ""parameters"":[
            {
              ""name"":""primary_key_column"",
              ""label"":""Primary key column"",
              ""control"":""column_select"",
              ""required"":true
            }
          ]
        }"
66,28,K03,1,253,COLUMN,null,null,98.000000,>=,true,2026-09-30T10:14:50.565Z,null,true,1,2026-09-30T10:14:50.565Z,2026-09-30T10:14:50.565Z,null,null,null,PARAMETERIZED,"
{
  ""parameters"": [
    {
      ""name"": ""standardization_type"",
      ""label"": ""Standardization type"",
      ""control"": ""select"",
      ""required"": true,
      ""options"": [
        ""TRIM"",
        ""UPPERCASE"",
        ""LOWERCASE""
      ]
    }
  ]
}
"
69,27,P13,1,null,TABLE,null,null,null,null,true,2026-09-30T10:14:50.565Z,null,true,1,2026-09-30T10:14:50.565Z,2026-09-30T10:14:50.565Z,null,null,null,PARAMETERIZED,"{
          ""parameters"":[
            {
              ""name"":""baseline_row_count"",
              ""label"":""Baseline row count"",
              ""control"":""number"",
              ""min"":0,
              ""required"":true
            }
          ]
        }"
70,27,P14,1,null,TABLE,null,null,99.000000,>=,true,2026-09-30T10:14:50.565Z,null,true,1,2026-09-30T10:14:50.565Z,2026-09-30T10:14:50.565Z,null,null,null,PARAMETERIZED,"{
          ""parameters"":[
            {
              ""name"":""expected_schema"",
              ""label"":""Expected schema"",
              ""control"":""schema_definition"",
              ""required"":true
            }
          ]
        }"
76,27,T06,1,null,TABLE,null,null,99.000000,>=,true,2026-09-30T10:14:50.565Z,null,true,1,2026-09-30T10:14:50.565Z,2026-09-30T10:14:50.565Z,null,null,null,PARAMETERIZED,"
{
  ""parameters"": [
    {
      ""name"": ""arrival_condition"",
      ""label"": ""Arrival condition"",
      ""control"": ""expression"",
      ""required"": true
    },
    {
      ""name"": ""expected_arrival_count"",
      ""label"": ""Expected arrival count"",
      ""control"": ""number"",
      ""required"": true
    }
  ]
}
"
78,27,U04,1,null,TABLE,null,null,100.000000,>=,true,2026-09-30T10:14:50.565Z,null,true,1,2026-09-30T10:14:50.565Z,2026-09-30T10:14:50.565Z,null,null,null,PARAMETERIZED,"{
          ""parameters"":[
            {
              ""name"":""primary_key_column"",
              ""label"":""Primary key column"",
              ""control"":""column_select"",
              ""required"":true
            }
          ]
        }"
79,27,U05,1,null,TABLE,null,null,100.000000,>=,true,2026-09-30T10:14:50.565Z,null,true,1,2026-09-30T10:14:50.565Z,2026-09-30T10:14:50.565Z,null,null,null,PARAMETERIZED,"{
          ""parameters"":[
            {
              ""name"":""composite_key_columns"",
              ""label"":""Composite key columns"",
              ""control"":""column_multi_select"",
              ""required"":true
            }
          ]
        }"
85,26,C05,1,null,TABLE,null,null,95.000000,>=,true,2026-09-30T10:14:50.565Z,null,true,1,2026-09-30T10:14:50.565Z,2026-09-30T10:14:50.565Z,null,null,null,PARAMETERIZED,"{
          ""parameters"":[
            {
              ""name"":""required_columns"",
              ""label"":""Required columns"",
              ""control"":""column_multi_select"",
              ""required"":true
            }
          ]
        }"
86,26,C07,1,null,TABLE,null,null,95.000000,>=,true,2026-09-30T10:14:50.565Z,null,true,1,2026-09-30T10:14:50.565Z,2026-09-30T10:14:50.565Z,null,null,null,PARAMETERIZED,"{
          ""parameters"":[
            {
              ""name"":""selected_columns"",
              ""label"":""Selected columns"",
              ""control"":""column_multi_select"",
              ""required"":true
            }
          ]
        }"
87,26,I04,1,null,TABLE,null,null,0.000000,<=,true,2026-09-30T10:14:50.565Z,null,true,1,2026-09-30T10:14:50.565Z,2026-09-30T10:14:50.565Z,null,null,null,PARAMETERIZED,"{
          ""parameters"":[
            {
              ""name"":""primary_key_column"",
              ""label"":""Primary key column"",
              ""control"":""column_select"",
              ""required"":true
            }
          ]
        }"
88,28,K03,1,251,COLUMN,null,null,98.000000,>=,true,2026-09-30T10:14:50.565Z,null,true,1,2026-09-30T10:14:50.565Z,2026-09-30T10:14:50.565Z,null,null,null,PARAMETERIZED,"
{
  ""parameters"": [
    {
      ""name"": ""standardization_type"",
      ""label"": ""Standardization type"",
      ""control"": ""select"",
      ""required"": true,
      ""options"": [
        ""TRIM"",
        ""UPPERCASE"",
        ""LOWERCASE""
      ]
    }
  ]
}
"
91,26,P13,1,null,TABLE,null,null,null,null,true,2026-09-30T10:14:50.565Z,null,true,1,2026-09-30T10:14:50.565Z,2026-09-30T10:14:50.565Z,null,null,null,PARAMETERIZED,"{
          ""parameters"":[
            {
              ""name"":""baseline_row_count"",
              ""label"":""Baseline row count"",
              ""control"":""number"",
              ""min"":0,
              ""required"":true
            }
          ]
        }"
92,26,P14,1,null,TABLE,null,null,99.000000,>=,true,2026-09-30T10:14:50.565Z,null,true,1,2026-09-30T10:14:50.565Z,2026-09-30T10:14:50.565Z,null,null,null,PARAMETERIZED,"{
          ""parameters"":[
            {
              ""name"":""expected_schema"",
              ""label"":""Expected schema"",
              ""control"":""schema_definition"",
              ""required"":true
            }
          ]
        }"
98,26,T06,1,null,TABLE,null,null,99.000000,>=,true,2026-09-30T10:14:50.565Z,null,true,1,2026-09-30T10:14:50.565Z,2026-09-30T10:14:50.565Z,null,null,null,PARAMETERIZED,"
{
  ""parameters"": [
    {
      ""name"": ""arrival_condition"",
      ""label"": ""Arrival condition"",
      ""control"": ""expression"",
      ""required"": true
    },
    {
      ""name"": ""expected_arrival_count"",
      ""label"": ""Expected arrival count"",
      ""control"": ""number"",
      ""required"": true
    }
  ]
}
"
100,26,U04,1,null,TABLE,null,null,100.000000,>=,true,2026-09-30T10:14:50.565Z,null,true,1,2026-09-30T10:14:50.565Z,2026-09-30T10:14:50.565Z,null,null,null,PARAMETERIZED,"{
          ""parameters"":[
            {
              ""name"":""primary_key_column"",
              ""label"":""Primary key column"",
              ""control"":""column_select"",
              ""required"":true
            }
          ]
        }"
101,26,U05,1,null,TABLE,null,null,100.000000,>=,true,2026-09-30T10:14:50.565Z,null,true,1,2026-09-30T10:14:50.565Z,2026-09-30T10:14:50.565Z,null,null,null,PARAMETERIZED,"{
          ""parameters"":[
            {
              ""name"":""composite_key_columns"",
              ""label"":""Composite key columns"",
              ""control"":""column_multi_select"",
              ""required"":true
            }
          ]
        }"
107,25,C05,1,null,TABLE,null,null,95.000000,>=,true,2026-09-30T10:14:50.565Z,null,true,1,2026-09-30T10:14:50.565Z,2026-09-30T10:14:50.565Z,null,null,null,PARAMETERIZED,"{
          ""parameters"":[
            {
              ""name"":""required_columns"",
              ""label"":""Required columns"",
              ""control"":""column_multi_select"",
              ""required"":true
            }
          ]
        }"
108,25,C07,1,null,TABLE,null,null,95.000000,>=,true,2026-09-30T10:14:50.565Z,null,true,1,2026-09-30T10:14:50.565Z,2026-09-30T10:14:50.565Z,null,null,null,PARAMETERIZED,"{
          ""parameters"":[
            {
              ""name"":""selected_columns"",
              ""label"":""Selected columns"",
              ""control"":""column_multi_select"",
              ""required"":true
            }
          ]
        }"
109,25,I04,1,null,TABLE,null,null,0.000000,<=,true,2026-09-30T10:14:50.565Z,null,true,1,2026-09-30T10:14:50.565Z,2026-09-30T10:14:50.565Z,null,null,null,PARAMETERIZED,"{
          ""parameters"":[
            {
              ""name"":""primary_key_column"",
              ""label"":""Primary key column"",
              ""control"":""column_select"",
              ""required"":true
            }
          ]
        }"
110,27,K03,1,245,COLUMN,null,null,98.000000,>=,true,2026-09-30T10:14:50.565Z,null,true,1,2026-09-30T10:14:50.565Z,2026-09-30T10:14:50.565Z,null,null,null,PARAMETERIZED,"
{
  ""parameters"": [
    {
      ""name"": ""standardization_type"",
      ""label"": ""Standardization type"",
      ""control"": ""select"",
      ""required"": true,
      ""options"": [
        ""TRIM"",
        ""UPPERCASE"",
        ""LOWERCASE""
      ]
    }
  ]
}
"
113,25,P13,1,null,TABLE,null,null,null,null,true,2026-09-30T10:14:50.565Z,null,true,1,2026-09-30T10:14:50.565Z,2026-09-30T10:14:50.565Z,null,null,null,PARAMETERIZED,"{
          ""parameters"":[
            {
              ""name"":""baseline_row_count"",
              ""label"":""Baseline row count"",
              ""control"":""number"",
              ""min"":0,
              ""required"":true
            }
          ]
        }"
114,25,P14,1,null,TABLE,null,null,99.000000,>=,true,2026-09-30T10:14:50.565Z,null,true,1,2026-09-30T10:14:50.565Z,2026-09-30T10:14:50.565Z,null,null,null,PARAMETERIZED,"{
          ""parameters"":[
            {
              ""name"":""expected_schema"",
              ""label"":""Expected schema"",
              ""control"":""schema_definition"",
              ""required"":true
            }
          ]
        }"
120,25,T06,1,null,TABLE,null,null,99.000000,>=,true,2026-09-30T10:14:50.565Z,null,true,1,2026-09-30T10:14:50.565Z,2026-09-30T10:14:50.565Z,null,null,null,PARAMETERIZED,"
{
  ""parameters"": [
    {
      ""name"": ""arrival_condition"",
      ""label"": ""Arrival condition"",
      ""control"": ""expression"",
      ""required"": true
    },
    {
      ""name"": ""expected_arrival_count"",
      ""label"": ""Expected arrival count"",
      ""control"": ""number"",
      ""required"": true
    }
  ]
}
"
122,25,U04,1,null,TABLE,null,null,100.000000,>=,true,2026-09-30T10:14:50.565Z,null,true,1,2026-09-30T10:14:50.565Z,2026-09-30T10:14:50.565Z,null,null,null,PARAMETERIZED,"{
          ""parameters"":[
            {
              ""name"":""primary_key_column"",
              ""label"":""Primary key column"",
              ""control"":""column_select"",
              ""required"":true
            }
          ]
        }"
123,25,U05,1,null,TABLE,null,null,100.000000,>=,true,2026-09-30T10:14:50.565Z,null,true,1,2026-09-30T10:14:50.565Z,2026-09-30T10:14:50.565Z,null,null,null,PARAMETERIZED,"{
          ""parameters"":[
            {
              ""name"":""composite_key_columns"",
              ""label"":""Composite key columns"",
              ""control"":""column_multi_select"",
              ""required"":true
            }
          ]
        }"
129,24,C05,1,null,TABLE,null,null,95.000000,>=,true,2026-09-30T10:14:50.565Z,null,true,1,2026-09-30T10:14:50.565Z,2026-09-30T10:14:50.565Z,null,null,null,PARAMETERIZED,"{
          ""parameters"":[
            {
              ""name"":""required_columns"",
              ""label"":""Required columns"",
              ""control"":""column_multi_select"",
              ""required"":true
            }
          ]
        }"
130,24,C07,1,null,TABLE,null,null,95.000000,>=,true,2026-09-30T10:14:50.565Z,null,true,1,2026-09-30T10:14:50.565Z,2026-09-30T10:14:50.565Z,null,null,null,PARAMETERIZED,"{
          ""parameters"":[
            {
              ""name"":""selected_columns"",
              ""label"":""Selected columns"",
              ""control"":""column_multi_select"",
              ""required"":true
            }
          ]
        }"
131,24,I04,1,null,TABLE,null,null,0.000000,<=,true,2026-09-30T10:14:50.565Z,null,true,1,2026-09-30T10:14:50.565Z,2026-09-30T10:14:50.565Z,null,null,null,PARAMETERIZED,"{
          ""parameters"":[
            {
              ""name"":""primary_key_column"",
              ""label"":""Primary key column"",
              ""control"":""column_select"",
              ""required"":true
            }
          ]
        }"
132,27,K03,1,243,COLUMN,null,null,98.000000,>=,true,2026-09-30T10:14:50.565Z,null,true,1,2026-09-30T10:14:50.565Z,2026-09-30T10:14:50.565Z,null,null,null,PARAMETERIZED,"
{
  ""parameters"": [
    {
      ""name"": ""standardization_type"",
      ""label"": ""Standardization type"",
      ""control"": ""select"",
      ""required"": true,
      ""options"": [
        ""TRIM"",
        ""UPPERCASE"",
        ""LOWERCASE""
      ]
    }
  ]
}
"
135,24,P13,1,null,TABLE,null,null,null,null,true,2026-09-30T10:14:50.565Z,null,true,1,2026-09-30T10:14:50.565Z,2026-09-30T10:14:50.565Z,null,null,null,PARAMETERIZED,"{
          ""parameters"":[
            {
              ""name"":""baseline_row_count"",
              ""label"":""Baseline row count"",
              ""control"":""number"",
              ""min"":0,
              ""required"":true
            }
          ]
        }"
136,24,P14,1,null,TABLE,null,null,99.000000,>=,true,2026-09-30T10:14:50.565Z,null,true,1,2026-09-30T10:14:50.565Z,2026-09-30T10:14:50.565Z,null,null,null,PARAMETERIZED,"{
          ""parameters"":[
            {
              ""name"":""expected_schema"",
              ""label"":""Expected schema"",
              ""control"":""schema_definition"",
              ""required"":true
            }
          ]
        }"
142,24,T06,1,null,TABLE,null,null,99.000000,>=,true,2026-09-30T10:14:50.565Z,null,true,1,2026-09-30T10:14:50.565Z,2026-09-30T10:14:50.565Z,null,null,null,PARAMETERIZED,"
{
  ""parameters"": [
    {
      ""name"": ""arrival_condition"",
      ""label"": ""Arrival condition"",
      ""control"": ""expression"",
      ""required"": true
    },
    {
      ""name"": ""expected_arrival_count"",
      ""label"": ""Expected arrival count"",
      ""control"": ""number"",
      ""required"": true
    }
  ]
}
"
144,24,U04,1,null,TABLE,null,null,100.000000,>=,true,2026-09-30T10:14:50.565Z,null,true,1,2026-09-30T10:14:50.565Z,2026-09-30T10:14:50.565Z,null,null,null,PARAMETERIZED,"{
          ""parameters"":[
            {
              ""name"":""primary_key_column"",
              ""label"":""Primary key column"",
              ""control"":""column_select"",
              ""required"":true
            }
          ]
        }"
145,24,U05,1,null,TABLE,null,null,100.000000,>=,true,2026-09-30T10:14:50.565Z,null,true,1,2026-09-30T10:14:50.565Z,2026-09-30T10:14:50.565Z,null,null,null,PARAMETERIZED,"{
          ""parameters"":[
            {
              ""name"":""composite_key_columns"",
              ""label"":""Composite key columns"",
              ""control"":""column_multi_select"",
              ""required"":true
            }
          ]
        }"
151,23,C05,1,null,TABLE,null,null,95.000000,>=,true,2026-09-30T10:14:50.565Z,null,true,1,2026-09-30T10:14:50.565Z,2026-09-30T10:14:50.565Z,null,null,null,PARAMETERIZED,"{
          ""parameters"":[
            {
              ""name"":""required_columns"",
              ""label"":""Required columns"",
              ""control"":""column_multi_select"",
              ""required"":true
            }
          ]
        }"
152,23,C07,1,null,TABLE,null,null,95.000000,>=,true,2026-09-30T10:14:50.565Z,null,true,1,2026-09-30T10:14:50.565Z,2026-09-30T10:14:50.565Z,null,null,null,PARAMETERIZED,"{
          ""parameters"":[
            {
              ""name"":""selected_columns"",
              ""label"":""Selected columns"",
              ""control"":""column_multi_select"",
              ""required"":true
            }
          ]
        }"
153,23,I04,1,null,TABLE,null,null,0.000000,<=,true,2026-09-30T10:14:50.565Z,null,true,1,2026-09-30T10:14:50.565Z,2026-09-30T10:14:50.565Z,null,null,null,PARAMETERIZED,"{
          ""parameters"":[
            {
              ""name"":""primary_key_column"",
              ""label"":""Primary key column"",
              ""control"":""column_select"",
              ""required"":true
            }
          ]
        }"
154,25,K03,1,228,COLUMN,null,null,98.000000,>=,true,2026-09-30T10:14:50.565Z,null,true,1,2026-09-30T10:14:50.565Z,2026-09-30T10:14:50.565Z,null,null,null,PARAMETERIZED,"
{
  ""parameters"": [
    {
      ""name"": ""standardization_type"",
      ""label"": ""Standardization type"",
      ""control"": ""select"",
      ""required"": true,
      ""options"": [
        ""TRIM"",
        ""UPPERCASE"",
        ""LOWERCASE""
      ]
    }
  ]
}
"
157,23,P13,1,null,TABLE,null,null,null,null,true,2026-09-30T10:14:50.565Z,null,true,1,2026-09-30T10:14:50.565Z,2026-09-30T10:14:50.565Z,null,null,null,PARAMETERIZED,"{
          ""parameters"":[
            {
              ""name"":""baseline_row_count"",
              ""label"":""Baseline row count"",
              ""control"":""number"",
              ""min"":0,
              ""required"":true
            }
          ]
        }"
158,23,P14,1,null,TABLE,null,null,99.000000,>=,true,2026-09-30T10:14:50.565Z,null,true,1,2026-09-30T10:14:50.565Z,2026-09-30T10:14:50.565Z,null,null,null,PARAMETERIZED,"{
          ""parameters"":[
            {
              ""name"":""expected_schema"",
              ""label"":""Expected schema"",
              ""control"":""schema_definition"",
              ""required"":true
            }
          ]
        }"
164,23,T06,1,null,TABLE,null,null,99.000000,>=,true,2026-09-30T10:14:50.565Z,null,true,1,2026-09-30T10:14:50.565Z,2026-09-30T10:14:50.565Z,null,null,null,PARAMETERIZED,"
{
  ""parameters"": [
    {
      ""name"": ""arrival_condition"",
      ""label"": ""Arrival condition"",
      ""control"": ""expression"",
      ""required"": true
    },
    {
      ""name"": ""expected_arrival_count"",
      ""label"": ""Expected arrival count"",
      ""control"": ""number"",
      ""required"": true
    }
  ]
}
"
166,23,U04,1,null,TABLE,null,null,100.000000,>=,true,2026-09-30T10:14:50.565Z,null,true,1,2026-09-30T10:14:50.565Z,2026-09-30T10:14:50.565Z,null,null,null,PARAMETERIZED,"{
          ""parameters"":[
            {
              ""name"":""primary_key_column"",
              ""label"":""Primary key column"",
              ""control"":""column_select"",
              ""required"":true
            }
          ]
        }"
167,23,U05,1,null,TABLE,null,null,100.000000,>=,true,2026-09-30T10:14:50.565Z,null,true,1,2026-09-30T10:14:50.565Z,2026-09-30T10:14:50.565Z,null,null,null,PARAMETERIZED,"{
          ""parameters"":[
            {
              ""name"":""composite_key_columns"",
              ""label"":""Composite key columns"",
              ""control"":""column_multi_select"",
              ""required"":true
            }
          ]
        }"
173,22,C05,1,null,TABLE,null,null,95.000000,>=,true,2026-09-30T10:14:50.565Z,null,true,1,2026-09-30T10:14:50.565Z,2026-09-30T10:14:50.565Z,null,null,null,PARAMETERIZED,"{
          ""parameters"":[
            {
              ""name"":""required_columns"",
              ""label"":""Required columns"",
              ""control"":""column_multi_select"",
              ""required"":true
            }
          ]
        }"
174,22,C07,1,null,TABLE,null,null,95.000000,>=,true,2026-09-30T10:14:50.565Z,null,true,1,2026-09-30T10:14:50.565Z,2026-09-30T10:14:50.565Z,null,null,null,PARAMETERIZED,"{
          ""parameters"":[
            {
              ""name"":""selected_columns"",
              ""label"":""Selected columns"",
              ""control"":""column_multi_select"",
              ""required"":true
            }
          ]
        }"
175,22,I04,1,null,TABLE,null,null,0.000000,<=,true,2026-09-30T10:14:50.565Z,null,true,1,2026-09-30T10:14:50.565Z,2026-09-30T10:14:50.565Z,null,null,null,PARAMETERIZED,"{
          ""parameters"":[
            {
              ""name"":""primary_key_column"",
              ""label"":""Primary key column"",
              ""control"":""column_select"",
              ""required"":true
            }
          ]
        }"
176,24,K03,1,220,COLUMN,null,null,98.000000,>=,true,2026-09-30T10:14:50.565Z,null,true,1,2026-09-30T10:14:50.565Z,2026-09-30T10:14:50.565Z,null,null,null,PARAMETERIZED,"
{
  ""parameters"": [
    {
      ""name"": ""standardization_type"",
      ""label"": ""Standardization type"",
      ""control"": ""select"",
      ""required"": true,
      ""options"": [
        ""TRIM"",
        ""UPPERCASE"",
        ""LOWERCASE""
      ]
    }
  ]
}
"
179,22,P13,1,null,TABLE,null,null,null,null,true,2026-09-30T10:14:50.565Z,null,true,1,2026-09-30T10:14:50.565Z,2026-09-30T10:14:50.565Z,null,null,null,PARAMETERIZED,"{
          ""parameters"":[
            {
              ""name"":""baseline_row_count"",
              ""label"":""Baseline row count"",
              ""control"":""number"",
              ""min"":0,
              ""required"":true
            }
          ]
        }"
180,22,P14,1,null,TABLE,null,null,99.000000,>=,true,2026-09-30T10:14:50.565Z,null,true,1,2026-09-30T10:14:50.565Z,2026-09-30T10:14:50.565Z,null,null,null,PARAMETERIZED,"{
          ""parameters"":[
            {
              ""name"":""expected_schema"",
              ""label"":""Expected schema"",
              ""control"":""schema_definition"",
              ""required"":true
            }
          ]
        }"
186,22,T06,1,null,TABLE,null,null,99.000000,>=,true,2026-09-30T10:14:50.565Z,null,true,1,2026-09-30T10:14:50.565Z,2026-09-30T10:14:50.565Z,null,null,null,PARAMETERIZED,"
{
  ""parameters"": [
    {
      ""name"": ""arrival_condition"",
      ""label"": ""Arrival condition"",
      ""control"": ""expression"",
      ""required"": true
    },
    {
      ""name"": ""expected_arrival_count"",
      ""label"": ""Expected arrival count"",
      ""control"": ""number"",
      ""required"": true
    }
  ]
}
"
188,22,U04,1,null,TABLE,null,null,100.000000,>=,true,2026-09-30T10:14:50.565Z,null,true,1,2026-09-30T10:14:50.565Z,2026-09-30T10:14:50.565Z,null,null,null,PARAMETERIZED,"{
          ""parameters"":[
            {
              ""name"":""primary_key_column"",
              ""label"":""Primary key column"",
              ""control"":""column_select"",
              ""required"":true
            }
          ]
        }"
189,22,U05,1,null,TABLE,null,null,100.000000,>=,true,2026-09-30T10:14:50.565Z,null,true,1,2026-09-30T10:14:50.565Z,2026-09-30T10:14:50.565Z,null,null,null,PARAMETERIZED,"{
          ""parameters"":[
            {
              ""name"":""composite_key_columns"",
              ""label"":""Composite key columns"",
              ""control"":""column_multi_select"",
              ""required"":true
            }
          ]
        }"
195,21,C05,1,null,TABLE,null,null,95.000000,>=,true,2026-09-30T10:14:50.565Z,null,true,1,2026-09-30T10:14:50.565Z,2026-09-30T10:14:50.565Z,null,null,null,PARAMETERIZED,"{
          ""parameters"":[
            {
              ""name"":""required_columns"",
              ""label"":""Required columns"",
              ""control"":""column_multi_select"",
              ""required"":true
            }
          ]
        }"
196,21,C07,1,null,TABLE,null,null,95.000000,>=,true,2026-09-30T10:14:50.565Z,null,true,1,2026-09-30T10:14:50.565Z,2026-09-30T10:14:50.565Z,null,null,null,PARAMETERIZED,"{
          ""parameters"":[
            {
              ""name"":""selected_columns"",
              ""label"":""Selected columns"",
              ""control"":""column_multi_select"",
              ""required"":true
            }
          ]
        }"
197,21,I04,1,null,TABLE,null,null,0.000000,<=,true,2026-09-30T10:14:50.565Z,null,true,1,2026-09-30T10:14:50.565Z,2026-09-30T10:14:50.565Z,null,null,null,PARAMETERIZED,"{
          ""parameters"":[
            {
              ""name"":""primary_key_column"",
              ""label"":""Primary key column"",
              ""control"":""column_select"",
              ""required"":true
            }
          ]
        }"
198,24,K03,1,217,COLUMN,null,null,98.000000,>=,true,2026-09-30T10:14:50.565Z,null,true,1,2026-09-30T10:14:50.565Z,2026-09-30T10:14:50.565Z,null,null,null,PARAMETERIZED,"
{
  ""parameters"": [
    {
      ""name"": ""standardization_type"",
      ""label"": ""Standardization type"",
      ""control"": ""select"",
      ""required"": true,
      ""options"": [
        ""TRIM"",
        ""UPPERCASE"",
        ""LOWERCASE""
      ]
    }
  ]
}
"
201,21,P13,1,null,TABLE,null,null,null,null,true,2026-09-30T10:14:50.565Z,null,true,1,2026-09-30T10:14:50.565Z,2026-09-30T10:14:50.565Z,null,null,null,PARAMETERIZED,"{
          ""parameters"":[
            {
              ""name"":""baseline_row_count"",
              ""label"":""Baseline row count"",
              ""control"":""number"",
              ""min"":0,
              ""required"":true
            }
          ]
        }"
202,21,P14,1,null,TABLE,null,null,99.000000,>=,true,2026-09-30T10:14:50.565Z,null,true,1,2026-09-30T10:14:50.565Z,2026-09-30T10:14:50.565Z,null,null,null,PARAMETERIZED,"{
          ""parameters"":[
            {
              ""name"":""expected_schema"",
              ""label"":""Expected schema"",
              ""control"":""schema_definition"",
              ""required"":true
            }
          ]
        }"
208,21,T06,1,null,TABLE,null,null,99.000000,>=,true,2026-09-30T10:14:50.565Z,null,true,1,2026-09-30T10:14:50.565Z,2026-09-30T10:14:50.565Z,null,null,null,PARAMETERIZED,"
{
  ""parameters"": [
    {
      ""name"": ""arrival_condition"",
      ""label"": ""Arrival condition"",
      ""control"": ""expression"",
      ""required"": true
    },
    {
      ""name"": ""expected_arrival_count"",
      ""label"": ""Expected arrival count"",
      ""control"": ""number"",
      ""required"": true
    }
  ]
}
"
210,21,U04,1,null,TABLE,null,null,100.000000,>=,true,2026-09-30T10:14:50.565Z,null,true,1,2026-09-30T10:14:50.565Z,2026-09-30T10:14:50.565Z,null,null,null,PARAMETERIZED,"{
          ""parameters"":[
            {
              ""name"":""primary_key_column"",
              ""label"":""Primary key column"",
              ""control"":""column_select"",
              ""required"":true
            }
          ]
        }"
211,21,U05,1,null,TABLE,null,null,100.000000,>=,true,2026-09-30T10:14:50.565Z,null,true,1,2026-09-30T10:14:50.565Z,2026-09-30T10:14:50.565Z,null,null,null,PARAMETERIZED,"{
          ""parameters"":[
            {
              ""name"":""composite_key_columns"",
              ""label"":""Composite key columns"",
              ""control"":""column_multi_select"",
              ""required"":true
            }
          ]
        }"
217,20,C05,1,null,TABLE,null,null,95.000000,>=,true,2026-09-30T10:14:50.565Z,null,true,1,2026-09-30T10:14:50.565Z,2026-09-30T10:14:50.565Z,null,null,null,PARAMETERIZED,"{
          ""parameters"":[
            {
              ""name"":""required_columns"",
              ""label"":""Required columns"",
              ""control"":""column_multi_select"",
              ""required"":true
            }
          ]
        }"
218,20,C07,1,null,TABLE,null,null,95.000000,>=,true,2026-09-30T10:14:50.565Z,null,true,1,2026-09-30T10:14:50.565Z,2026-09-30T10:14:50.565Z,null,null,null,PARAMETERIZED,"{
          ""parameters"":[
            {
              ""name"":""selected_columns"",
              ""label"":""Selected columns"",
              ""control"":""column_multi_select"",
              ""required"":true
            }
          ]
        }"
219,20,I04,1,null,TABLE,null,null,0.000000,<=,true,2026-09-30T10:14:50.565Z,null,true,1,2026-09-30T10:14:50.565Z,2026-09-30T10:14:50.565Z,null,null,null,PARAMETERIZED,"{
          ""parameters"":[
            {
              ""name"":""primary_key_column"",
              ""label"":""Primary key column"",
              ""control"":""column_select"",
              ""required"":true
            }
          ]
        }"
220,23,K03,1,213,COLUMN,null,null,98.000000,>=,true,2026-09-30T10:14:50.565Z,null,true,1,2026-09-30T10:14:50.565Z,2026-09-30T10:14:50.565Z,null,null,null,PARAMETERIZED,"
{
  ""parameters"": [
    {
      ""name"": ""standardization_type"",
      ""label"": ""Standardization type"",
      ""control"": ""select"",
      ""required"": true,
      ""options"": [
        ""TRIM"",
        ""UPPERCASE"",
        ""LOWERCASE""
      ]
    }
  ]
}
"
223,20,P13,1,null,TABLE,null,null,null,null,true,2026-09-30T10:14:50.565Z,null,true,1,2026-09-30T10:14:50.565Z,2026-09-30T10:14:50.565Z,null,null,null,PARAMETERIZED,"{
          ""parameters"":[
            {
              ""name"":""baseline_row_count"",
              ""label"":""Baseline row count"",
              ""control"":""number"",
              ""min"":0,
              ""required"":true
            }
          ]
        }"
224,20,P14,1,null,TABLE,null,null,99.000000,>=,true,2026-09-30T10:14:50.565Z,null,true,1,2026-09-30T10:14:50.565Z,2026-09-30T10:14:50.565Z,null,null,null,PARAMETERIZED,"{
          ""parameters"":[
            {
              ""name"":""expected_schema"",
              ""label"":""Expected schema"",
              ""control"":""schema_definition"",
              ""required"":true
            }
          ]
        }"
230,20,T06,1,null,TABLE,null,null,99.000000,>=,true,2026-09-30T10:14:50.565Z,null,true,1,2026-09-30T10:14:50.565Z,2026-09-30T10:14:50.565Z,null,null,null,PARAMETERIZED,"
{
  ""parameters"": [
    {
      ""name"": ""arrival_condition"",
      ""label"": ""Arrival condition"",
      ""control"": ""expression"",
      ""required"": true
    },
    {
      ""name"": ""expected_arrival_count"",
      ""label"": ""Expected arrival count"",
      ""control"": ""number"",
      ""required"": true
    }
  ]
}
"
232,20,U04,1,null,TABLE,null,null,100.000000,>=,true,2026-09-30T10:14:50.565Z,null,true,1,2026-09-30T10:14:50.565Z,2026-09-30T10:14:50.565Z,null,null,null,PARAMETERIZED,"{
          ""parameters"":[
            {
              ""name"":""primary_key_column"",
              ""label"":""Primary key column"",
              ""control"":""column_select"",
              ""required"":true
            }
          ]
        }"
233,20,U05,1,null,TABLE,null,null,100.000000,>=,true,2026-09-30T10:14:50.565Z,null,true,1,2026-09-30T10:14:50.565Z,2026-09-30T10:14:50.565Z,null,null,null,PARAMETERIZED,"{
          ""parameters"":[
            {
              ""name"":""composite_key_columns"",
              ""label"":""Composite key columns"",
              ""control"":""column_multi_select"",
              ""required"":true
            }
          ]
        }"
239,19,C05,1,null,TABLE,null,null,95.000000,>=,true,2026-09-30T10:14:50.565Z,null,true,1,2026-09-30T10:14:50.565Z,2026-09-30T10:14:50.565Z,null,null,null,PARAMETERIZED,"{
          ""parameters"":[
            {
              ""name"":""required_columns"",
              ""label"":""Required columns"",
              ""control"":""column_multi_select"",
              ""required"":true
            }
          ]
        }"
240,19,C07,1,null,TABLE,null,null,95.000000,>=,true,2026-09-30T10:14:50.565Z,null,true,1,2026-09-30T10:14:50.565Z,2026-09-30T10:14:50.565Z,null,null,null,PARAMETERIZED,"{
          ""parameters"":[
            {
              ""name"":""selected_columns"",
              ""label"":""Selected columns"",
              ""control"":""column_multi_select"",
              ""required"":true
            }
          ]
        }"
241,19,I04,1,null,TABLE,null,null,0.000000,<=,true,2026-09-30T10:14:50.565Z,null,true,1,2026-09-30T10:14:50.565Z,2026-09-30T10:14:50.565Z,null,null,null,PARAMETERIZED,"{
          ""parameters"":[
            {
              ""name"":""primary_key_column"",
              ""label"":""Primary key column"",
              ""control"":""column_select"",
              ""required"":true
            }
          ]
        }"
242,18,K03,1,172,COLUMN,null,null,98.000000,>=,true,2026-09-30T10:14:50.565Z,null,true,1,2026-09-30T10:14:50.565Z,2026-09-30T10:14:50.565Z,null,null,null,PARAMETERIZED,"
{
  ""parameters"": [
    {
      ""name"": ""standardization_type"",
      ""label"": ""Standardization type"",
      ""control"": ""select"",
      ""required"": true,
      ""options"": [
        ""TRIM"",
        ""UPPERCASE"",
        ""LOWERCASE""
      ]
    }
  ]
}
"
245,19,P13,1,null,TABLE,null,null,null,null,true,2026-09-30T10:14:50.565Z,null,true,1,2026-09-30T10:14:50.565Z,2026-09-30T10:14:50.565Z,null,null,null,PARAMETERIZED,"{
          ""parameters"":[
            {
              ""name"":""baseline_row_count"",
              ""label"":""Baseline row count"",
              ""control"":""number"",
              ""min"":0,
              ""required"":true
            }
          ]
        }"
246,19,P14,1,null,TABLE,null,null,99.000000,>=,true,2026-09-30T10:14:50.565Z,null,true,1,2026-09-30T10:14:50.565Z,2026-09-30T10:14:50.565Z,null,null,null,PARAMETERIZED,"{
          ""parameters"":[
            {
              ""name"":""expected_schema"",
              ""label"":""Expected schema"",
              ""control"":""schema_definition"",
              ""required"":true
            }
          ]
        }"
252,19,T06,1,null,TABLE,null,null,99.000000,>=,true,2026-09-30T10:14:50.565Z,null,true,1,2026-09-30T10:14:50.565Z,2026-09-30T10:14:50.565Z,null,null,null,PARAMETERIZED,"
{
  ""parameters"": [
    {
      ""name"": ""arrival_condition"",
      ""label"": ""Arrival condition"",
      ""control"": ""expression"",
      ""required"": true
    },
    {
      ""name"": ""expected_arrival_count"",
      ""label"": ""Expected arrival count"",
      ""control"": ""number"",
      ""required"": true
    }
  ]
}
"
254,19,U04,1,null,TABLE,null,null,100.000000,>=,true,2026-09-30T10:14:50.565Z,null,true,1,2026-09-30T10:14:50.565Z,2026-09-30T10:14:50.565Z,null,null,null,PARAMETERIZED,"{
          ""parameters"":[
            {
              ""name"":""primary_key_column"",
              ""label"":""Primary key column"",
              ""control"":""column_select"",
              ""required"":true
            }
          ]
        }"
255,19,U05,1,null,TABLE,null,null,100.000000,>=,true,2026-09-30T10:14:50.565Z,null,true,1,2026-09-30T10:14:50.565Z,2026-09-30T10:14:50.565Z,null,null,null,PARAMETERIZED,"{
          ""parameters"":[
            {
              ""name"":""composite_key_columns"",
              ""label"":""Composite key columns"",
              ""control"":""column_multi_select"",
              ""required"":true
            }
          ]
        }"
261,18,C05,1,null,TABLE,null,null,95.000000,>=,true,2026-09-30T10:14:50.565Z,null,true,1,2026-09-30T10:14:50.565Z,2026-09-30T10:14:50.565Z,null,null,null,PARAMETERIZED,"{
          ""parameters"":[
            {
              ""name"":""required_columns"",
              ""label"":""Required columns"",
              ""control"":""column_multi_select"",
              ""required"":true
            }
          ]
        }"
262,18,C07,1,null,TABLE,null,null,95.000000,>=,true,2026-09-30T10:14:50.565Z,null,true,1,2026-09-30T10:14:50.565Z,2026-09-30T10:14:50.565Z,null,null,null,PARAMETERIZED,"{
          ""parameters"":[
            {
              ""name"":""selected_columns"",
              ""label"":""Selected columns"",
              ""control"":""column_multi_select"",
              ""required"":true
            }
          ]
        }"
263,18,I04,1,null,TABLE,null,null,0.000000,<=,true,2026-09-30T10:14:50.565Z,null,true,1,2026-09-30T10:14:50.565Z,2026-09-30T10:14:50.565Z,null,null,null,PARAMETERIZED,"{
          ""parameters"":[
            {
              ""name"":""primary_key_column"",
              ""label"":""Primary key column"",
              ""control"":""column_select"",
              ""required"":true
            }
          ]
        }"
264,17,K03,1,165,COLUMN,null,null,98.000000,>=,true,2026-09-30T10:14:50.565Z,null,true,1,2026-09-30T10:14:50.565Z,2026-09-30T10:14:50.565Z,null,null,null,PARAMETERIZED,"
{
  ""parameters"": [
    {
      ""name"": ""standardization_type"",
      ""label"": ""Standardization type"",
      ""control"": ""select"",
      ""required"": true,
      ""options"": [
        ""TRIM"",
        ""UPPERCASE"",
        ""LOWERCASE""
      ]
    }
  ]
}
"
267,18,P13,1,null,TABLE,null,null,null,null,true,2026-09-30T10:14:50.565Z,null,true,1,2026-09-30T10:14:50.565Z,2026-09-30T10:14:50.565Z,null,null,null,PARAMETERIZED,"{
          ""parameters"":[
            {
              ""name"":""baseline_row_count"",
              ""label"":""Baseline row count"",
              ""control"":""number"",
              ""min"":0,
              ""required"":true
            }
          ]
        }"
268,18,P14,1,null,TABLE,null,null,99.000000,>=,true,2026-09-30T10:14:50.565Z,null,true,1,2026-09-30T10:14:50.565Z,2026-09-30T10:14:50.565Z,null,null,null,PARAMETERIZED,"{
          ""parameters"":[
            {
              ""name"":""expected_schema"",
              ""label"":""Expected schema"",
              ""control"":""schema_definition"",
              ""required"":true
            }
          ]
        }"
274,18,T06,1,null,TABLE,null,null,99.000000,>=,true,2026-09-30T10:14:50.565Z,null,true,1,2026-09-30T10:14:50.565Z,2026-09-30T10:14:50.565Z,null,null,null,PARAMETERIZED,"
{
  ""parameters"": [
    {
      ""name"": ""arrival_condition"",
      ""label"": ""Arrival condition"",
      ""control"": ""expression"",
      ""required"": true
    },
    {
      ""name"": ""expected_arrival_count"",
      ""label"": ""Expected arrival count"",
      ""control"": ""number"",
      ""required"": true
    }
  ]
}
"
276,18,U04,1,null,TABLE,null,null,100.000000,>=,true,2026-09-30T10:14:50.565Z,null,true,1,2026-09-30T10:14:50.565Z,2026-09-30T10:14:50.565Z,null,null,null,PARAMETERIZED,"{
          ""parameters"":[
            {
              ""name"":""primary_key_column"",
              ""label"":""Primary key column"",
              ""control"":""column_select"",
              ""required"":true
            }
          ]
        }"
277,18,U05,1,null,TABLE,null,null,100.000000,>=,true,2026-09-30T10:14:50.565Z,null,true,1,2026-09-30T10:14:50.565Z,2026-09-30T10:14:50.565Z,null,null,null,PARAMETERIZED,"{
          ""parameters"":[
            {
              ""name"":""composite_key_columns"",
              ""label"":""Composite key columns"",
              ""control"":""column_multi_select"",
              ""required"":true
            }
          ]
        }"
282,17,C05,1,null,TABLE,null,null,95.000000,>=,true,2026-09-30T10:14:50.565Z,null,true,1,2026-09-30T10:14:50.565Z,2026-09-30T10:14:50.565Z,null,null,null,PARAMETERIZED,"{
          ""parameters"":[
            {
              ""name"":""required_columns"",
              ""label"":""Required columns"",
              ""control"":""column_multi_select"",
              ""required"":true
            }
          ]
        }"
283,17,C07,1,null,TABLE,null,null,95.000000,>=,true,2026-09-30T10:14:50.565Z,null,true,1,2026-09-30T10:14:50.565Z,2026-09-30T10:14:50.565Z,null,null,null,PARAMETERIZED,"{
          ""parameters"":[
            {
              ""name"":""selected_columns"",
              ""label"":""Selected columns"",
              ""control"":""column_multi_select"",
              ""required"":true
            }
          ]
        }"
284,17,I04,1,null,TABLE,null,null,0.000000,<=,true,2026-09-30T10:14:50.565Z,null,true,1,2026-09-30T10:14:50.565Z,2026-09-30T10:14:50.565Z,null,null,null,PARAMETERIZED,"{
          ""parameters"":[
            {
              ""name"":""primary_key_column"",
              ""label"":""Primary key column"",
              ""control"":""column_select"",
              ""required"":true
            }
          ]
        }"
285,16,K03,1,151,COLUMN,null,null,98.000000,>=,true,2026-09-30T10:14:50.565Z,null,true,1,2026-09-30T10:14:50.565Z,2026-09-30T10:14:50.565Z,null,null,null,PARAMETERIZED,"
{
  ""parameters"": [
    {
      ""name"": ""standardization_type"",
      ""label"": ""Standardization type"",
      ""control"": ""select"",
      ""required"": true,
      ""options"": [
        ""TRIM"",
        ""UPPERCASE"",
        ""LOWERCASE""
      ]
    }
  ]
}
"
288,17,P13,1,null,TABLE,null,null,null,null,true,2026-09-30T10:14:50.565Z,null,true,1,2026-09-30T10:14:50.565Z,2026-09-30T10:14:50.565Z,null,null,null,PARAMETERIZED,"{
          ""parameters"":[
            {
              ""name"":""baseline_row_count"",
              ""label"":""Baseline row count"",
              ""control"":""number"",
              ""min"":0,
              ""required"":true
            }
          ]
        }"
289,17,P14,1,null,TABLE,null,null,99.000000,>=,true,2026-09-30T10:14:50.565Z,null,true,1,2026-09-30T10:14:50.565Z,2026-09-30T10:14:50.565Z,null,null,null,PARAMETERIZED,"{
          ""parameters"":[
            {
              ""name"":""expected_schema"",
              ""label"":""Expected schema"",
              ""control"":""schema_definition"",
              ""required"":true
            }
          ]
        }"
295,17,T06,1,null,TABLE,null,null,99.000000,>=,true,2026-09-30T10:14:50.565Z,null,true,1,2026-09-30T10:14:50.565Z,2026-09-30T10:14:50.565Z,null,null,null,PARAMETERIZED,"
{
  ""parameters"": [
    {
      ""name"": ""arrival_condition"",
      ""label"": ""Arrival condition"",
      ""control"": ""expression"",
      ""required"": true
    },
    {
      ""name"": ""expected_arrival_count"",
      ""label"": ""Expected arrival count"",
      ""control"": ""number"",
      ""required"": true
    }
  ]
}
"
297,17,U04,1,null,TABLE,null,null,100.000000,>=,true,2026-09-30T10:14:50.565Z,null,true,1,2026-09-30T10:14:50.565Z,2026-09-30T10:14:50.565Z,null,null,null,PARAMETERIZED,"{
          ""parameters"":[
            {
              ""name"":""primary_key_column"",
              ""label"":""Primary key column"",
              ""control"":""column_select"",
              ""required"":true
            }
          ]
        }"
298,17,U05,1,null,TABLE,null,null,100.000000,>=,true,2026-09-30T10:14:50.565Z,null,true,1,2026-09-30T10:14:50.565Z,2026-09-30T10:14:50.565Z,null,null,null,PARAMETERIZED,"{
          ""parameters"":[
            {
              ""name"":""composite_key_columns"",
              ""label"":""Composite key columns"",
              ""control"":""column_multi_select"",
              ""required"":true
            }
          ]
        }"
303,16,C05,1,null,TABLE,null,null,95.000000,>=,true,2026-09-30T10:14:50.565Z,null,true,1,2026-09-30T10:14:50.565Z,2026-09-30T10:14:50.565Z,null,null,null,PARAMETERIZED,"{
          ""parameters"":[
            {
              ""name"":""required_columns"",
              ""label"":""Required columns"",
              ""control"":""column_multi_select"",
              ""required"":true
            }
          ]
        }"
304,16,C07,1,null,TABLE,null,null,95.000000,>=,true,2026-09-30T10:14:50.565Z,null,true,1,2026-09-30T10:14:50.565Z,2026-09-30T10:14:50.565Z,null,null,null,PARAMETERIZED,"{
          ""parameters"":[
            {
              ""name"":""selected_columns"",
              ""label"":""Selected columns"",
              ""control"":""column_multi_select"",
              ""required"":true
            }
          ]
        }"
305,16,I04,1,null,TABLE,null,null,0.000000,<=,true,2026-09-30T10:14:50.565Z,null,true,1,2026-09-30T10:14:50.565Z,2026-09-30T10:14:50.565Z,null,null,null,PARAMETERIZED,"{
          ""parameters"":[
            {
              ""name"":""primary_key_column"",
              ""label"":""Primary key column"",
              ""control"":""column_select"",
              ""required"":true
            }
          ]
        }"
306,14,K03,1,134,COLUMN,null,null,98.000000,>=,true,2026-09-30T10:14:50.565Z,null,true,1,2026-09-30T10:14:50.565Z,2026-09-30T10:14:50.565Z,null,null,null,PARAMETERIZED,"
{
  ""parameters"": [
    {
      ""name"": ""standardization_type"",
      ""label"": ""Standardization type"",
      ""control"": ""select"",
      ""required"": true,
      ""options"": [
        ""TRIM"",
        ""UPPERCASE"",
        ""LOWERCASE""
      ]
    }
  ]
}
"
309,16,P13,1,null,TABLE,null,null,null,null,true,2026-09-30T10:14:50.565Z,null,true,1,2026-09-30T10:14:50.565Z,2026-09-30T10:14:50.565Z,null,null,null,PARAMETERIZED,"{
          ""parameters"":[
            {
              ""name"":""baseline_row_count"",
              ""label"":""Baseline row count"",
              ""control"":""number"",
              ""min"":0,
              ""required"":true
            }
          ]
        }"
310,16,P14,1,null,TABLE,null,null,99.000000,>=,true,2026-09-30T10:14:50.565Z,null,true,1,2026-09-30T10:14:50.565Z,2026-09-30T10:14:50.565Z,null,null,null,PARAMETERIZED,"{
          ""parameters"":[
            {
              ""name"":""expected_schema"",
              ""label"":""Expected schema"",
              ""control"":""schema_definition"",
              ""required"":true
            }
          ]
        }"
316,16,T06,1,null,TABLE,null,null,99.000000,>=,true,2026-09-30T10:14:50.565Z,null,true,1,2026-09-30T10:14:50.565Z,2026-09-30T10:14:50.565Z,null,null,null,PARAMETERIZED,"
{
  ""parameters"": [
    {
      ""name"": ""arrival_condition"",
      ""label"": ""Arrival condition"",
      ""control"": ""expression"",
      ""required"": true
    },
    {
      ""name"": ""expected_arrival_count"",
      ""label"": ""Expected arrival count"",
      ""control"": ""number"",
      ""required"": true
    }
  ]
}
"
318,16,U04,1,null,TABLE,null,null,100.000000,>=,true,2026-09-30T10:14:50.565Z,null,true,1,2026-09-30T10:14:50.565Z,2026-09-30T10:14:50.565Z,null,null,null,PARAMETERIZED,"{
          ""parameters"":[
            {
              ""name"":""primary_key_column"",
              ""label"":""Primary key column"",
              ""control"":""column_select"",
              ""required"":true
            }
          ]
        }"
319,16,U05,1,null,TABLE,null,null,100.000000,>=,true,2026-09-30T10:14:50.565Z,null,true,1,2026-09-30T10:14:50.565Z,2026-09-30T10:14:50.565Z,null,null,null,PARAMETERIZED,"{
          ""parameters"":[
            {
              ""name"":""composite_key_columns"",
              ""label"":""Composite key columns"",
              ""control"":""column_multi_select"",
              ""required"":true
            }
          ]
        }"
324,15,C05,1,null,TABLE,null,null,95.000000,>=,true,2026-09-30T10:14:50.565Z,null,true,1,2026-09-30T10:14:50.565Z,2026-09-30T10:14:50.565Z,null,null,null,PARAMETERIZED,"{
          ""parameters"":[
            {
              ""name"":""required_columns"",
              ""label"":""Required columns"",
              ""control"":""column_multi_select"",
              ""required"":true
            }
          ]
        }"
325,15,C07,1,null,TABLE,null,null,95.000000,>=,true,2026-09-30T10:14:50.565Z,null,true,1,2026-09-30T10:14:50.565Z,2026-09-30T10:14:50.565Z,null,null,null,PARAMETERIZED,"{
          ""parameters"":[
            {
              ""name"":""selected_columns"",
              ""label"":""Selected columns"",
              ""control"":""column_multi_select"",
              ""required"":true
            }
          ]
        }"
326,15,I04,1,null,TABLE,null,null,0.000000,<=,true,2026-09-30T10:14:50.565Z,null,true,1,2026-09-30T10:14:50.565Z,2026-09-30T10:14:50.565Z,null,null,null,PARAMETERIZED,"{
          ""parameters"":[
            {
              ""name"":""primary_key_column"",
              ""label"":""Primary key column"",
              ""control"":""column_select"",
              ""required"":true
            }
          ]
        }"
327,12,K03,1,118,COLUMN,null,null,98.000000,>=,true,2026-09-30T10:14:50.565Z,null,true,1,2026-09-30T10:14:50.565Z,2026-09-30T10:14:50.565Z,null,null,null,PARAMETERIZED,"
{
  ""parameters"": [
    {
      ""name"": ""standardization_type"",
      ""label"": ""Standardization type"",
      ""control"": ""select"",
      ""required"": true,
      ""options"": [
        ""TRIM"",
        ""UPPERCASE"",
        ""LOWERCASE""
      ]
    }
  ]
}
"
329,15,P13,1,null,TABLE,null,null,null,null,true,2026-09-30T10:14:50.565Z,null,true,1,2026-09-30T10:14:50.565Z,2026-09-30T10:14:50.565Z,null,null,null,PARAMETERIZED,"{
          ""parameters"":[
            {
              ""name"":""baseline_row_count"",
              ""label"":""Baseline row count"",
              ""control"":""number"",
              ""min"":0,
              ""required"":true
            }
          ]
        }"
330,15,P14,1,null,TABLE,null,null,99.000000,>=,true,2026-09-30T10:14:50.565Z,null,true,1,2026-09-30T10:14:50.565Z,2026-09-30T10:14:50.565Z,null,null,null,PARAMETERIZED,"{
          ""parameters"":[
            {
              ""name"":""expected_schema"",
              ""label"":""Expected schema"",
              ""control"":""schema_definition"",
              ""required"":true
            }
          ]
        }"
336,15,T06,1,null,TABLE,null,null,99.000000,>=,true,2026-09-30T10:14:50.565Z,null,true,1,2026-09-30T10:14:50.565Z,2026-09-30T10:14:50.565Z,null,null,null,PARAMETERIZED,"
{
  ""parameters"": [
    {
      ""name"": ""arrival_condition"",
      ""label"": ""Arrival condition"",
      ""control"": ""expression"",
      ""required"": true
    },
    {
      ""name"": ""expected_arrival_count"",
      ""label"": ""Expected arrival count"",
      ""control"": ""number"",
      ""required"": true
    }
  ]
}
"
338,15,U04,1,null,TABLE,null,null,100.000000,>=,true,2026-09-30T10:14:50.565Z,null,true,1,2026-09-30T10:14:50.565Z,2026-09-30T10:14:50.565Z,null,null,null,PARAMETERIZED,"{
          ""parameters"":[
            {
              ""name"":""primary_key_column"",
              ""label"":""Primary key column"",
              ""control"":""column_select"",
              ""required"":true
            }
          ]
        }"
339,15,U05,1,null,TABLE,null,null,100.000000,>=,true,2026-09-30T10:14:50.565Z,null,true,1,2026-09-30T10:14:50.565Z,2026-09-30T10:14:50.565Z,null,null,null,PARAMETERIZED,"{
          ""parameters"":[
            {
              ""name"":""composite_key_columns"",
              ""label"":""Composite key columns"",
              ""control"":""column_multi_select"",
              ""required"":true
            }
          ]
        }"
344,14,C05,1,null,TABLE,null,null,95.000000,>=,true,2026-09-30T10:14:50.565Z,null,true,1,2026-09-30T10:14:50.565Z,2026-09-30T10:14:50.565Z,null,null,null,PARAMETERIZED,"{
          ""parameters"":[
            {
              ""name"":""required_columns"",
              ""label"":""Required columns"",
              ""control"":""column_multi_select"",
              ""required"":true
            }
          ]
        }"
345,14,C07,1,null,TABLE,null,null,95.000000,>=,true,2026-09-30T10:14:50.565Z,null,true,1,2026-09-30T10:14:50.565Z,2026-09-30T10:14:50.565Z,null,null,null,PARAMETERIZED,"{
          ""parameters"":[
            {
              ""name"":""selected_columns"",
              ""label"":""Selected columns"",
              ""control"":""column_multi_select"",
              ""required"":true
            }
          ]
        }"
346,14,I04,1,null,TABLE,null,null,0.000000,<=,true,2026-09-30T10:14:50.565Z,null,true,1,2026-09-30T10:14:50.565Z,2026-09-30T10:14:50.565Z,null,null,null,PARAMETERIZED,"{
          ""parameters"":[
            {
              ""name"":""primary_key_column"",
              ""label"":""Primary key column"",
              ""control"":""column_select"",
              ""required"":true
            }
          ]
        }"
347,12,K03,1,117,COLUMN,null,null,98.000000,>=,true,2026-09-30T10:14:50.565Z,null,true,1,2026-09-30T10:14:50.565Z,2026-09-30T10:14:50.565Z,null,null,null,PARAMETERIZED,"
{
  ""parameters"": [
    {
      ""name"": ""standardization_type"",
      ""label"": ""Standardization type"",
      ""control"": ""select"",
      ""required"": true,
      ""options"": [
        ""TRIM"",
        ""UPPERCASE"",
        ""LOWERCASE""
      ]
    }
  ]
}
"
349,14,P13,1,null,TABLE,null,null,null,null,true,2026-09-30T10:14:50.565Z,null,true,1,2026-09-30T10:14:50.565Z,2026-09-30T10:14:50.565Z,null,null,null,PARAMETERIZED,"{
          ""parameters"":[
            {
              ""name"":""baseline_row_count"",
              ""label"":""Baseline row count"",
              ""control"":""number"",
              ""min"":0,
              ""required"":true
            }
          ]
        }"
350,14,P14,1,null,TABLE,null,null,99.000000,>=,true,2026-09-30T10:14:50.565Z,null,true,1,2026-09-30T10:14:50.565Z,2026-09-30T10:14:50.565Z,null,null,null,PARAMETERIZED,"{
          ""parameters"":[
            {
              ""name"":""expected_schema"",
              ""label"":""Expected schema"",
              ""control"":""schema_definition"",
              ""required"":true
            }
          ]
        }"
356,14,T06,1,null,TABLE,null,null,99.000000,>=,true,2026-09-30T10:14:50.565Z,null,true,1,2026-09-30T10:14:50.565Z,2026-09-30T10:14:50.565Z,null,null,null,PARAMETERIZED,"
{
  ""parameters"": [
    {
      ""name"": ""arrival_condition"",
      ""label"": ""Arrival condition"",
      ""control"": ""expression"",
      ""required"": true
    },
    {
      ""name"": ""expected_arrival_count"",
      ""label"": ""Expected arrival count"",
      ""control"": ""number"",
      ""required"": true
    }
  ]
}
"
358,14,U04,1,null,TABLE,null,null,100.000000,>=,true,2026-09-30T10:14:50.565Z,null,true,1,2026-09-30T10:14:50.565Z,2026-09-30T10:14:50.565Z,null,null,null,PARAMETERIZED,"{
          ""parameters"":[
            {
              ""name"":""primary_key_column"",
              ""label"":""Primary key column"",
              ""control"":""column_select"",
              ""required"":true
            }
          ]
        }"
359,14,U05,1,null,TABLE,null,null,100.000000,>=,true,2026-09-30T10:14:50.565Z,null,true,1,2026-09-30T10:14:50.565Z,2026-09-30T10:14:50.565Z,null,null,null,PARAMETERIZED,"{
          ""parameters"":[
            {
              ""name"":""composite_key_columns"",
              ""label"":""Composite key columns"",
              ""control"":""column_multi_select"",
              ""required"":true
            }
          ]
        }"
364,13,C05,1,null,TABLE,null,null,95.000000,>=,true,2026-09-30T10:14:50.565Z,null,true,1,2026-09-30T10:14:50.565Z,2026-09-30T10:14:50.565Z,null,null,null,PARAMETERIZED,"{
          ""parameters"":[
            {
              ""name"":""required_columns"",
              ""label"":""Required columns"",
              ""control"":""column_multi_select"",
              ""required"":true
            }
          ]
        }"
365,13,C07,1,null,TABLE,null,null,95.000000,>=,true,2026-09-30T10:14:50.565Z,null,true,1,2026-09-30T10:14:50.565Z,2026-09-30T10:14:50.565Z,null,null,null,PARAMETERIZED,"{
          ""parameters"":[
            {
              ""name"":""selected_columns"",
              ""label"":""Selected columns"",
              ""control"":""column_multi_select"",
              ""required"":true
            }
          ]
        }"
366,13,I04,1,null,TABLE,null,null,0.000000,<=,true,2026-09-30T10:14:50.565Z,null,true,1,2026-09-30T10:14:50.565Z,2026-09-30T10:14:50.565Z,null,null,null,PARAMETERIZED,"{
          ""parameters"":[
            {
              ""name"":""primary_key_column"",
              ""label"":""Primary key column"",
              ""control"":""column_select"",
              ""required"":true
            }
          ]
        }"
367,10,K03,1,101,COLUMN,null,null,98.000000,>=,true,2026-09-30T10:14:50.565Z,null,true,1,2026-09-30T10:14:50.565Z,2026-09-30T10:14:50.565Z,null,null,null,PARAMETERIZED,"
{
  ""parameters"": [
    {
      ""name"": ""standardization_type"",
      ""label"": ""Standardization type"",
      ""control"": ""select"",
      ""required"": true,
      ""options"": [
        ""TRIM"",
        ""UPPERCASE"",
        ""LOWERCASE""
      ]
    }
  ]
}
"
369,13,P13,1,null,TABLE,null,null,null,null,true,2026-09-30T10:14:50.565Z,null,true,1,2026-09-30T10:14:50.565Z,2026-09-30T10:14:50.565Z,null,null,null,PARAMETERIZED,"{
          ""parameters"":[
            {
              ""name"":""baseline_row_count"",
              ""label"":""Baseline row count"",
              ""control"":""number"",
              ""min"":0,
              ""required"":true
            }
          ]
        }"
370,13,P14,1,null,TABLE,null,null,99.000000,>=,true,2026-09-30T10:14:50.565Z,null,true,1,2026-09-30T10:14:50.565Z,2026-09-30T10:14:50.565Z,null,null,null,PARAMETERIZED,"{
          ""parameters"":[
            {
              ""name"":""expected_schema"",
              ""label"":""Expected schema"",
              ""control"":""schema_definition"",
              ""required"":true
            }
          ]
        }"
376,13,T06,1,null,TABLE,null,null,99.000000,>=,true,2026-09-30T10:14:50.565Z,null,true,1,2026-09-30T10:14:50.565Z,2026-09-30T10:14:50.565Z,null,null,null,PARAMETERIZED,"
{
  ""parameters"": [
    {
      ""name"": ""arrival_condition"",
      ""label"": ""Arrival condition"",
      ""control"": ""expression"",
      ""required"": true
    },
    {
      ""name"": ""expected_arrival_count"",
      ""label"": ""Expected arrival count"",
      ""control"": ""number"",
      ""required"": true
    }
  ]
}
"
378,13,U04,1,null,TABLE,null,null,100.000000,>=,true,2026-09-30T10:14:50.565Z,null,true,1,2026-09-30T10:14:50.565Z,2026-09-30T10:14:50.565Z,null,null,null,PARAMETERIZED,"{
          ""parameters"":[
            {
              ""name"":""primary_key_column"",
              ""label"":""Primary key column"",
              ""control"":""column_select"",
              ""required"":true
            }
          ]
        }"
379,13,U05,1,null,TABLE,null,null,100.000000,>=,true,2026-09-30T10:14:50.565Z,null,true,1,2026-09-30T10:14:50.565Z,2026-09-30T10:14:50.565Z,null,null,null,PARAMETERIZED,"{
          ""parameters"":[
            {
              ""name"":""composite_key_columns"",
              ""label"":""Composite key columns"",
              ""control"":""column_multi_select"",
              ""required"":true
            }
          ]
        }"
384,12,C05,1,null,TABLE,null,null,95.000000,>=,true,2026-09-30T10:14:50.565Z,null,true,1,2026-09-30T10:14:50.565Z,2026-09-30T10:14:50.565Z,null,null,null,PARAMETERIZED,"{
          ""parameters"":[
            {
              ""name"":""required_columns"",
              ""label"":""Required columns"",
              ""control"":""column_multi_select"",
              ""required"":true
            }
          ]
        }"
385,12,C07,1,null,TABLE,null,null,95.000000,>=,true,2026-09-30T10:14:50.565Z,null,true,1,2026-09-30T10:14:50.565Z,2026-09-30T10:14:50.565Z,null,null,null,PARAMETERIZED,"{
          ""parameters"":[
            {
              ""name"":""selected_columns"",
              ""label"":""Selected columns"",
              ""control"":""column_multi_select"",
              ""required"":true
            }
          ]
        }"
386,12,I04,1,null,TABLE,null,null,0.000000,<=,true,2026-09-30T10:14:50.565Z,null,true,1,2026-09-30T10:14:50.565Z,2026-09-30T10:14:50.565Z,null,null,null,PARAMETERIZED,"{
          ""parameters"":[
            {
              ""name"":""primary_key_column"",
              ""label"":""Primary key column"",
              ""control"":""column_select"",
              ""required"":true
            }
          ]
        }"
387,10,K03,1,100,COLUMN,null,null,98.000000,>=,true,2026-09-30T10:14:50.565Z,null,true,1,2026-09-30T10:14:50.565Z,2026-09-30T10:14:50.565Z,null,null,null,PARAMETERIZED,"
{
  ""parameters"": [
    {
      ""name"": ""standardization_type"",
      ""label"": ""Standardization type"",
      ""control"": ""select"",
      ""required"": true,
      ""options"": [
        ""TRIM"",
        ""UPPERCASE"",
        ""LOWERCASE""
      ]
    }
  ]
}
"
389,12,P13,1,null,TABLE,null,null,null,null,true,2026-09-30T10:14:50.565Z,null,true,1,2026-09-30T10:14:50.565Z,2026-09-30T10:14:50.565Z,null,null,null,PARAMETERIZED,"{
          ""parameters"":[
            {
              ""name"":""baseline_row_count"",
              ""label"":""Baseline row count"",
              ""control"":""number"",
              ""min"":0,
              ""required"":true
            }
          ]
        }"
390,12,P14,1,null,TABLE,null,null,99.000000,>=,true,2026-09-30T10:14:50.565Z,null,true,1,2026-09-30T10:14:50.565Z,2026-09-30T10:14:50.565Z,null,null,null,PARAMETERIZED,"{
          ""parameters"":[
            {
              ""name"":""expected_schema"",
              ""label"":""Expected schema"",
              ""control"":""schema_definition"",
              ""required"":true
            }
          ]
        }"
396,12,T06,1,null,TABLE,null,null,99.000000,>=,true,2026-09-30T10:14:50.565Z,null,true,1,2026-09-30T10:14:50.565Z,2026-09-30T10:14:50.565Z,null,null,null,PARAMETERIZED,"
{
  ""parameters"": [
    {
      ""name"": ""arrival_condition"",
      ""label"": ""Arrival condition"",
      ""control"": ""expression"",
      ""required"": true
    },
    {
      ""name"": ""expected_arrival_count"",
      ""label"": ""Expected arrival count"",
      ""control"": ""number"",
      ""required"": true
    }
  ]
}
"
398,12,U04,1,null,TABLE,null,null,100.000000,>=,true,2026-09-30T10:14:50.565Z,null,true,1,2026-09-30T10:14:50.565Z,2026-09-30T10:14:50.565Z,null,null,null,PARAMETERIZED,"{
          ""parameters"":[
            {
              ""name"":""primary_key_column"",
              ""label"":""Primary key column"",
              ""control"":""column_select"",
              ""required"":true
            }
          ]
        }"
399,12,U05,1,null,TABLE,null,null,100.000000,>=,true,2026-09-30T10:14:50.565Z,null,true,1,2026-09-30T10:14:50.565Z,2026-09-30T10:14:50.565Z,null,null,null,PARAMETERIZED,"{
          ""parameters"":[
            {
              ""name"":""composite_key_columns"",
              ""label"":""Composite key columns"",
              ""control"":""column_multi_select"",
              ""required"":true
            }
          ]
        }"
404,11,C05,1,null,TABLE,null,null,95.000000,>=,true,2026-09-30T10:14:50.565Z,null,true,1,2026-09-30T10:14:50.565Z,2026-09-30T10:14:50.565Z,null,null,null,PARAMETERIZED,"{
          ""parameters"":[
            {
              ""name"":""required_columns"",
              ""label"":""Required columns"",
              ""control"":""column_multi_select"",
              ""required"":true
            }
          ]
        }"
405,11,C07,1,null,TABLE,null,null,95.000000,>=,true,2026-09-30T10:14:50.565Z,null,true,1,2026-09-30T10:14:50.565Z,2026-09-30T10:14:50.565Z,null,null,null,PARAMETERIZED,"{
          ""parameters"":[
            {
              ""name"":""selected_columns"",
              ""label"":""Selected columns"",
              ""control"":""column_multi_select"",
              ""required"":true
            }
          ]
        }"
406,11,I04,1,null,TABLE,null,null,0.000000,<=,true,2026-09-30T10:14:50.565Z,null,true,1,2026-09-30T10:14:50.565Z,2026-09-30T10:14:50.565Z,null,null,null,PARAMETERIZED,"{
          ""parameters"":[
            {
              ""name"":""primary_key_column"",
              ""label"":""Primary key column"",
              ""control"":""column_select"",
              ""required"":true
            }
          ]
        }"
407,9,K03,1,88,COLUMN,null,null,98.000000,>=,true,2026-09-30T10:14:50.565Z,null,true,1,2026-09-30T10:14:50.565Z,2026-09-30T10:14:50.565Z,null,null,null,PARAMETERIZED,"
{
  ""parameters"": [
    {
      ""name"": ""standardization_type"",
      ""label"": ""Standardization type"",
      ""control"": ""select"",
      ""required"": true,
      ""options"": [
        ""TRIM"",
        ""UPPERCASE"",
        ""LOWERCASE""
      ]
    }
  ]
}
"
409,11,P13,1,null,TABLE,null,null,null,null,true,2026-09-30T10:14:50.565Z,null,true,1,2026-09-30T10:14:50.565Z,2026-09-30T10:14:50.565Z,null,null,null,PARAMETERIZED,"{
          ""parameters"":[
            {
              ""name"":""baseline_row_count"",
              ""label"":""Baseline row count"",
              ""control"":""number"",
              ""min"":0,
              ""required"":true
            }
          ]
        }"
410,11,P14,1,null,TABLE,null,null,99.000000,>=,true,2026-09-30T10:14:50.565Z,null,true,1,2026-09-30T10:14:50.565Z,2026-09-30T10:14:50.565Z,null,null,null,PARAMETERIZED,"{
          ""parameters"":[
            {
              ""name"":""expected_schema"",
              ""label"":""Expected schema"",
              ""control"":""schema_definition"",
              ""required"":true
            }
          ]
        }"
416,11,T06,1,null,TABLE,null,null,99.000000,>=,true,2026-09-30T10:14:50.565Z,null,true,1,2026-09-30T10:14:50.565Z,2026-09-30T10:14:50.565Z,null,null,null,PARAMETERIZED,"
{
  ""parameters"": [
    {
      ""name"": ""arrival_condition"",
      ""label"": ""Arrival condition"",
      ""control"": ""expression"",
      ""required"": true
    },
    {
      ""name"": ""expected_arrival_count"",
      ""label"": ""Expected arrival count"",
      ""control"": ""number"",
      ""required"": true
    }
  ]
}
"
418,11,U04,1,null,TABLE,null,null,100.000000,>=,true,2026-09-30T10:14:50.565Z,null,true,1,2026-09-30T10:14:50.565Z,2026-09-30T10:14:50.565Z,null,null,null,PARAMETERIZED,"{
          ""parameters"":[
            {
              ""name"":""primary_key_column"",
              ""label"":""Primary key column"",
              ""control"":""column_select"",
              ""required"":true
            }
          ]
        }"
419,11,U05,1,null,TABLE,null,null,100.000000,>=,true,2026-09-30T10:14:50.565Z,null,true,1,2026-09-30T10:14:50.565Z,2026-09-30T10:14:50.565Z,null,null,null,PARAMETERIZED,"{
          ""parameters"":[
            {
              ""name"":""composite_key_columns"",
              ""label"":""Composite key columns"",
              ""control"":""column_multi_select"",
              ""required"":true
            }
          ]
        }"
424,10,C05,1,null,TABLE,null,null,95.000000,>=,true,2026-09-30T10:14:50.565Z,null,true,1,2026-09-30T10:14:50.565Z,2026-09-30T10:14:50.565Z,null,null,null,PARAMETERIZED,"{
          ""parameters"":[
            {
              ""name"":""required_columns"",
              ""label"":""Required columns"",
              ""control"":""column_multi_select"",
              ""required"":true
            }
          ]
        }"
425,10,C07,1,null,TABLE,null,null,95.000000,>=,true,2026-09-30T10:14:50.565Z,null,true,1,2026-09-30T10:14:50.565Z,2026-09-30T10:14:50.565Z,null,null,null,PARAMETERIZED,"{
          ""parameters"":[
            {
              ""name"":""selected_columns"",
              ""label"":""Selected columns"",
              ""control"":""column_multi_select"",
              ""required"":true
            }
          ]
        }"
426,10,I04,1,null,TABLE,null,null,0.000000,<=,true,2026-09-30T10:14:50.565Z,null,true,1,2026-09-30T10:14:50.565Z,2026-09-30T10:14:50.565Z,null,null,null,PARAMETERIZED,"{
          ""parameters"":[
            {
              ""name"":""primary_key_column"",
              ""label"":""Primary key column"",
              ""control"":""column_select"",
              ""required"":true
            }
          ]
        }"
427,5,K03,1,50,COLUMN,null,null,98.000000,>=,true,2026-09-30T10:14:50.565Z,null,true,1,2026-09-30T10:14:50.565Z,2026-09-30T10:14:50.565Z,null,null,null,PARAMETERIZED,"
{
  ""parameters"": [
    {
      ""name"": ""standardization_type"",
      ""label"": ""Standardization type"",
      ""control"": ""select"",
      ""required"": true,
      ""options"": [
        ""TRIM"",
        ""UPPERCASE"",
        ""LOWERCASE""
      ]
    }
  ]
}
"
429,10,P13,1,null,TABLE,null,null,null,null,true,2026-09-30T10:14:50.565Z,null,true,1,2026-09-30T10:14:50.565Z,2026-09-30T10:14:50.565Z,null,null,null,PARAMETERIZED,"{
          ""parameters"":[
            {
              ""name"":""baseline_row_count"",
              ""label"":""Baseline row count"",
              ""control"":""number"",
              ""min"":0,
              ""required"":true
            }
          ]
        }"
430,10,P14,1,null,TABLE,null,null,99.000000,>=,true,2026-09-30T10:14:50.565Z,null,true,1,2026-09-30T10:14:50.565Z,2026-09-30T10:14:50.565Z,null,null,null,PARAMETERIZED,"{
          ""parameters"":[
            {
              ""name"":""expected_schema"",
              ""label"":""Expected schema"",
              ""control"":""schema_definition"",
              ""required"":true
            }
          ]
        }"
436,10,T06,1,null,TABLE,null,null,99.000000,>=,true,2026-09-30T10:14:50.565Z,null,true,1,2026-09-30T10:14:50.565Z,2026-09-30T10:14:50.565Z,null,null,null,PARAMETERIZED,"
{
  ""parameters"": [
    {
      ""name"": ""arrival_condition"",
      ""label"": ""Arrival condition"",
      ""control"": ""expression"",
      ""required"": true
    },
    {
      ""name"": ""expected_arrival_count"",
      ""label"": ""Expected arrival count"",
      ""control"": ""number"",
      ""required"": true
    }
  ]
}
"
438,10,U04,1,null,TABLE,null,null,100.000000,>=,true,2026-09-30T10:14:50.565Z,null,true,1,2026-09-30T10:14:50.565Z,2026-09-30T10:14:50.565Z,null,null,null,PARAMETERIZED,"{
          ""parameters"":[
            {
              ""name"":""primary_key_column"",
              ""label"":""Primary key column"",
              ""control"":""column_select"",
              ""required"":true
            }
          ]
        }"
439,10,U05,1,null,TABLE,null,null,100.000000,>=,true,2026-09-30T10:14:50.565Z,null,true,1,2026-09-30T10:14:50.565Z,2026-09-30T10:14:50.565Z,null,null,null,PARAMETERIZED,"{
          ""parameters"":[
            {
              ""name"":""composite_key_columns"",
              ""label"":""Composite key columns"",
              ""control"":""column_multi_select"",
              ""required"":true
            }
          ]
        }"
444,9,C05,1,null,TABLE,null,null,95.000000,>=,true,2026-09-30T10:14:50.565Z,null,true,1,2026-09-30T10:14:50.565Z,2026-09-30T10:14:50.565Z,null,null,null,PARAMETERIZED,"{
          ""parameters"":[
            {
              ""name"":""required_columns"",
              ""label"":""Required columns"",
              ""control"":""column_multi_select"",
              ""required"":true
            }
          ]
        }"
445,9,C07,1,null,TABLE,null,null,95.000000,>=,true,2026-09-30T10:14:50.565Z,null,true,1,2026-09-30T10:14:50.565Z,2026-09-30T10:14:50.565Z,null,null,null,PARAMETERIZED,"{
          ""parameters"":[
            {
              ""name"":""selected_columns"",
              ""label"":""Selected columns"",
              ""control"":""column_multi_select"",
              ""required"":true
            }
          ]
        }"
446,9,I04,1,null,TABLE,null,null,0.000000,<=,true,2026-09-30T10:14:50.565Z,null,true,1,2026-09-30T10:14:50.565Z,2026-09-30T10:14:50.565Z,null,null,null,PARAMETERIZED,"{
          ""parameters"":[
            {
              ""name"":""primary_key_column"",
              ""label"":""Primary key column"",
              ""control"":""column_select"",
              ""required"":true
            }
          ]
        }"
447,4,K03,1,42,COLUMN,null,null,98.000000,>=,true,2026-09-30T10:14:50.565Z,null,true,1,2026-09-30T10:14:50.565Z,2026-09-30T10:14:50.565Z,null,null,null,PARAMETERIZED,"
{
  ""parameters"": [
    {
      ""name"": ""standardization_type"",
      ""label"": ""Standardization type"",
      ""control"": ""select"",
      ""required"": true,
      ""options"": [
        ""TRIM"",
        ""UPPERCASE"",
        ""LOWERCASE""
      ]
    }
  ]
}
"
449,9,P13,1,null,TABLE,null,null,null,null,true,2026-09-30T10:14:50.565Z,null,true,1,2026-09-30T10:14:50.565Z,2026-09-30T10:14:50.565Z,null,null,null,PARAMETERIZED,"{
          ""parameters"":[
            {
              ""name"":""baseline_row_count"",
              ""label"":""Baseline row count"",
              ""control"":""number"",
              ""min"":0,
              ""required"":true
            }
          ]
        }"
450,9,P14,1,null,TABLE,null,null,99.000000,>=,true,2026-09-30T10:14:50.565Z,null,true,1,2026-09-30T10:14:50.565Z,2026-09-30T10:14:50.565Z,null,null,null,PARAMETERIZED,"{
          ""parameters"":[
            {
              ""name"":""expected_schema"",
              ""label"":""Expected schema"",
              ""control"":""schema_definition"",
              ""required"":true
            }
          ]
        }"
456,9,T06,1,null,TABLE,null,null,99.000000,>=,true,2026-09-30T10:14:50.565Z,null,true,1,2026-09-30T10:14:50.565Z,2026-09-30T10:14:50.565Z,null,null,null,PARAMETERIZED,"
{
  ""parameters"": [
    {
      ""name"": ""arrival_condition"",
      ""label"": ""Arrival condition"",
      ""control"": ""expression"",
      ""required"": true
    },
    {
      ""name"": ""expected_arrival_count"",
      ""label"": ""Expected arrival count"",
      ""control"": ""number"",
      ""required"": true
    }
  ]
}
"
458,9,U04,1,null,TABLE,null,null,100.000000,>=,true,2026-09-30T10:14:50.565Z,null,true,1,2026-09-30T10:14:50.565Z,2026-09-30T10:14:50.565Z,null,null,null,PARAMETERIZED,"{
          ""parameters"":[
            {
              ""name"":""primary_key_column"",
              ""label"":""Primary key column"",
              ""control"":""column_select"",
              ""required"":true
            }
          ]
        }"
459,9,U05,1,null,TABLE,null,null,100.000000,>=,true,2026-09-30T10:14:50.565Z,null,true,1,2026-09-30T10:14:50.565Z,2026-09-30T10:14:50.565Z,null,null,null,PARAMETERIZED,"{
          ""parameters"":[
            {
              ""name"":""composite_key_columns"",
              ""label"":""Composite key columns"",
              ""control"":""column_multi_select"",
              ""required"":true
            }
          ]
        }"
464,8,C05,1,null,TABLE,null,null,95.000000,>=,true,2026-09-30T10:14:50.565Z,null,true,1,2026-09-30T10:14:50.565Z,2026-09-30T10:14:50.565Z,null,null,null,PARAMETERIZED,"{
          ""parameters"":[
            {
              ""name"":""required_columns"",
              ""label"":""Required columns"",
              ""control"":""column_multi_select"",
              ""required"":true
            }
          ]
        }"
465,8,C07,1,null,TABLE,null,null,95.000000,>=,true,2026-09-30T10:14:50.565Z,null,true,1,2026-09-30T10:14:50.565Z,2026-09-30T10:14:50.565Z,null,null,null,PARAMETERIZED,"{
          ""parameters"":[
            {
              ""name"":""selected_columns"",
              ""label"":""Selected columns"",
              ""control"":""column_multi_select"",
              ""required"":true
            }
          ]
        }"
466,8,I04,1,null,TABLE,null,null,0.000000,<=,true,2026-09-30T10:14:50.565Z,null,true,1,2026-09-30T10:14:50.565Z,2026-09-30T10:14:50.565Z,null,null,null,PARAMETERIZED,"{
          ""parameters"":[
            {
              ""name"":""primary_key_column"",
              ""label"":""Primary key column"",
              ""control"":""column_select"",
              ""required"":true
            }
          ]
        }"
467,3,K03,1,33,COLUMN,null,null,98.000000,>=,true,2026-09-30T10:14:50.565Z,null,true,1,2026-09-30T10:14:50.565Z,2026-09-30T10:14:50.565Z,null,null,null,PARAMETERIZED,"
{
  ""parameters"": [
    {
      ""name"": ""standardization_type"",
      ""label"": ""Standardization type"",
      ""control"": ""select"",
      ""required"": true,
      ""options"": [
        ""TRIM"",
        ""UPPERCASE"",
        ""LOWERCASE""
      ]
    }
  ]
}
"
469,8,P13,1,null,TABLE,null,null,null,null,true,2026-09-30T10:14:50.565Z,null,true,1,2026-09-30T10:14:50.565Z,2026-09-30T10:14:50.565Z,null,null,null,PARAMETERIZED,"{
          ""parameters"":[
            {
              ""name"":""baseline_row_count"",
              ""label"":""Baseline row count"",
              ""control"":""number"",
              ""min"":0,
              ""required"":true
            }
          ]
        }"
470,8,P14,1,null,TABLE,null,null,99.000000,>=,true,2026-09-30T10:14:50.565Z,null,true,1,2026-09-30T10:14:50.565Z,2026-09-30T10:14:50.565Z,null,null,null,PARAMETERIZED,"{
          ""parameters"":[
            {
              ""name"":""expected_schema"",
              ""label"":""Expected schema"",
              ""control"":""schema_definition"",
              ""required"":true
            }
          ]
        }"
476,8,T06,1,null,TABLE,null,null,99.000000,>=,true,2026-09-30T10:14:50.565Z,null,true,1,2026-09-30T10:14:50.565Z,2026-09-30T10:14:50.565Z,null,null,null,PARAMETERIZED,"
{
  ""parameters"": [
    {
      ""name"": ""arrival_condition"",
      ""label"": ""Arrival condition"",
      ""control"": ""expression"",
      ""required"": true
    },
    {
      ""name"": ""expected_arrival_count"",
      ""label"": ""Expected arrival count"",
      ""control"": ""number"",
      ""required"": true
    }
  ]
}
"
478,8,U04,1,null,TABLE,null,null,100.000000,>=,true,2026-09-30T10:14:50.565Z,null,true,1,2026-09-30T10:14:50.565Z,2026-09-30T10:14:50.565Z,null,null,null,PARAMETERIZED,"{
          ""parameters"":[
            {
              ""name"":""primary_key_column"",
              ""label"":""Primary key column"",
              ""control"":""column_select"",
              ""required"":true
            }
          ]
        }"
479,8,U05,1,null,TABLE,null,null,100.000000,>=,true,2026-09-30T10:14:50.565Z,null,true,1,2026-09-30T10:14:50.565Z,2026-09-30T10:14:50.565Z,null,null,null,PARAMETERIZED,"{
          ""parameters"":[
            {
              ""name"":""composite_key_columns"",
              ""label"":""Composite key columns"",
              ""control"":""column_multi_select"",
              ""required"":true
            }
          ]
        }"
484,7,C05,1,null,TABLE,null,null,95.000000,>=,true,2026-09-30T10:14:50.565Z,null,true,1,2026-09-30T10:14:50.565Z,2026-09-30T10:14:50.565Z,null,null,null,PARAMETERIZED,"{
          ""parameters"":[
            {
              ""name"":""required_columns"",
              ""label"":""Required columns"",
              ""control"":""column_multi_select"",
              ""required"":true
            }
          ]
        }"
485,7,C07,1,null,TABLE,null,null,95.000000,>=,true,2026-09-30T10:14:50.565Z,null,true,1,2026-09-30T10:14:50.565Z,2026-09-30T10:14:50.565Z,null,null,null,PARAMETERIZED,"{
          ""parameters"":[
            {
              ""name"":""selected_columns"",
              ""label"":""Selected columns"",
              ""control"":""column_multi_select"",
              ""required"":true
            }
          ]
        }"
486,7,I04,1,null,TABLE,null,null,0.000000,<=,true,2026-09-30T10:14:50.565Z,null,true,1,2026-09-30T10:14:50.565Z,2026-09-30T10:14:50.565Z,null,null,null,PARAMETERIZED,"{
          ""parameters"":[
            {
              ""name"":""primary_key_column"",
              ""label"":""Primary key column"",
              ""control"":""column_select"",
              ""required"":true
            }
          ]
        }"
487,2,K03,1,23,COLUMN,null,null,98.000000,>=,true,2026-09-30T10:14:50.565Z,null,true,1,2026-09-30T10:14:50.565Z,2026-09-30T10:14:50.565Z,null,null,null,PARAMETERIZED,"
{
  ""parameters"": [
    {
      ""name"": ""standardization_type"",
      ""label"": ""Standardization type"",
      ""control"": ""select"",
      ""required"": true,
      ""options"": [
        ""TRIM"",
        ""UPPERCASE"",
        ""LOWERCASE""
      ]
    }
  ]
}
"
489,7,P13,1,null,TABLE,null,null,null,null,true,2026-09-30T10:14:50.565Z,null,true,1,2026-09-30T10:14:50.565Z,2026-09-30T10:14:50.565Z,null,null,null,PARAMETERIZED,"{
          ""parameters"":[
            {
              ""name"":""baseline_row_count"",
              ""label"":""Baseline row count"",
              ""control"":""number"",
              ""min"":0,
              ""required"":true
            }
          ]
        }"
490,7,P14,1,null,TABLE,null,null,99.000000,>=,true,2026-09-30T10:14:50.565Z,null,true,1,2026-09-30T10:14:50.565Z,2026-09-30T10:14:50.565Z,null,null,null,PARAMETERIZED,"{
          ""parameters"":[
            {
              ""name"":""expected_schema"",
              ""label"":""Expected schema"",
              ""control"":""schema_definition"",
              ""required"":true
            }
          ]
        }"
496,7,T06,1,null,TABLE,null,null,99.000000,>=,true,2026-09-30T10:14:50.565Z,null,true,1,2026-09-30T10:14:50.565Z,2026-09-30T10:14:50.565Z,null,null,null,PARAMETERIZED,"
{
  ""parameters"": [
    {
      ""name"": ""arrival_condition"",
      ""label"": ""Arrival condition"",
      ""control"": ""expression"",
      ""required"": true
    },
    {
      ""name"": ""expected_arrival_count"",
      ""label"": ""Expected arrival count"",
      ""control"": ""number"",
      ""required"": true
    }
  ]
}
"
498,7,U04,1,null,TABLE,null,null,100.000000,>=,true,2026-09-30T10:14:50.565Z,null,true,1,2026-09-30T10:14:50.565Z,2026-09-30T10:14:50.565Z,null,null,null,PARAMETERIZED,"{
          ""parameters"":[
            {
              ""name"":""primary_key_column"",
              ""label"":""Primary key column"",
              ""control"":""column_select"",
              ""required"":true
            }
          ]
        }"
499,7,U05,1,null,TABLE,null,null,100.000000,>=,true,2026-09-30T10:14:50.565Z,null,true,1,2026-09-30T10:14:50.565Z,2026-09-30T10:14:50.565Z,null,null,null,PARAMETERIZED,"{
          ""parameters"":[
            {
              ""name"":""composite_key_columns"",
              ""label"":""Composite key columns"",
              ""control"":""column_multi_select"",
              ""required"":true
            }
          ]
        }"
504,6,C05,1,null,TABLE,null,null,95.000000,>=,true,2026-09-30T10:14:50.565Z,null,true,1,2026-09-30T10:14:50.565Z,2026-09-30T10:14:50.565Z,null,null,null,PARAMETERIZED,"{
          ""parameters"":[
            {
              ""name"":""required_columns"",
              ""label"":""Required columns"",
              ""control"":""column_multi_select"",
              ""required"":true
            }
          ]
        }"
505,6,C07,1,null,TABLE,null,null,95.000000,>=,true,2026-09-30T10:14:50.565Z,null,true,1,2026-09-30T10:14:50.565Z,2026-09-30T10:14:50.565Z,null,null,null,PARAMETERIZED,"{
          ""parameters"":[
            {
              ""name"":""selected_columns"",
              ""label"":""Selected columns"",
              ""control"":""column_multi_select"",
              ""required"":true
            }
          ]
        }"
506,6,I04,1,null,TABLE,null,null,0.000000,<=,true,2026-09-30T10:14:50.565Z,null,true,1,2026-09-30T10:14:50.565Z,2026-09-30T10:14:50.565Z,null,null,null,PARAMETERIZED,"{
          ""parameters"":[
            {
              ""name"":""primary_key_column"",
              ""label"":""Primary key column"",
              ""control"":""column_select"",
              ""required"":true
            }
          ]
        }"
507,2,K03,1,21,COLUMN,null,null,98.000000,>=,true,2026-09-30T10:14:50.565Z,null,true,1,2026-09-30T10:14:50.565Z,2026-09-30T10:14:50.565Z,null,null,null,PARAMETERIZED,"
{
  ""parameters"": [
    {
      ""name"": ""standardization_type"",
      ""label"": ""Standardization type"",
      ""control"": ""select"",
      ""required"": true,
      ""options"": [
        ""TRIM"",
        ""UPPERCASE"",
        ""LOWERCASE""
      ]
    }
  ]
}
"
509,6,P13,1,null,TABLE,null,null,null,null,true,2026-09-30T10:14:50.565Z,null,true,1,2026-09-30T10:14:50.565Z,2026-09-30T10:14:50.565Z,null,null,null,PARAMETERIZED,"{
          ""parameters"":[
            {
              ""name"":""baseline_row_count"",
              ""label"":""Baseline row count"",
              ""control"":""number"",
              ""min"":0,
              ""required"":true
            }
          ]
        }"
510,6,P14,1,null,TABLE,null,null,99.000000,>=,true,2026-09-30T10:14:50.565Z,null,true,1,2026-09-30T10:14:50.565Z,2026-09-30T10:14:50.565Z,null,null,null,PARAMETERIZED,"{
          ""parameters"":[
            {
              ""name"":""expected_schema"",
              ""label"":""Expected schema"",
              ""control"":""schema_definition"",
              ""required"":true
            }
          ]
        }"
516,6,T06,1,null,TABLE,null,null,99.000000,>=,true,2026-09-30T10:14:50.565Z,null,true,1,2026-09-30T10:14:50.565Z,2026-09-30T10:14:50.565Z,null,null,null,PARAMETERIZED,"
{
  ""parameters"": [
    {
      ""name"": ""arrival_condition"",
      ""label"": ""Arrival condition"",
      ""control"": ""expression"",
      ""required"": true
    },
    {
      ""name"": ""expected_arrival_count"",
      ""label"": ""Expected arrival count"",
      ""control"": ""number"",
      ""required"": true
    }
  ]
}
"
518,6,U04,1,null,TABLE,null,null,100.000000,>=,true,2026-09-30T10:14:50.565Z,null,true,1,2026-09-30T10:14:50.565Z,2026-09-30T10:14:50.565Z,null,null,null,PARAMETERIZED,"{
          ""parameters"":[
            {
              ""name"":""primary_key_column"",
              ""label"":""Primary key column"",
              ""control"":""column_select"",
              ""required"":true
            }
          ]
        }"
519,6,U05,1,null,TABLE,null,null,100.000000,>=,true,2026-09-30T10:14:50.565Z,null,true,1,2026-09-30T10:14:50.565Z,2026-09-30T10:14:50.565Z,null,null,null,PARAMETERIZED,"{
          ""parameters"":[
            {
              ""name"":""composite_key_columns"",
              ""label"":""Composite key columns"",
              ""control"":""column_multi_select"",
              ""required"":true
            }
          ]
        }"
524,5,C05,1,null,TABLE,null,null,95.000000,>=,true,2026-09-30T10:14:50.565Z,null,true,1,2026-09-30T10:14:50.565Z,2026-09-30T10:14:50.565Z,null,null,null,PARAMETERIZED,"{
          ""parameters"":[
            {
              ""name"":""required_columns"",
              ""label"":""Required columns"",
              ""control"":""column_multi_select"",
              ""required"":true
            }
          ]
        }"
525,5,C07,1,null,TABLE,null,null,95.000000,>=,true,2026-09-30T10:14:50.565Z,null,true,1,2026-09-30T10:14:50.565Z,2026-09-30T10:14:50.565Z,null,null,null,PARAMETERIZED,"{
          ""parameters"":[
            {
              ""name"":""selected_columns"",
              ""label"":""Selected columns"",
              ""control"":""column_multi_select"",
              ""required"":true
            }
          ]
        }"
526,5,I04,1,null,TABLE,null,null,0.000000,<=,true,2026-09-30T10:14:50.565Z,null,true,1,2026-09-30T10:14:50.565Z,2026-09-30T10:14:50.565Z,null,null,null,PARAMETERIZED,"{
          ""parameters"":[
            {
              ""name"":""primary_key_column"",
              ""label"":""Primary key column"",
              ""control"":""column_select"",
              ""required"":true
            }
          ]
        }"
527,2,K03,1,18,COLUMN,null,null,98.000000,>=,true,2026-09-30T10:14:50.565Z,null,true,1,2026-09-30T10:14:50.565Z,2026-09-30T10:14:50.565Z,null,null,null,PARAMETERIZED,"
{
  ""parameters"": [
    {
      ""name"": ""standardization_type"",
      ""label"": ""Standardization type"",
      ""control"": ""select"",
      ""required"": true,
      ""options"": [
        ""TRIM"",
        ""UPPERCASE"",
        ""LOWERCASE""
      ]
    }
  ]
}
"
529,5,P13,1,null,TABLE,null,null,null,null,true,2026-09-30T10:14:50.565Z,null,true,1,2026-09-30T10:14:50.565Z,2026-09-30T10:14:50.565Z,null,null,null,PARAMETERIZED,"{
          ""parameters"":[
            {
              ""name"":""baseline_row_count"",
              ""label"":""Baseline row count"",
              ""control"":""number"",
              ""min"":0,
              ""required"":true
            }
          ]
        }"
530,5,P14,1,null,TABLE,null,null,99.000000,>=,true,2026-09-30T10:14:50.565Z,null,true,1,2026-09-30T10:14:50.565Z,2026-09-30T10:14:50.565Z,null,null,null,PARAMETERIZED,"{
          ""parameters"":[
            {
              ""name"":""expected_schema"",
              ""label"":""Expected schema"",
              ""control"":""schema_definition"",
              ""required"":true
            }
          ]
        }"
536,5,T06,1,null,TABLE,null,null,99.000000,>=,true,2026-09-30T10:14:50.565Z,null,true,1,2026-09-30T10:14:50.565Z,2026-09-30T10:14:50.565Z,null,null,null,PARAMETERIZED,"
{
  ""parameters"": [
    {
      ""name"": ""arrival_condition"",
      ""label"": ""Arrival condition"",
      ""control"": ""expression"",
      ""required"": true
    },
    {
      ""name"": ""expected_arrival_count"",
      ""label"": ""Expected arrival count"",
      ""control"": ""number"",
      ""required"": true
    }
  ]
}
"
538,5,U04,1,null,TABLE,null,null,100.000000,>=,true,2026-09-30T10:14:50.565Z,null,true,1,2026-09-30T10:14:50.565Z,2026-09-30T10:14:50.565Z,null,null,null,PARAMETERIZED,"{
          ""parameters"":[
            {
              ""name"":""primary_key_column"",
              ""label"":""Primary key column"",
              ""control"":""column_select"",
              ""required"":true
            }
          ]
        }"
539,5,U05,1,null,TABLE,null,null,100.000000,>=,true,2026-09-30T10:14:50.565Z,null,true,1,2026-09-30T10:14:50.565Z,2026-09-30T10:14:50.565Z,null,null,null,PARAMETERIZED,"{
          ""parameters"":[
            {
              ""name"":""composite_key_columns"",
              ""label"":""Composite key columns"",
              ""control"":""column_multi_select"",
              ""required"":true
            }
          ]
        }"
544,4,C05,1,null,TABLE,null,null,95.000000,>=,true,2026-09-30T10:14:50.565Z,null,true,1,2026-09-30T10:14:50.565Z,2026-09-30T10:14:50.565Z,null,null,null,PARAMETERIZED,"{
          ""parameters"":[
            {
              ""name"":""required_columns"",
              ""label"":""Required columns"",
              ""control"":""column_multi_select"",
              ""required"":true
            }
          ]
        }"
545,4,C07,1,null,TABLE,null,null,95.000000,>=,true,2026-09-30T10:14:50.565Z,null,true,1,2026-09-30T10:14:50.565Z,2026-09-30T10:14:50.565Z,null,null,null,PARAMETERIZED,"{
          ""parameters"":[
            {
              ""name"":""selected_columns"",
              ""label"":""Selected columns"",
              ""control"":""column_multi_select"",
              ""required"":true
            }
          ]
        }"
546,4,I04,1,null,TABLE,null,null,0.000000,<=,true,2026-09-30T10:14:50.565Z,null,true,1,2026-09-30T10:14:50.565Z,2026-09-30T10:14:50.565Z,null,null,null,PARAMETERIZED,"{
          ""parameters"":[
            {
              ""name"":""primary_key_column"",
              ""label"":""Primary key column"",
              ""control"":""column_select"",
              ""required"":true
            }
          ]
        }"
547,2,K03,1,17,COLUMN,null,null,98.000000,>=,true,2026-09-30T10:14:50.565Z,null,true,1,2026-09-30T10:14:50.565Z,2026-09-30T10:14:50.565Z,null,null,null,PARAMETERIZED,"
{
  ""parameters"": [
    {
      ""name"": ""standardization_type"",
      ""label"": ""Standardization type"",
      ""control"": ""select"",
      ""required"": true,
      ""options"": [
        ""TRIM"",
        ""UPPERCASE"",
        ""LOWERCASE""
      ]
    }
  ]
}
"
549,4,P13,1,null,TABLE,null,null,null,null,true,2026-09-30T10:14:50.565Z,null,true,1,2026-09-30T10:14:50.565Z,2026-09-30T10:14:50.565Z,null,null,null,PARAMETERIZED,"{
          ""parameters"":[
            {
              ""name"":""baseline_row_count"",
              ""label"":""Baseline row count"",
              ""control"":""number"",
              ""min"":0,
              ""required"":true
            }
          ]
        }"
550,4,P14,1,null,TABLE,null,null,99.000000,>=,true,2026-09-30T10:14:50.565Z,null,true,1,2026-09-30T10:14:50.565Z,2026-09-30T10:14:50.565Z,null,null,null,PARAMETERIZED,"{
          ""parameters"":[
            {
              ""name"":""expected_schema"",
              ""label"":""Expected schema"",
              ""control"":""schema_definition"",
              ""required"":true
            }
          ]
        }"
556,4,T06,1,null,TABLE,null,null,99.000000,>=,true,2026-09-30T10:14:50.565Z,null,true,1,2026-09-30T10:14:50.565Z,2026-09-30T10:14:50.565Z,null,null,null,PARAMETERIZED,"
{
  ""parameters"": [
    {
      ""name"": ""arrival_condition"",
      ""label"": ""Arrival condition"",
      ""control"": ""expression"",
      ""required"": true
    },
    {
      ""name"": ""expected_arrival_count"",
      ""label"": ""Expected arrival count"",
      ""control"": ""number"",
      ""required"": true
    }
  ]
}
"
558,4,U04,1,null,TABLE,null,null,100.000000,>=,true,2026-09-30T10:14:50.565Z,null,true,1,2026-09-30T10:14:50.565Z,2026-09-30T10:14:50.565Z,null,null,null,PARAMETERIZED,"{
          ""parameters"":[
            {
              ""name"":""primary_key_column"",
              ""label"":""Primary key column"",
              ""control"":""column_select"",
              ""required"":true
            }
          ]
        }"
559,4,U05,1,null,TABLE,null,null,100.000000,>=,true,2026-09-30T10:14:50.565Z,null,true,1,2026-09-30T10:14:50.565Z,2026-09-30T10:14:50.565Z,null,null,null,PARAMETERIZED,"{
          ""parameters"":[
            {
              ""name"":""composite_key_columns"",
              ""label"":""Composite key columns"",
              ""control"":""column_multi_select"",
              ""required"":true
            }
          ]
        }"
564,3,C05,1,null,TABLE,null,null,95.000000,>=,true,2026-09-30T10:14:50.565Z,null,true,1,2026-09-30T10:14:50.565Z,2026-09-30T10:14:50.565Z,null,null,null,PARAMETERIZED,"{
          ""parameters"":[
            {
              ""name"":""required_columns"",
              ""label"":""Required columns"",
              ""control"":""column_multi_select"",
              ""required"":true
            }
          ]
        }"
565,3,C07,1,null,TABLE,null,null,95.000000,>=,true,2026-09-30T10:14:50.565Z,null,true,1,2026-09-30T10:14:50.565Z,2026-09-30T10:14:50.565Z,null,null,null,PARAMETERIZED,"{
          ""parameters"":[
            {
              ""name"":""selected_columns"",
              ""label"":""Selected columns"",
              ""control"":""column_multi_select"",
              ""required"":true
            }
          ]
        }"
566,3,I04,1,null,TABLE,null,null,0.000000,<=,true,2026-09-30T10:14:50.565Z,null,true,1,2026-09-30T10:14:50.565Z,2026-09-30T10:14:50.565Z,null,null,null,PARAMETERIZED,"{
          ""parameters"":[
            {
              ""name"":""primary_key_column"",
              ""label"":""Primary key column"",
              ""control"":""column_select"",
              ""required"":true
            }
          ]
        }"
567,1,K03,1,13,COLUMN,null,null,98.000000,>=,true,2026-09-30T10:14:50.565Z,null,true,1,2026-09-30T10:14:50.565Z,2026-09-30T10:14:50.565Z,null,null,null,PARAMETERIZED,"
{
  ""parameters"": [
    {
      ""name"": ""standardization_type"",
      ""label"": ""Standardization type"",
      ""control"": ""select"",
      ""required"": true,
      ""options"": [
        ""TRIM"",
        ""UPPERCASE"",
        ""LOWERCASE""
      ]
    }
  ]
}
"
569,3,P13,1,null,TABLE,null,null,null,null,true,2026-09-30T10:14:50.565Z,null,true,1,2026-09-30T10:14:50.565Z,2026-09-30T10:14:50.565Z,null,null,null,PARAMETERIZED,"{
          ""parameters"":[
            {
              ""name"":""baseline_row_count"",
              ""label"":""Baseline row count"",
              ""control"":""number"",
              ""min"":0,
              ""required"":true
            }
          ]
        }"
570,3,P14,1,null,TABLE,null,null,99.000000,>=,true,2026-09-30T10:14:50.565Z,null,true,1,2026-09-30T10:14:50.565Z,2026-09-30T10:14:50.565Z,null,null,null,PARAMETERIZED,"{
          ""parameters"":[
            {
              ""name"":""expected_schema"",
              ""label"":""Expected schema"",
              ""control"":""schema_definition"",
              ""required"":true
            }
          ]
        }"
576,3,T06,1,null,TABLE,null,null,99.000000,>=,true,2026-09-30T10:14:50.565Z,null,true,1,2026-09-30T10:14:50.565Z,2026-09-30T10:14:50.565Z,null,null,null,PARAMETERIZED,"
{
  ""parameters"": [
    {
      ""name"": ""arrival_condition"",
      ""label"": ""Arrival condition"",
      ""control"": ""expression"",
      ""required"": true
    },
    {
      ""name"": ""expected_arrival_count"",
      ""label"": ""Expected arrival count"",
      ""control"": ""number"",
      ""required"": true
    }
  ]
}
"
578,3,U04,1,null,TABLE,null,null,100.000000,>=,true,2026-09-30T10:14:50.565Z,null,true,1,2026-09-30T10:14:50.565Z,2026-09-30T10:14:50.565Z,null,null,null,PARAMETERIZED,"{
          ""parameters"":[
            {
              ""name"":""primary_key_column"",
              ""label"":""Primary key column"",
              ""control"":""column_select"",
              ""required"":true
            }
          ]
        }"
579,3,U05,1,null,TABLE,null,null,100.000000,>=,true,2026-09-30T10:14:50.565Z,null,true,1,2026-09-30T10:14:50.565Z,2026-09-30T10:14:50.565Z,null,null,null,PARAMETERIZED,"{
          ""parameters"":[
            {
              ""name"":""composite_key_columns"",
              ""label"":""Composite key columns"",
              ""control"":""column_multi_select"",
              ""required"":true
            }
          ]
        }"
584,2,C05,1,null,TABLE,null,null,95.000000,>=,true,2026-09-30T10:14:50.565Z,null,true,1,2026-09-30T10:14:50.565Z,2026-09-30T10:14:50.565Z,null,null,null,PARAMETERIZED,"{
          ""parameters"":[
            {
              ""name"":""required_columns"",
              ""label"":""Required columns"",
              ""control"":""column_multi_select"",
              ""required"":true
            }
          ]
        }"
585,2,C07,1,null,TABLE,null,null,95.000000,>=,true,2026-09-30T10:14:50.565Z,null,true,1,2026-09-30T10:14:50.565Z,2026-09-30T10:14:50.565Z,null,null,null,PARAMETERIZED,"{
          ""parameters"":[
            {
              ""name"":""selected_columns"",
              ""label"":""Selected columns"",
              ""control"":""column_multi_select"",
              ""required"":true
            }
          ]
        }"
586,2,I04,1,null,TABLE,null,null,0.000000,<=,true,2026-09-30T10:14:50.565Z,null,true,1,2026-09-30T10:14:50.565Z,2026-09-30T10:14:50.565Z,null,null,null,PARAMETERIZED,"{
          ""parameters"":[
            {
              ""name"":""primary_key_column"",
              ""label"":""Primary key column"",
              ""control"":""column_select"",
              ""required"":true
            }
          ]
        }"
588,2,P13,1,null,TABLE,null,null,null,null,true,2026-09-30T10:14:50.565Z,null,true,1,2026-09-30T10:14:50.565Z,2026-09-30T10:14:50.565Z,null,null,null,PARAMETERIZED,"{
          ""parameters"":[
            {
              ""name"":""baseline_row_count"",
              ""label"":""Baseline row count"",
              ""control"":""number"",
              ""min"":0,
              ""required"":true
            }
          ]
        }"
589,2,P14,1,null,TABLE,null,null,99.000000,>=,true,2026-09-30T10:14:50.565Z,null,true,1,2026-09-30T10:14:50.565Z,2026-09-30T10:14:50.565Z,null,null,null,PARAMETERIZED,"{
          ""parameters"":[
            {
              ""name"":""expected_schema"",
              ""label"":""Expected schema"",
              ""control"":""schema_definition"",
              ""required"":true
            }
          ]
        }"
595,2,T06,1,null,TABLE,null,null,99.000000,>=,true,2026-09-30T10:14:50.565Z,null,true,1,2026-09-30T10:14:50.565Z,2026-09-30T10:14:50.565Z,null,null,null,PARAMETERIZED,"
{
  ""parameters"": [
    {
      ""name"": ""arrival_condition"",
      ""label"": ""Arrival condition"",
      ""control"": ""expression"",
      ""required"": true
    },
    {
      ""name"": ""expected_arrival_count"",
      ""label"": ""Expected arrival count"",
      ""control"": ""number"",
      ""required"": true
    }
  ]
}
"
597,2,U04,1,null,TABLE,null,null,100.000000,>=,true,2026-09-30T10:14:50.565Z,null,true,1,2026-09-30T10:14:50.565Z,2026-09-30T10:14:50.565Z,null,null,null,PARAMETERIZED,"{
          ""parameters"":[
            {
              ""name"":""primary_key_column"",
              ""label"":""Primary key column"",
              ""control"":""column_select"",
              ""required"":true
            }
          ]
        }"
598,2,U05,1,null,TABLE,null,null,100.000000,>=,true,2026-09-30T10:14:50.565Z,null,true,1,2026-09-30T10:14:50.565Z,2026-09-30T10:14:50.565Z,null,null,null,PARAMETERIZED,"{
          ""parameters"":[
            {
              ""name"":""composite_key_columns"",
              ""label"":""Composite key columns"",
              ""control"":""column_multi_select"",
              ""required"":true
            }
          ]
        }"
603,1,C05,1,null,TABLE,null,null,95.000000,>=,true,2026-09-30T10:14:50.565Z,null,true,1,2026-09-30T10:14:50.565Z,2026-09-30T10:14:50.565Z,null,null,null,PARAMETERIZED,"{
          ""parameters"":[
            {
              ""name"":""required_columns"",
              ""label"":""Required columns"",
              ""control"":""column_multi_select"",
              ""required"":true
            }
          ]
        }"
604,1,C07,1,null,TABLE,null,null,95.000000,>=,true,2026-09-30T10:14:50.565Z,null,true,1,2026-09-30T10:14:50.565Z,2026-09-30T10:14:50.565Z,null,null,null,PARAMETERIZED,"{
          ""parameters"":[
            {
              ""name"":""selected_columns"",
              ""label"":""Selected columns"",
              ""control"":""column_multi_select"",
              ""required"":true
            }
          ]
        }"
605,1,I04,1,null,TABLE,null,null,0.000000,<=,true,2026-09-30T10:14:50.565Z,null,true,1,2026-09-30T10:14:50.565Z,2026-09-30T10:14:50.565Z,null,null,null,PARAMETERIZED,"{
          ""parameters"":[
            {
              ""name"":""primary_key_column"",
              ""label"":""Primary key column"",
              ""control"":""column_select"",
              ""required"":true
            }
          ]
        }"
607,1,P13,1,null,TABLE,null,null,null,null,true,2026-09-30T10:14:50.565Z,null,true,1,2026-09-30T10:14:50.565Z,2026-09-30T10:14:50.565Z,null,null,null,PARAMETERIZED,"{
          ""parameters"":[
            {
              ""name"":""baseline_row_count"",
              ""label"":""Baseline row count"",
              ""control"":""number"",
              ""min"":0,
              ""required"":true
            }
          ]
        }"
608,1,P14,1,null,TABLE,null,null,99.000000,>=,true,2026-09-30T10:14:50.565Z,null,true,1,2026-09-30T10:14:50.565Z,2026-09-30T10:14:50.565Z,null,null,null,PARAMETERIZED,"{
          ""parameters"":[
            {
              ""name"":""expected_schema"",
              ""label"":""Expected schema"",
              ""control"":""schema_definition"",
              ""required"":true
            }
          ]
        }"
614,1,T06,1,null,TABLE,null,null,99.000000,>=,true,2026-09-30T10:14:50.565Z,null,true,1,2026-09-30T10:14:50.565Z,2026-09-30T10:14:50.565Z,null,null,null,PARAMETERIZED,"
{
  ""parameters"": [
    {
      ""name"": ""arrival_condition"",
      ""label"": ""Arrival condition"",
      ""control"": ""expression"",
      ""required"": true
    },
    {
      ""name"": ""expected_arrival_count"",
      ""label"": ""Expected arrival count"",
      ""control"": ""number"",
      ""required"": true
    }
  ]
}
"
616,1,U04,1,null,TABLE,null,null,100.000000,>=,true,2026-09-30T10:14:50.565Z,null,true,1,2026-09-30T10:14:50.565Z,2026-09-30T10:14:50.565Z,null,null,null,PARAMETERIZED,"{
          ""parameters"":[
            {
              ""name"":""primary_key_column"",
              ""label"":""Primary key column"",
              ""control"":""column_select"",
              ""required"":true
            }
          ]
        }"
617,1,U05,1,null,TABLE,null,null,100.000000,>=,true,2026-09-30T10:14:50.565Z,null,true,1,2026-09-30T10:14:50.565Z,2026-09-30T10:14:50.565Z,null,null,null,PARAMETERIZED,"{
          ""parameters"":[
            {
              ""name"":""composite_key_columns"",
              ""label"":""Composite key columns"",
              ""control"":""column_multi_select"",
              ""required"":true
            }
          ]
        }"
1,1,A01,1,1,COLUMN,null,null,99.000000,>=,true,2026-09-30T10:14:50.565Z,null,true,1,2026-09-30T10:14:50.565Z,2026-10-05T14:48:41.690Z,null,null,null,PARAMETERIZED,"
{
  ""parameters"": [
    {
      ""name"": ""reference_asset"",
      ""label"": ""Reference asset"",
      ""control"": ""asset_select"",
      ""required"": true
    },
    {
      ""name"": ""source_column"",
      ""label"": ""Source column"",
      ""control"": ""column_select"",
      ""required"": true
    },
    {
      ""name"": ""reference_column"",
      ""label"": ""Reference column"",
      ""control"": ""column_select"",
      ""required"": true
    }
  ]
}
"
3,1,B01,1,1,COLUMN,null,null,99.000000,>=,true,2026-09-30T10:14:50.565Z,null,true,1,2026-09-30T10:14:50.565Z,2026-10-05T14:48:41.690Z,null,null,null,PARAMETERIZED,"{
          ""parameters"":[
            {
              ""name"":""condition"",
              ""label"":""Condition"",
              ""control"":""expression"",
              ""required"":true
            },
            {
              ""name"":""required_condition"",
              ""label"":""Required condition"",
              ""control"":""expression"",
              ""required"":true
            }
          ]
        }"
4,1,B02,1,1,COLUMN,null,null,99.000000,>=,true,2026-09-30T10:14:50.565Z,null,true,1,2026-09-30T10:14:50.565Z,2026-10-05T14:48:41.690Z,null,null,null,PARAMETERIZED,"{
          ""parameters"":[
            {
              ""name"":""condition"",
              ""label"":""Condition"",
              ""control"":""expression"",
              ""required"":true
            },
            {
              ""name"":""validation_condition"",
              ""label"":""Validation condition"",
              ""control"":""expression"",
              ""required"":true
            }
          ]
        }"
5,1,B08,1,1,COLUMN,null,null,99.000000,>=,true,2026-09-30T10:14:50.565Z,null,true,1,2026-09-30T10:14:50.565Z,2026-10-05T14:48:41.690Z,null,null,null,PARAMETERIZED,"{
          ""parameters"":[
            {
              ""name"":""condition"",
              ""label"":""Row condition"",
              ""control"":""expression"",
              ""required"":true
            },
            {
              ""name"":""allowed_values"",
              ""label"":""Allowed values"",
              ""control"":""multi_value"",
              ""required"":true
            }
          ]
        }"
9,1,C04,1,2,COLUMN,null,null,98.000000,>=,true,2026-09-30T10:14:50.565Z,null,true,1,2026-09-30T10:14:50.565Z,2026-10-05T14:48:41.690Z,null,null,null,PARAMETERIZED,"{
          ""parameters"":[
            {
              ""name"":""mandatory_condition"",
              ""label"":""Mandatory-field condition"",
              ""control"":""expression"",
              ""required"":true
            }
          ]
        }"
14,1,K02,1,1,COLUMN,null,null,99.000000,>=,true,2026-09-30T10:14:50.565Z,null,true,1,2026-09-30T10:14:50.565Z,2026-10-05T14:48:41.690Z,null,null,null,PARAMETERIZED,"{
          ""parameters"":[
            {
              ""name"":""condition"",
              ""label"":""Condition"",
              ""control"":""expression"",
              ""required"":true
            },
            {
              ""name"":""requirement"",
              ""label"":""Required outcome"",
              ""control"":""expression"",
              ""required"":true
            }
          ]
        }"
33,28,T01,1,null,TABLE,null,null,98.000000,>=,true,2026-09-30T10:14:50.565Z,null,true,1,2026-09-30T10:14:50.565Z,2026-10-05T14:48:41.690Z,null,null,null,PARAMETERIZED,"{
          ""parameters"":[
            {
              ""name"":""sla_condition"",
              ""label"":""SLA condition"",
              ""control"":""expression"",
              ""required"":true
            }
          ]
        }"
34,28,T02,1,null,TABLE,null,null,null,<=,true,2026-09-30T10:14:50.565Z,null,true,1,2026-09-30T10:14:50.565Z,2026-10-05T14:48:41.690Z,null,null,null,PARAMETERIZED,"{
          ""parameters"":[
            {
              ""name"":""time_unit"",
              ""label"":""Time unit"",
              ""control"":""select"",
              ""options"":[""MINUTE"",""HOUR"",""DAY""],
              ""required"":true
            }
          ]
        }"
35,28,T03,1,null,TABLE,null,null,null,<=,true,2026-09-30T10:14:50.565Z,null,true,1,2026-09-30T10:14:50.565Z,2026-10-05T14:48:41.690Z,null,null,null,PARAMETERIZED,"{
          ""parameters"":[
            {
              ""name"":""source_timestamp_column"",
              ""label"":""Source timestamp column"",
              ""control"":""column_select"",
              ""required"":true
            },
            {
              ""name"":""ingestion_timestamp_column"",
              ""label"":""Ingestion timestamp column"",
              ""control"":""column_select"",
              ""required"":true
            },
            {
              ""name"":""time_unit"",
              ""label"":""Time unit"",
              ""control"":""select"",
              ""options"":[""SECOND"",""MINUTE"",""HOUR"",""DAY""],
              ""required"":true
            }
          ]
        }"
36,28,T04,1,null,TABLE,null,null,null,<=,true,2026-09-30T10:14:50.565Z,null,true,1,2026-09-30T10:14:50.565Z,2026-10-05T14:48:41.690Z,null,null,null,PARAMETERIZED,"{
          ""parameters"":[
            {
              ""name"":""source_timestamp_column"",
              ""label"":""Source timestamp column"",
              ""control"":""column_select"",
              ""required"":true
            },
            {
              ""name"":""ingestion_timestamp_column"",
              ""label"":""Ingestion timestamp column"",
              ""control"":""column_select"",
              ""required"":true
            },
            {
              ""name"":""time_unit"",
              ""label"":""Time unit"",
              ""control"":""select"",
              ""options"":[""SECOND"",""MINUTE"",""HOUR"",""DAY""],
              ""required"":true
            }
          ]
        }"
37,28,T05,1,null,TABLE,null,null,2.000000,<=,true,2026-09-30T10:14:50.565Z,null,true,1,2026-09-30T10:14:50.565Z,2026-10-05T14:48:41.690Z,null,null,null,PARAMETERIZED,"{
  ""parameters"": [
    {
      ""name"": ""arrival_timestamp_column"",
      ""label"": ""Arrival timestamp column"",
      ""control"": ""column_select"",
      ""required"": true
    },
    {
      ""name"": ""expected_arrival"",
      ""label"": ""Expected arrival"",
      ""control"": ""datetime"",
      ""required"": true
    }
  ]
}"
44,1,V01,1,4,COLUMN,null,null,95.000000,>=,true,2026-09-30T10:14:50.565Z,null,true,1,2026-09-30T10:14:50.565Z,2026-10-05T14:48:41.690Z,null,null,null,PARAMETERIZED,"{
          ""parameters"":[
            {
              ""name"":""validation_condition"",
              ""label"":""Validation condition"",
              ""control"":""expression"",
              ""required"":true
            }
          ]
        }"
54,1,V13,1,1,COLUMN,null,null,null,null,true,2026-09-30T10:14:50.565Z,null,true,1,2026-09-30T10:14:50.565Z,2026-10-05T14:48:41.690Z,null,null,null,PARAMETERIZED,"{
          ""parameters"":[
            {
              ""name"":""validation_condition"",
              ""label"":""Validation condition"",
              ""control"":""expression"",
              ""required"":true
            }
          ]
        }"
61,25,A01,1,230,COLUMN,null,null,99.000000,>=,true,2026-09-30T10:14:50.565Z,null,true,1,2026-09-30T10:14:50.565Z,2026-10-05T14:48:41.690Z,null,null,null,PARAMETERIZED,"
{
  ""parameters"": [
    {
      ""name"": ""reference_asset"",
      ""label"": ""Reference asset"",
      ""control"": ""asset_select"",
      ""required"": true
    },
    {
      ""name"": ""source_column"",
      ""label"": ""Source column"",
      ""control"": ""column_select"",
      ""required"": true
    },
    {
      ""name"": ""reference_column"",
      ""label"": ""Reference column"",
      ""control"": ""column_select"",
      ""required"": true
    }
  ]
}
"
71,27,T01,1,null,TABLE,null,null,98.000000,>=,true,2026-09-30T10:14:50.565Z,null,true,1,2026-09-30T10:14:50.565Z,2026-10-05T14:48:41.690Z,null,null,null,PARAMETERIZED,"{
          ""parameters"":[
            {
              ""name"":""sla_condition"",
              ""label"":""SLA condition"",
              ""control"":""expression"",
              ""required"":true
            }
          ]
        }"
72,27,T02,1,null,TABLE,null,null,null,<=,true,2026-09-30T10:14:50.565Z,null,true,1,2026-09-30T10:14:50.565Z,2026-10-05T14:48:41.690Z,null,null,null,PARAMETERIZED,"{
          ""parameters"":[
            {
              ""name"":""time_unit"",
              ""label"":""Time unit"",
              ""control"":""select"",
              ""options"":[""MINUTE"",""HOUR"",""DAY""],
              ""required"":true
            }
          ]
        }"
73,27,T03,1,null,TABLE,null,null,null,<=,true,2026-09-30T10:14:50.565Z,null,true,1,2026-09-30T10:14:50.565Z,2026-10-05T14:48:41.690Z,null,null,null,PARAMETERIZED,"{
          ""parameters"":[
            {
              ""name"":""source_timestamp_column"",
              ""label"":""Source timestamp column"",
              ""control"":""column_select"",
              ""required"":true
            },
            {
              ""name"":""ingestion_timestamp_column"",
              ""label"":""Ingestion timestamp column"",
              ""control"":""column_select"",
              ""required"":true
            },
            {
              ""name"":""time_unit"",
              ""label"":""Time unit"",
              ""control"":""select"",
              ""options"":[""SECOND"",""MINUTE"",""HOUR"",""DAY""],
              ""required"":true
            }
          ]
        }"
74,27,T04,1,null,TABLE,null,null,null,<=,true,2026-09-30T10:14:50.565Z,null,true,1,2026-09-30T10:14:50.565Z,2026-10-05T14:48:41.690Z,null,null,null,PARAMETERIZED,"{
          ""parameters"":[
            {
              ""name"":""source_timestamp_column"",
              ""label"":""Source timestamp column"",
              ""control"":""column_select"",
              ""required"":true
            },
            {
              ""name"":""ingestion_timestamp_column"",
              ""label"":""Ingestion timestamp column"",
              ""control"":""column_select"",
              ""required"":true
            },
            {
              ""name"":""time_unit"",
              ""label"":""Time unit"",
              ""control"":""select"",
              ""options"":[""SECOND"",""MINUTE"",""HOUR"",""DAY""],
              ""required"":true
            }
          ]
        }"
75,27,T05,1,null,TABLE,null,null,2.000000,<=,true,2026-09-30T10:14:50.565Z,null,true,1,2026-09-30T10:14:50.565Z,2026-10-05T14:48:41.690Z,null,null,null,PARAMETERIZED,"{
  ""parameters"": [
    {
      ""name"": ""arrival_timestamp_column"",
      ""label"": ""Arrival timestamp column"",
      ""control"": ""column_select"",
      ""required"": true
    },
    {
      ""name"": ""expected_arrival"",
      ""label"": ""Expected arrival"",
      ""control"": ""datetime"",
      ""required"": true
    }
  ]
}"
83,21,A01,1,197,COLUMN,null,null,99.000000,>=,true,2026-09-30T10:14:50.565Z,null,true,1,2026-09-30T10:14:50.565Z,2026-10-05T14:48:41.690Z,null,null,null,PARAMETERIZED,"
{
  ""parameters"": [
    {
      ""name"": ""reference_asset"",
      ""label"": ""Reference asset"",
      ""control"": ""asset_select"",
      ""required"": true
    },
    {
      ""name"": ""source_column"",
      ""label"": ""Source column"",
      ""control"": ""column_select"",
      ""required"": true
    },
    {
      ""name"": ""reference_column"",
      ""label"": ""Reference column"",
      ""control"": ""column_select"",
      ""required"": true
    }
  ]
}
"
93,26,T01,1,null,TABLE,null,null,98.000000,>=,true,2026-09-30T10:14:50.565Z,null,true,1,2026-09-30T10:14:50.565Z,2026-10-05T14:48:41.690Z,null,null,null,PARAMETERIZED,"{
          ""parameters"":[
            {
              ""name"":""sla_condition"",
              ""label"":""SLA condition"",
              ""control"":""expression"",
              ""required"":true
            }
          ]
        }"
94,26,T02,1,null,TABLE,null,null,null,<=,true,2026-09-30T10:14:50.565Z,null,true,1,2026-09-30T10:14:50.565Z,2026-10-05T14:48:41.690Z,null,null,null,PARAMETERIZED,"{
          ""parameters"":[
            {
              ""name"":""time_unit"",
              ""label"":""Time unit"",
              ""control"":""select"",
              ""options"":[""MINUTE"",""HOUR"",""DAY""],
              ""required"":true
            }
          ]
        }"
95,26,T03,1,null,TABLE,null,null,null,<=,true,2026-09-30T10:14:50.565Z,null,true,1,2026-09-30T10:14:50.565Z,2026-10-05T14:48:41.690Z,null,null,null,PARAMETERIZED,"{
          ""parameters"":[
            {
              ""name"":""source_timestamp_column"",
              ""label"":""Source timestamp column"",
              ""control"":""column_select"",
              ""required"":true
            },
            {
              ""name"":""ingestion_timestamp_column"",
              ""label"":""Ingestion timestamp column"",
              ""control"":""column_select"",
              ""required"":true
            },
            {
              ""name"":""time_unit"",
              ""label"":""Time unit"",
              ""control"":""select"",
              ""options"":[""SECOND"",""MINUTE"",""HOUR"",""DAY""],
              ""required"":true
            }
          ]
        }"
96,26,T04,1,null,TABLE,null,null,null,<=,true,2026-09-30T10:14:50.565Z,null,true,1,2026-09-30T10:14:50.565Z,2026-10-05T14:48:41.690Z,null,null,null,PARAMETERIZED,"{
          ""parameters"":[
            {
              ""name"":""source_timestamp_column"",
              ""label"":""Source timestamp column"",
              ""control"":""column_select"",
              ""required"":true
            },
            {
              ""name"":""ingestion_timestamp_column"",
              ""label"":""Ingestion timestamp column"",
              ""control"":""column_select"",
              ""required"":true
            },
            {
              ""name"":""time_unit"",
              ""label"":""Time unit"",
              ""control"":""select"",
              ""options"":[""SECOND"",""MINUTE"",""HOUR"",""DAY""],
              ""required"":true
            }
          ]
        }"
97,26,T05,1,null,TABLE,null,null,2.000000,<=,true,2026-09-30T10:14:50.565Z,null,true,1,2026-09-30T10:14:50.565Z,2026-10-05T14:48:41.690Z,null,null,null,PARAMETERIZED,"{
  ""parameters"": [
    {
      ""name"": ""arrival_timestamp_column"",
      ""label"": ""Arrival timestamp column"",
      ""control"": ""column_select"",
      ""required"": true
    },
    {
      ""name"": ""expected_arrival"",
      ""label"": ""Expected arrival"",
      ""control"": ""datetime"",
      ""required"": true
    }
  ]
}"
105,20,A01,1,186,COLUMN,null,null,99.000000,>=,true,2026-09-30T10:14:50.565Z,null,true,1,2026-09-30T10:14:50.565Z,2026-10-05T14:48:41.690Z,null,null,null,PARAMETERIZED,"
{
  ""parameters"": [
    {
      ""name"": ""reference_asset"",
      ""label"": ""Reference asset"",
      ""control"": ""asset_select"",
      ""required"": true
    },
    {
      ""name"": ""source_column"",
      ""label"": ""Source column"",
      ""control"": ""column_select"",
      ""required"": true
    },
    {
      ""name"": ""reference_column"",
      ""label"": ""Reference column"",
      ""control"": ""column_select"",
      ""required"": true
    }
  ]
}
"
115,25,T01,1,null,TABLE,null,null,98.000000,>=,true,2026-09-30T10:14:50.565Z,null,true,1,2026-09-30T10:14:50.565Z,2026-10-05T14:48:41.690Z,null,null,null,PARAMETERIZED,"{
          ""parameters"":[
            {
              ""name"":""sla_condition"",
              ""label"":""SLA condition"",
              ""control"":""expression"",
              ""required"":true
            }
          ]
        }"
116,25,T02,1,null,TABLE,null,null,null,<=,true,2026-09-30T10:14:50.565Z,null,true,1,2026-09-30T10:14:50.565Z,2026-10-05T14:48:41.690Z,null,null,null,PARAMETERIZED,"{
          ""parameters"":[
            {
              ""name"":""time_unit"",
              ""label"":""Time unit"",
              ""control"":""select"",
              ""options"":[""MINUTE"",""HOUR"",""DAY""],
              ""required"":true
            }
          ]
        }"
117,25,T03,1,null,TABLE,null,null,null,<=,true,2026-09-30T10:14:50.565Z,null,true,1,2026-09-30T10:14:50.565Z,2026-10-05T14:48:41.690Z,null,null,null,PARAMETERIZED,"{
          ""parameters"":[
            {
              ""name"":""source_timestamp_column"",
              ""label"":""Source timestamp column"",
              ""control"":""column_select"",
              ""required"":true
            },
            {
              ""name"":""ingestion_timestamp_column"",
              ""label"":""Ingestion timestamp column"",
              ""control"":""column_select"",
              ""required"":true
            },
            {
              ""name"":""time_unit"",
              ""label"":""Time unit"",
              ""control"":""select"",
              ""options"":[""SECOND"",""MINUTE"",""HOUR"",""DAY""],
              ""required"":true
            }
          ]
        }"
118,25,T04,1,null,TABLE,null,null,null,<=,true,2026-09-30T10:14:50.565Z,null,true,1,2026-09-30T10:14:50.565Z,2026-10-05T14:48:41.690Z,null,null,null,PARAMETERIZED,"{
          ""parameters"":[
            {
              ""name"":""source_timestamp_column"",
              ""label"":""Source timestamp column"",
              ""control"":""column_select"",
              ""required"":true
            },
            {
              ""name"":""ingestion_timestamp_column"",
              ""label"":""Ingestion timestamp column"",
              ""control"":""column_select"",
              ""required"":true
            },
            {
              ""name"":""time_unit"",
              ""label"":""Time unit"",
              ""control"":""select"",
              ""options"":[""SECOND"",""MINUTE"",""HOUR"",""DAY""],
              ""required"":true
            }
          ]
        }"
119,25,T05,1,null,TABLE,null,null,2.000000,<=,true,2026-09-30T10:14:50.565Z,null,true,1,2026-09-30T10:14:50.565Z,2026-10-05T14:48:41.690Z,null,null,null,PARAMETERIZED,"{
  ""parameters"": [
    {
      ""name"": ""arrival_timestamp_column"",
      ""label"": ""Arrival timestamp column"",
      ""control"": ""column_select"",
      ""required"": true
    },
    {
      ""name"": ""expected_arrival"",
      ""label"": ""Expected arrival"",
      ""control"": ""datetime"",
      ""required"": true
    }
  ]
}"
127,18,A01,1,173,COLUMN,null,null,99.000000,>=,true,2026-09-30T10:14:50.565Z,null,true,1,2026-09-30T10:14:50.565Z,2026-10-05T14:48:41.690Z,null,null,null,PARAMETERIZED,"
{
  ""parameters"": [
    {
      ""name"": ""reference_asset"",
      ""label"": ""Reference asset"",
      ""control"": ""asset_select"",
      ""required"": true
    },
    {
      ""name"": ""source_column"",
      ""label"": ""Source column"",
      ""control"": ""column_select"",
      ""required"": true
    },
    {
      ""name"": ""reference_column"",
      ""label"": ""Reference column"",
      ""control"": ""column_select"",
      ""required"": true
    }
  ]
}
"
137,24,T01,1,null,TABLE,null,null,98.000000,>=,true,2026-09-30T10:14:50.565Z,null,true,1,2026-09-30T10:14:50.565Z,2026-10-05T14:48:41.690Z,null,null,null,PARAMETERIZED,"{
          ""parameters"":[
            {
              ""name"":""sla_condition"",
              ""label"":""SLA condition"",
              ""control"":""expression"",
              ""required"":true
            }
          ]
        }"
138,24,T02,1,null,TABLE,null,null,null,<=,true,2026-09-30T10:14:50.565Z,null,true,1,2026-09-30T10:14:50.565Z,2026-10-05T14:48:41.690Z,null,null,null,PARAMETERIZED,"{
          ""parameters"":[
            {
              ""name"":""time_unit"",
              ""label"":""Time unit"",
              ""control"":""select"",
              ""options"":[""MINUTE"",""HOUR"",""DAY""],
              ""required"":true
            }
          ]
        }"
139,24,T03,1,null,TABLE,null,null,null,<=,true,2026-09-30T10:14:50.565Z,null,true,1,2026-09-30T10:14:50.565Z,2026-10-05T14:48:41.690Z,null,null,null,PARAMETERIZED,"{
          ""parameters"":[
            {
              ""name"":""source_timestamp_column"",
              ""label"":""Source timestamp column"",
              ""control"":""column_select"",
              ""required"":true
            },
            {
              ""name"":""ingestion_timestamp_column"",
              ""label"":""Ingestion timestamp column"",
              ""control"":""column_select"",
              ""required"":true
            },
            {
              ""name"":""time_unit"",
              ""label"":""Time unit"",
              ""control"":""select"",
              ""options"":[""SECOND"",""MINUTE"",""HOUR"",""DAY""],
              ""required"":true
            }
          ]
        }"
140,24,T04,1,null,TABLE,null,null,null,<=,true,2026-09-30T10:14:50.565Z,null,true,1,2026-09-30T10:14:50.565Z,2026-10-05T14:48:41.690Z,null,null,null,PARAMETERIZED,"{
          ""parameters"":[
            {
              ""name"":""source_timestamp_column"",
              ""label"":""Source timestamp column"",
              ""control"":""column_select"",
              ""required"":true
            },
            {
              ""name"":""ingestion_timestamp_column"",
              ""label"":""Ingestion timestamp column"",
              ""control"":""column_select"",
              ""required"":true
            },
            {
              ""name"":""time_unit"",
              ""label"":""Time unit"",
              ""control"":""select"",
              ""options"":[""SECOND"",""MINUTE"",""HOUR"",""DAY""],
              ""required"":true
            }
          ]
        }"
141,24,T05,1,null,TABLE,null,null,2.000000,<=,true,2026-09-30T10:14:50.565Z,null,true,1,2026-09-30T10:14:50.565Z,2026-10-05T14:48:41.690Z,null,null,null,PARAMETERIZED,"{
  ""parameters"": [
    {
      ""name"": ""arrival_timestamp_column"",
      ""label"": ""Arrival timestamp column"",
      ""control"": ""column_select"",
      ""required"": true
    },
    {
      ""name"": ""expected_arrival"",
      ""label"": ""Expected arrival"",
      ""control"": ""datetime"",
      ""required"": true
    }
  ]
}"
149,15,A01,1,147,COLUMN,null,null,99.000000,>=,true,2026-09-30T10:14:50.565Z,null,true,1,2026-09-30T10:14:50.565Z,2026-10-05T14:48:41.690Z,null,null,null,PARAMETERIZED,"
{
  ""parameters"": [
    {
      ""name"": ""reference_asset"",
      ""label"": ""Reference asset"",
      ""control"": ""asset_select"",
      ""required"": true
    },
    {
      ""name"": ""source_column"",
      ""label"": ""Source column"",
      ""control"": ""column_select"",
      ""required"": true
    },
    {
      ""name"": ""reference_column"",
      ""label"": ""Reference column"",
      ""control"": ""column_select"",
      ""required"": true
    }
  ]
}
"
159,23,T01,1,null,TABLE,null,null,98.000000,>=,true,2026-09-30T10:14:50.565Z,null,true,1,2026-09-30T10:14:50.565Z,2026-10-05T14:48:41.690Z,null,null,null,PARAMETERIZED,"{
          ""parameters"":[
            {
              ""name"":""sla_condition"",
              ""label"":""SLA condition"",
              ""control"":""expression"",
              ""required"":true
            }
          ]
        }"
160,23,T02,1,null,TABLE,null,null,null,<=,true,2026-09-30T10:14:50.565Z,null,true,1,2026-09-30T10:14:50.565Z,2026-10-05T14:48:41.690Z,null,null,null,PARAMETERIZED,"{
          ""parameters"":[
            {
              ""name"":""time_unit"",
              ""label"":""Time unit"",
              ""control"":""select"",
              ""options"":[""MINUTE"",""HOUR"",""DAY""],
              ""required"":true
            }
          ]
        }"
161,23,T03,1,null,TABLE,null,null,null,<=,true,2026-09-30T10:14:50.565Z,null,true,1,2026-09-30T10:14:50.565Z,2026-10-05T14:48:41.690Z,null,null,null,PARAMETERIZED,"{
          ""parameters"":[
            {
              ""name"":""source_timestamp_column"",
              ""label"":""Source timestamp column"",
              ""control"":""column_select"",
              ""required"":true
            },
            {
              ""name"":""ingestion_timestamp_column"",
              ""label"":""Ingestion timestamp column"",
              ""control"":""column_select"",
              ""required"":true
            },
            {
              ""name"":""time_unit"",
              ""label"":""Time unit"",
              ""control"":""select"",
              ""options"":[""SECOND"",""MINUTE"",""HOUR"",""DAY""],
              ""required"":true
            }
          ]
        }"
162,23,T04,1,null,TABLE,null,null,null,<=,true,2026-09-30T10:14:50.565Z,null,true,1,2026-09-30T10:14:50.565Z,2026-10-05T14:48:41.690Z,null,null,null,PARAMETERIZED,"{
          ""parameters"":[
            {
              ""name"":""source_timestamp_column"",
              ""label"":""Source timestamp column"",
              ""control"":""column_select"",
              ""required"":true
            },
            {
              ""name"":""ingestion_timestamp_column"",
              ""label"":""Ingestion timestamp column"",
              ""control"":""column_select"",
              ""required"":true
            },
            {
              ""name"":""time_unit"",
              ""label"":""Time unit"",
              ""control"":""select"",
              ""options"":[""SECOND"",""MINUTE"",""HOUR"",""DAY""],
              ""required"":true
            }
          ]
        }"
163,23,T05,1,null,TABLE,null,null,2.000000,<=,true,2026-09-30T10:14:50.565Z,null,true,1,2026-09-30T10:14:50.565Z,2026-10-05T14:48:41.690Z,null,null,null,PARAMETERIZED,"{
  ""parameters"": [
    {
      ""name"": ""arrival_timestamp_column"",
      ""label"": ""Arrival timestamp column"",
      ""control"": ""column_select"",
      ""required"": true
    },
    {
      ""name"": ""expected_arrival"",
      ""label"": ""Expected arrival"",
      ""control"": ""datetime"",
      ""required"": true
    }
  ]
}"
171,15,A01,1,146,COLUMN,null,null,99.000000,>=,true,2026-09-30T10:14:50.565Z,null,true,1,2026-09-30T10:14:50.565Z,2026-10-05T14:48:41.690Z,null,null,null,PARAMETERIZED,"
{
  ""parameters"": [
    {
      ""name"": ""reference_asset"",
      ""label"": ""Reference asset"",
      ""control"": ""asset_select"",
      ""required"": true
    },
    {
      ""name"": ""source_column"",
      ""label"": ""Source column"",
      ""control"": ""column_select"",
      ""required"": true
    },
    {
      ""name"": ""reference_column"",
      ""label"": ""Reference column"",
      ""control"": ""column_select"",
      ""required"": true
    }
  ]
}
"
181,22,T01,1,null,TABLE,null,null,98.000000,>=,true,2026-09-30T10:14:50.565Z,null,true,1,2026-09-30T10:14:50.565Z,2026-10-05T14:48:41.690Z,null,null,null,PARAMETERIZED,"{
          ""parameters"":[
            {
              ""name"":""sla_condition"",
              ""label"":""SLA condition"",
              ""control"":""expression"",
              ""required"":true
            }
          ]
        }"
182,22,T02,1,null,TABLE,null,null,null,<=,true,2026-09-30T10:14:50.565Z,null,true,1,2026-09-30T10:14:50.565Z,2026-10-05T14:48:41.690Z,null,null,null,PARAMETERIZED,"{
          ""parameters"":[
            {
              ""name"":""time_unit"",
              ""label"":""Time unit"",
              ""control"":""select"",
              ""options"":[""MINUTE"",""HOUR"",""DAY""],
              ""required"":true
            }
          ]
        }"
183,22,T03,1,null,TABLE,null,null,null,<=,true,2026-09-30T10:14:50.565Z,null,true,1,2026-09-30T10:14:50.565Z,2026-10-05T14:48:41.690Z,null,null,null,PARAMETERIZED,"{
          ""parameters"":[
            {
              ""name"":""source_timestamp_column"",
              ""label"":""Source timestamp column"",
              ""control"":""column_select"",
              ""required"":true
            },
            {
              ""name"":""ingestion_timestamp_column"",
              ""label"":""Ingestion timestamp column"",
              ""control"":""column_select"",
              ""required"":true
            },
            {
              ""name"":""time_unit"",
              ""label"":""Time unit"",
              ""control"":""select"",
              ""options"":[""SECOND"",""MINUTE"",""HOUR"",""DAY""],
              ""required"":true
            }
          ]
        }"
184,22,T04,1,null,TABLE,null,null,null,<=,true,2026-09-30T10:14:50.565Z,null,true,1,2026-09-30T10:14:50.565Z,2026-10-05T14:48:41.690Z,null,null,null,PARAMETERIZED,"{
          ""parameters"":[
            {
              ""name"":""source_timestamp_column"",
              ""label"":""Source timestamp column"",
              ""control"":""column_select"",
              ""required"":true
            },
            {
              ""name"":""ingestion_timestamp_column"",
              ""label"":""Ingestion timestamp column"",
              ""control"":""column_select"",
              ""required"":true
            },
            {
              ""name"":""time_unit"",
              ""label"":""Time unit"",
              ""control"":""select"",
              ""options"":[""SECOND"",""MINUTE"",""HOUR"",""DAY""],
              ""required"":true
            }
          ]
        }"
185,22,T05,1,null,TABLE,null,null,2.000000,<=,true,2026-09-30T10:14:50.565Z,null,true,1,2026-09-30T10:14:50.565Z,2026-10-05T14:48:41.690Z,null,null,null,PARAMETERIZED,"{
  ""parameters"": [
    {
      ""name"": ""arrival_timestamp_column"",
      ""label"": ""Arrival timestamp column"",
      ""control"": ""column_select"",
      ""required"": true
    },
    {
      ""name"": ""expected_arrival"",
      ""label"": ""Expected arrival"",
      ""control"": ""datetime"",
      ""required"": true
    }
  ]
}"
193,11,A01,1,109,COLUMN,null,null,99.000000,>=,true,2026-09-30T10:14:50.565Z,null,true,1,2026-09-30T10:14:50.565Z,2026-10-05T14:48:41.690Z,null,null,null,PARAMETERIZED,"
{
  ""parameters"": [
    {
      ""name"": ""reference_asset"",
      ""label"": ""Reference asset"",
      ""control"": ""asset_select"",
      ""required"": true
    },
    {
      ""name"": ""source_column"",
      ""label"": ""Source column"",
      ""control"": ""column_select"",
      ""required"": true
    },
    {
      ""name"": ""reference_column"",
      ""label"": ""Reference column"",
      ""control"": ""column_select"",
      ""required"": true
    }
  ]
}
"
203,21,T01,1,null,TABLE,null,null,98.000000,>=,true,2026-09-30T10:14:50.565Z,null,true,1,2026-09-30T10:14:50.565Z,2026-10-05T14:48:41.690Z,null,null,null,PARAMETERIZED,"{
          ""parameters"":[
            {
              ""name"":""sla_condition"",
              ""label"":""SLA condition"",
              ""control"":""expression"",
              ""required"":true
            }
          ]
        }"
204,21,T02,1,null,TABLE,null,null,null,<=,true,2026-09-30T10:14:50.565Z,null,true,1,2026-09-30T10:14:50.565Z,2026-10-05T14:48:41.690Z,null,null,null,PARAMETERIZED,"{
          ""parameters"":[
            {
              ""name"":""time_unit"",
              ""label"":""Time unit"",
              ""control"":""select"",
              ""options"":[""MINUTE"",""HOUR"",""DAY""],
              ""required"":true
            }
          ]
        }"
205,21,T03,1,null,TABLE,null,null,null,<=,true,2026-09-30T10:14:50.565Z,null,true,1,2026-09-30T10:14:50.565Z,2026-10-05T14:48:41.690Z,null,null,null,PARAMETERIZED,"{
          ""parameters"":[
            {
              ""name"":""source_timestamp_column"",
              ""label"":""Source timestamp column"",
              ""control"":""column_select"",
              ""required"":true
            },
            {
              ""name"":""ingestion_timestamp_column"",
              ""label"":""Ingestion timestamp column"",
              ""control"":""column_select"",
              ""required"":true
            },
            {
              ""name"":""time_unit"",
              ""label"":""Time unit"",
              ""control"":""select"",
              ""options"":[""SECOND"",""MINUTE"",""HOUR"",""DAY""],
              ""required"":true
            }
          ]
        }"
206,21,T04,1,null,TABLE,null,null,null,<=,true,2026-09-30T10:14:50.565Z,null,true,1,2026-09-30T10:14:50.565Z,2026-10-05T14:48:41.690Z,null,null,null,PARAMETERIZED,"{
          ""parameters"":[
            {
              ""name"":""source_timestamp_column"",
              ""label"":""Source timestamp column"",
              ""control"":""column_select"",
              ""required"":true
            },
            {
              ""name"":""ingestion_timestamp_column"",
              ""label"":""Ingestion timestamp column"",
              ""control"":""column_select"",
              ""required"":true
            },
            {
              ""name"":""time_unit"",
              ""label"":""Time unit"",
              ""control"":""select"",
              ""options"":[""SECOND"",""MINUTE"",""HOUR"",""DAY""],
              ""required"":true
            }
          ]
        }"
207,21,T05,1,null,TABLE,null,null,2.000000,<=,true,2026-09-30T10:14:50.565Z,null,true,1,2026-09-30T10:14:50.565Z,2026-10-05T14:48:41.690Z,null,null,null,PARAMETERIZED,"{
  ""parameters"": [
    {
      ""name"": ""arrival_timestamp_column"",
      ""label"": ""Arrival timestamp column"",
      ""control"": ""column_select"",
      ""required"": true
    },
    {
      ""name"": ""expected_arrival"",
      ""label"": ""Expected arrival"",
      ""control"": ""datetime"",
      ""required"": true
    }
  ]
}"
215,7,A01,1,65,COLUMN,null,null,99.000000,>=,true,2026-09-30T10:14:50.565Z,null,true,1,2026-09-30T10:14:50.565Z,2026-10-05T14:48:41.690Z,null,null,null,PARAMETERIZED,"
{
  ""parameters"": [
    {
      ""name"": ""reference_asset"",
      ""label"": ""Reference asset"",
      ""control"": ""asset_select"",
      ""required"": true
    },
    {
      ""name"": ""source_column"",
      ""label"": ""Source column"",
      ""control"": ""column_select"",
      ""required"": true
    },
    {
      ""name"": ""reference_column"",
      ""label"": ""Reference column"",
      ""control"": ""column_select"",
      ""required"": true
    }
  ]
}
"
225,20,T01,1,null,TABLE,null,null,98.000000,>=,true,2026-09-30T10:14:50.565Z,null,true,1,2026-09-30T10:14:50.565Z,2026-10-05T14:48:41.690Z,null,null,null,PARAMETERIZED,"{
          ""parameters"":[
            {
              ""name"":""sla_condition"",
              ""label"":""SLA condition"",
              ""control"":""expression"",
              ""required"":true
            }
          ]
        }"
226,20,T02,1,null,TABLE,null,null,null,<=,true,2026-09-30T10:14:50.565Z,null,true,1,2026-09-30T10:14:50.565Z,2026-10-05T14:48:41.690Z,null,null,null,PARAMETERIZED,"{
          ""parameters"":[
            {
              ""name"":""time_unit"",
              ""label"":""Time unit"",
              ""control"":""select"",
              ""options"":[""MINUTE"",""HOUR"",""DAY""],
              ""required"":true
            }
          ]
        }"
227,20,T03,1,null,TABLE,null,null,null,<=,true,2026-09-30T10:14:50.565Z,null,true,1,2026-09-30T10:14:50.565Z,2026-10-05T14:48:41.690Z,null,null,null,PARAMETERIZED,"{
          ""parameters"":[
            {
              ""name"":""source_timestamp_column"",
              ""label"":""Source timestamp column"",
              ""control"":""column_select"",
              ""required"":true
            },
            {
              ""name"":""ingestion_timestamp_column"",
              ""label"":""Ingestion timestamp column"",
              ""control"":""column_select"",
              ""required"":true
            },
            {
              ""name"":""time_unit"",
              ""label"":""Time unit"",
              ""control"":""select"",
              ""options"":[""SECOND"",""MINUTE"",""HOUR"",""DAY""],
              ""required"":true
            }
          ]
        }"
228,20,T04,1,null,TABLE,null,null,null,<=,true,2026-09-30T10:14:50.565Z,null,true,1,2026-09-30T10:14:50.565Z,2026-10-05T14:48:41.690Z,null,null,null,PARAMETERIZED,"{
          ""parameters"":[
            {
              ""name"":""source_timestamp_column"",
              ""label"":""Source timestamp column"",
              ""control"":""column_select"",
              ""required"":true
            },
            {
              ""name"":""ingestion_timestamp_column"",
              ""label"":""Ingestion timestamp column"",
              ""control"":""column_select"",
              ""required"":true
            },
            {
              ""name"":""time_unit"",
              ""label"":""Time unit"",
              ""control"":""select"",
              ""options"":[""SECOND"",""MINUTE"",""HOUR"",""DAY""],
              ""required"":true
            }
          ]
        }"
229,20,T05,1,null,TABLE,null,null,2.000000,<=,true,2026-09-30T10:14:50.565Z,null,true,1,2026-09-30T10:14:50.565Z,2026-10-05T14:48:41.690Z,null,null,null,PARAMETERIZED,"{
  ""parameters"": [
    {
      ""name"": ""arrival_timestamp_column"",
      ""label"": ""Arrival timestamp column"",
      ""control"": ""column_select"",
      ""required"": true
    },
    {
      ""name"": ""expected_arrival"",
      ""label"": ""Expected arrival"",
      ""control"": ""datetime"",
      ""required"": true
    }
  ]
}"
237,3,A01,1,30,COLUMN,null,null,99.000000,>=,true,2026-09-30T10:14:50.565Z,null,true,1,2026-09-30T10:14:50.565Z,2026-10-05T14:48:41.690Z,null,null,null,PARAMETERIZED,"
{
  ""parameters"": [
    {
      ""name"": ""reference_asset"",
      ""label"": ""Reference asset"",
      ""control"": ""asset_select"",
      ""required"": true
    },
    {
      ""name"": ""source_column"",
      ""label"": ""Source column"",
      ""control"": ""column_select"",
      ""required"": true
    },
    {
      ""name"": ""reference_column"",
      ""label"": ""Reference column"",
      ""control"": ""column_select"",
      ""required"": true
    }
  ]
}
"
247,19,T01,1,null,TABLE,null,null,98.000000,>=,true,2026-09-30T10:14:50.565Z,null,true,1,2026-09-30T10:14:50.565Z,2026-10-05T14:48:41.690Z,null,null,null,PARAMETERIZED,"{
          ""parameters"":[
            {
              ""name"":""sla_condition"",
              ""label"":""SLA condition"",
              ""control"":""expression"",
              ""required"":true
            }
          ]
        }"
248,19,T02,1,null,TABLE,null,null,null,<=,true,2026-09-30T10:14:50.565Z,null,true,1,2026-09-30T10:14:50.565Z,2026-10-05T14:48:41.690Z,null,null,null,PARAMETERIZED,"{
          ""parameters"":[
            {
              ""name"":""time_unit"",
              ""label"":""Time unit"",
              ""control"":""select"",
              ""options"":[""MINUTE"",""HOUR"",""DAY""],
              ""required"":true
            }
          ]
        }"
249,19,T03,1,null,TABLE,null,null,null,<=,true,2026-09-30T10:14:50.565Z,null,true,1,2026-09-30T10:14:50.565Z,2026-10-05T14:48:41.690Z,null,null,null,PARAMETERIZED,"{
          ""parameters"":[
            {
              ""name"":""source_timestamp_column"",
              ""label"":""Source timestamp column"",
              ""control"":""column_select"",
              ""required"":true
            },
            {
              ""name"":""ingestion_timestamp_column"",
              ""label"":""Ingestion timestamp column"",
              ""control"":""column_select"",
              ""required"":true
            },
            {
              ""name"":""time_unit"",
              ""label"":""Time unit"",
              ""control"":""select"",
              ""options"":[""SECOND"",""MINUTE"",""HOUR"",""DAY""],
              ""required"":true
            }
          ]
        }"
250,19,T04,1,null,TABLE,null,null,null,<=,true,2026-09-30T10:14:50.565Z,null,true,1,2026-09-30T10:14:50.565Z,2026-10-05T14:48:41.690Z,null,null,null,PARAMETERIZED,"{
          ""parameters"":[
            {
              ""name"":""source_timestamp_column"",
              ""label"":""Source timestamp column"",
              ""control"":""column_select"",
              ""required"":true
            },
            {
              ""name"":""ingestion_timestamp_column"",
              ""label"":""Ingestion timestamp column"",
              ""control"":""column_select"",
              ""required"":true
            },
            {
              ""name"":""time_unit"",
              ""label"":""Time unit"",
              ""control"":""select"",
              ""options"":[""SECOND"",""MINUTE"",""HOUR"",""DAY""],
              ""required"":true
            }
          ]
        }"
251,19,T05,1,null,TABLE,null,null,2.000000,<=,true,2026-09-30T10:14:50.565Z,null,true,1,2026-09-30T10:14:50.565Z,2026-10-05T14:48:41.690Z,null,null,null,PARAMETERIZED,"{
  ""parameters"": [
    {
      ""name"": ""arrival_timestamp_column"",
      ""label"": ""Arrival timestamp column"",
      ""control"": ""column_select"",
      ""required"": true
    },
    {
      ""name"": ""expected_arrival"",
      ""label"": ""Expected arrival"",
      ""control"": ""datetime"",
      ""required"": true
    }
  ]
}"
259,2,A01,1,19,COLUMN,null,null,99.000000,>=,true,2026-09-30T10:14:50.565Z,null,true,1,2026-09-30T10:14:50.565Z,2026-10-05T14:48:41.690Z,null,null,null,PARAMETERIZED,"
{
  ""parameters"": [
    {
      ""name"": ""reference_asset"",
      ""label"": ""Reference asset"",
      ""control"": ""asset_select"",
      ""required"": true
    },
    {
      ""name"": ""source_column"",
      ""label"": ""Source column"",
      ""control"": ""column_select"",
      ""required"": true
    },
    {
      ""name"": ""reference_column"",
      ""label"": ""Reference column"",
      ""control"": ""column_select"",
      ""required"": true
    }
  ]
}
"
269,18,T01,1,null,TABLE,null,null,98.000000,>=,true,2026-09-30T10:14:50.565Z,null,true,1,2026-09-30T10:14:50.565Z,2026-10-05T14:48:41.690Z,null,null,null,PARAMETERIZED,"{
          ""parameters"":[
            {
              ""name"":""sla_condition"",
              ""label"":""SLA condition"",
              ""control"":""expression"",
              ""required"":true
            }
          ]
        }"
270,18,T02,1,null,TABLE,null,null,null,<=,true,2026-09-30T10:14:50.565Z,null,true,1,2026-09-30T10:14:50.565Z,2026-10-05T14:48:41.690Z,null,null,null,PARAMETERIZED,"{
          ""parameters"":[
            {
              ""name"":""time_unit"",
              ""label"":""Time unit"",
              ""control"":""select"",
              ""options"":[""MINUTE"",""HOUR"",""DAY""],
              ""required"":true
            }
          ]
        }"
271,18,T03,1,null,TABLE,null,null,null,<=,true,2026-09-30T10:14:50.565Z,null,true,1,2026-09-30T10:14:50.565Z,2026-10-05T14:48:41.690Z,null,null,null,PARAMETERIZED,"{
          ""parameters"":[
            {
              ""name"":""source_timestamp_column"",
              ""label"":""Source timestamp column"",
              ""control"":""column_select"",
              ""required"":true
            },
            {
              ""name"":""ingestion_timestamp_column"",
              ""label"":""Ingestion timestamp column"",
              ""control"":""column_select"",
              ""required"":true
            },
            {
              ""name"":""time_unit"",
              ""label"":""Time unit"",
              ""control"":""select"",
              ""options"":[""SECOND"",""MINUTE"",""HOUR"",""DAY""],
              ""required"":true
            }
          ]
        }"
272,18,T04,1,null,TABLE,null,null,null,<=,true,2026-09-30T10:14:50.565Z,null,true,1,2026-09-30T10:14:50.565Z,2026-10-05T14:48:41.690Z,null,null,null,PARAMETERIZED,"{
          ""parameters"":[
            {
              ""name"":""source_timestamp_column"",
              ""label"":""Source timestamp column"",
              ""control"":""column_select"",
              ""required"":true
            },
            {
              ""name"":""ingestion_timestamp_column"",
              ""label"":""Ingestion timestamp column"",
              ""control"":""column_select"",
              ""required"":true
            },
            {
              ""name"":""time_unit"",
              ""label"":""Time unit"",
              ""control"":""select"",
              ""options"":[""SECOND"",""MINUTE"",""HOUR"",""DAY""],
              ""required"":true
            }
          ]
        }"
273,18,T05,1,null,TABLE,null,null,2.000000,<=,true,2026-09-30T10:14:50.565Z,null,true,1,2026-09-30T10:14:50.565Z,2026-10-05T14:48:41.690Z,null,null,null,PARAMETERIZED,"{
  ""parameters"": [
    {
      ""name"": ""arrival_timestamp_column"",
      ""label"": ""Arrival timestamp column"",
      ""control"": ""column_select"",
      ""required"": true
    },
    {
      ""name"": ""expected_arrival"",
      ""label"": ""Expected arrival"",
      ""control"": ""datetime"",
      ""required"": true
    }
  ]
}"
290,17,T01,1,null,TABLE,null,null,98.000000,>=,true,2026-09-30T10:14:50.565Z,null,true,1,2026-09-30T10:14:50.565Z,2026-10-05T14:48:41.690Z,null,null,null,PARAMETERIZED,"{
          ""parameters"":[
            {
              ""name"":""sla_condition"",
              ""label"":""SLA condition"",
              ""control"":""expression"",
              ""required"":true
            }
          ]
        }"
291,17,T02,1,null,TABLE,null,null,null,<=,true,2026-09-30T10:14:50.565Z,null,true,1,2026-09-30T10:14:50.565Z,2026-10-05T14:48:41.690Z,null,null,null,PARAMETERIZED,"{
          ""parameters"":[
            {
              ""name"":""time_unit"",
              ""label"":""Time unit"",
              ""control"":""select"",
              ""options"":[""MINUTE"",""HOUR"",""DAY""],
              ""required"":true
            }
          ]
        }"
292,17,T03,1,null,TABLE,null,null,null,<=,true,2026-09-30T10:14:50.565Z,null,true,1,2026-09-30T10:14:50.565Z,2026-10-05T14:48:41.690Z,null,null,null,PARAMETERIZED,"{
          ""parameters"":[
            {
              ""name"":""source_timestamp_column"",
              ""label"":""Source timestamp column"",
              ""control"":""column_select"",
              ""required"":true
            },
            {
              ""name"":""ingestion_timestamp_column"",
              ""label"":""Ingestion timestamp column"",
              ""control"":""column_select"",
              ""required"":true
            },
            {
              ""name"":""time_unit"",
              ""label"":""Time unit"",
              ""control"":""select"",
              ""options"":[""SECOND"",""MINUTE"",""HOUR"",""DAY""],
              ""required"":true
            }
          ]
        }"
293,17,T04,1,null,TABLE,null,null,null,<=,true,2026-09-30T10:14:50.565Z,null,true,1,2026-09-30T10:14:50.565Z,2026-10-05T14:48:41.690Z,null,null,null,PARAMETERIZED,"{
          ""parameters"":[
            {
              ""name"":""source_timestamp_column"",
              ""label"":""Source timestamp column"",
              ""control"":""column_select"",
              ""required"":true
            },
            {
              ""name"":""ingestion_timestamp_column"",
              ""label"":""Ingestion timestamp column"",
              ""control"":""column_select"",
              ""required"":true
            },
            {
              ""name"":""time_unit"",
              ""label"":""Time unit"",
              ""control"":""select"",
              ""options"":[""SECOND"",""MINUTE"",""HOUR"",""DAY""],
              ""required"":true
            }
          ]
        }"
294,17,T05,1,null,TABLE,null,null,2.000000,<=,true,2026-09-30T10:14:50.565Z,null,true,1,2026-09-30T10:14:50.565Z,2026-10-05T14:48:41.690Z,null,null,null,PARAMETERIZED,"{
  ""parameters"": [
    {
      ""name"": ""arrival_timestamp_column"",
      ""label"": ""Arrival timestamp column"",
      ""control"": ""column_select"",
      ""required"": true
    },
    {
      ""name"": ""expected_arrival"",
      ""label"": ""Expected arrival"",
      ""control"": ""datetime"",
      ""required"": true
    }
  ]
}"
311,16,T01,1,null,TABLE,null,null,98.000000,>=,true,2026-09-30T10:14:50.565Z,null,true,1,2026-09-30T10:14:50.565Z,2026-10-05T14:48:41.690Z,null,null,null,PARAMETERIZED,"{
          ""parameters"":[
            {
              ""name"":""sla_condition"",
              ""label"":""SLA condition"",
              ""control"":""expression"",
              ""required"":true
            }
          ]
        }"
312,16,T02,1,null,TABLE,null,null,null,<=,true,2026-09-30T10:14:50.565Z,null,true,1,2026-09-30T10:14:50.565Z,2026-10-05T14:48:41.690Z,null,null,null,PARAMETERIZED,"{
          ""parameters"":[
            {
              ""name"":""time_unit"",
              ""label"":""Time unit"",
              ""control"":""select"",
              ""options"":[""MINUTE"",""HOUR"",""DAY""],
              ""required"":true
            }
          ]
        }"
313,16,T03,1,null,TABLE,null,null,null,<=,true,2026-09-30T10:14:50.565Z,null,true,1,2026-09-30T10:14:50.565Z,2026-10-05T14:48:41.690Z,null,null,null,PARAMETERIZED,"{
          ""parameters"":[
            {
              ""name"":""source_timestamp_column"",
              ""label"":""Source timestamp column"",
              ""control"":""column_select"",
              ""required"":true
            },
            {
              ""name"":""ingestion_timestamp_column"",
              ""label"":""Ingestion timestamp column"",
              ""control"":""column_select"",
              ""required"":true
            },
            {
              ""name"":""time_unit"",
              ""label"":""Time unit"",
              ""control"":""select"",
              ""options"":[""SECOND"",""MINUTE"",""HOUR"",""DAY""],
              ""required"":true
            }
          ]
        }"
314,16,T04,1,null,TABLE,null,null,null,<=,true,2026-09-30T10:14:50.565Z,null,true,1,2026-09-30T10:14:50.565Z,2026-10-05T14:48:41.690Z,null,null,null,PARAMETERIZED,"{
          ""parameters"":[
            {
              ""name"":""source_timestamp_column"",
              ""label"":""Source timestamp column"",
              ""control"":""column_select"",
              ""required"":true
            },
            {
              ""name"":""ingestion_timestamp_column"",
              ""label"":""Ingestion timestamp column"",
              ""control"":""column_select"",
              ""required"":true
            },
            {
              ""name"":""time_unit"",
              ""label"":""Time unit"",
              ""control"":""select"",
              ""options"":[""SECOND"",""MINUTE"",""HOUR"",""DAY""],
              ""required"":true
            }
          ]
        }"
315,16,T05,1,null,TABLE,null,null,2.000000,<=,true,2026-09-30T10:14:50.565Z,null,true,1,2026-09-30T10:14:50.565Z,2026-10-05T14:48:41.690Z,null,null,null,PARAMETERIZED,"{
  ""parameters"": [
    {
      ""name"": ""arrival_timestamp_column"",
      ""label"": ""Arrival timestamp column"",
      ""control"": ""column_select"",
      ""required"": true
    },
    {
      ""name"": ""expected_arrival"",
      ""label"": ""Expected arrival"",
      ""control"": ""datetime"",
      ""required"": true
    }
  ]
}"
331,15,T01,1,null,TABLE,null,null,98.000000,>=,true,2026-09-30T10:14:50.565Z,null,true,1,2026-09-30T10:14:50.565Z,2026-10-05T14:48:41.690Z,null,null,null,PARAMETERIZED,"{
          ""parameters"":[
            {
              ""name"":""sla_condition"",
              ""label"":""SLA condition"",
              ""control"":""expression"",
              ""required"":true
            }
          ]
        }"
332,15,T02,1,null,TABLE,null,null,null,<=,true,2026-09-30T10:14:50.565Z,null,true,1,2026-09-30T10:14:50.565Z,2026-10-05T14:48:41.690Z,null,null,null,PARAMETERIZED,"{
          ""parameters"":[
            {
              ""name"":""time_unit"",
              ""label"":""Time unit"",
              ""control"":""select"",
              ""options"":[""MINUTE"",""HOUR"",""DAY""],
              ""required"":true
            }
          ]
        }"
333,15,T03,1,null,TABLE,null,null,null,<=,true,2026-09-30T10:14:50.565Z,null,true,1,2026-09-30T10:14:50.565Z,2026-10-05T14:48:41.690Z,null,null,null,PARAMETERIZED,"{
          ""parameters"":[
            {
              ""name"":""source_timestamp_column"",
              ""label"":""Source timestamp column"",
              ""control"":""column_select"",
              ""required"":true
            },
            {
              ""name"":""ingestion_timestamp_column"",
              ""label"":""Ingestion timestamp column"",
              ""control"":""column_select"",
              ""required"":true
            },
            {
              ""name"":""time_unit"",
              ""label"":""Time unit"",
              ""control"":""select"",
              ""options"":[""SECOND"",""MINUTE"",""HOUR"",""DAY""],
              ""required"":true
            }
          ]
        }"
334,15,T04,1,null,TABLE,null,null,null,<=,true,2026-09-30T10:14:50.565Z,null,true,1,2026-09-30T10:14:50.565Z,2026-10-05T14:48:41.690Z,null,null,null,PARAMETERIZED,"{
          ""parameters"":[
            {
              ""name"":""source_timestamp_column"",
              ""label"":""Source timestamp column"",
              ""control"":""column_select"",
              ""required"":true
            },
            {
              ""name"":""ingestion_timestamp_column"",
              ""label"":""Ingestion timestamp column"",
              ""control"":""column_select"",
              ""required"":true
            },
            {
              ""name"":""time_unit"",
              ""label"":""Time unit"",
              ""control"":""select"",
              ""options"":[""SECOND"",""MINUTE"",""HOUR"",""DAY""],
              ""required"":true
            }
          ]
        }"
335,15,T05,1,null,TABLE,null,null,2.000000,<=,true,2026-09-30T10:14:50.565Z,null,true,1,2026-09-30T10:14:50.565Z,2026-10-05T14:48:41.690Z,null,null,null,PARAMETERIZED,"{
  ""parameters"": [
    {
      ""name"": ""arrival_timestamp_column"",
      ""label"": ""Arrival timestamp column"",
      ""control"": ""column_select"",
      ""required"": true
    },
    {
      ""name"": ""expected_arrival"",
      ""label"": ""Expected arrival"",
      ""control"": ""datetime"",
      ""required"": true
    }
  ]
}"
351,14,T01,1,null,TABLE,null,null,98.000000,>=,true,2026-09-30T10:14:50.565Z,null,true,1,2026-09-30T10:14:50.565Z,2026-10-05T14:48:41.690Z,null,null,null,PARAMETERIZED,"{
          ""parameters"":[
            {
              ""name"":""sla_condition"",
              ""label"":""SLA condition"",
              ""control"":""expression"",
              ""required"":true
            }
          ]
        }"
352,14,T02,1,null,TABLE,null,null,null,<=,true,2026-09-30T10:14:50.565Z,null,true,1,2026-09-30T10:14:50.565Z,2026-10-05T14:48:41.690Z,null,null,null,PARAMETERIZED,"{
          ""parameters"":[
            {
              ""name"":""time_unit"",
              ""label"":""Time unit"",
              ""control"":""select"",
              ""options"":[""MINUTE"",""HOUR"",""DAY""],
              ""required"":true
            }
          ]
        }"
353,14,T03,1,null,TABLE,null,null,null,<=,true,2026-09-30T10:14:50.565Z,null,true,1,2026-09-30T10:14:50.565Z,2026-10-05T14:48:41.690Z,null,null,null,PARAMETERIZED,"{
          ""parameters"":[
            {
              ""name"":""source_timestamp_column"",
              ""label"":""Source timestamp column"",
              ""control"":""column_select"",
              ""required"":true
            },
            {
              ""name"":""ingestion_timestamp_column"",
              ""label"":""Ingestion timestamp column"",
              ""control"":""column_select"",
              ""required"":true
            },
            {
              ""name"":""time_unit"",
              ""label"":""Time unit"",
              ""control"":""select"",
              ""options"":[""SECOND"",""MINUTE"",""HOUR"",""DAY""],
              ""required"":true
            }
          ]
        }"
354,14,T04,1,null,TABLE,null,null,null,<=,true,2026-09-30T10:14:50.565Z,null,true,1,2026-09-30T10:14:50.565Z,2026-10-05T14:48:41.690Z,null,null,null,PARAMETERIZED,"{
          ""parameters"":[
            {
              ""name"":""source_timestamp_column"",
              ""label"":""Source timestamp column"",
              ""control"":""column_select"",
              ""required"":true
            },
            {
              ""name"":""ingestion_timestamp_column"",
              ""label"":""Ingestion timestamp column"",
              ""control"":""column_select"",
              ""required"":true
            },
            {
              ""name"":""time_unit"",
              ""label"":""Time unit"",
              ""control"":""select"",
              ""options"":[""SECOND"",""MINUTE"",""HOUR"",""DAY""],
              ""required"":true
            }
          ]
        }"
355,14,T05,1,null,TABLE,null,null,2.000000,<=,true,2026-09-30T10:14:50.565Z,null,true,1,2026-09-30T10:14:50.565Z,2026-10-05T14:48:41.690Z,null,null,null,PARAMETERIZED,"{
  ""parameters"": [
    {
      ""name"": ""arrival_timestamp_column"",
      ""label"": ""Arrival timestamp column"",
      ""control"": ""column_select"",
      ""required"": true
    },
    {
      ""name"": ""expected_arrival"",
      ""label"": ""Expected arrival"",
      ""control"": ""datetime"",
      ""required"": true
    }
  ]
}"
371,13,T01,1,null,TABLE,null,null,98.000000,>=,true,2026-09-30T10:14:50.565Z,null,true,1,2026-09-30T10:14:50.565Z,2026-10-05T14:48:41.690Z,null,null,null,PARAMETERIZED,"{
          ""parameters"":[
            {
              ""name"":""sla_condition"",
              ""label"":""SLA condition"",
              ""control"":""expression"",
              ""required"":true
            }
          ]
        }"
372,13,T02,1,null,TABLE,null,null,null,<=,true,2026-09-30T10:14:50.565Z,null,true,1,2026-09-30T10:14:50.565Z,2026-10-05T14:48:41.690Z,null,null,null,PARAMETERIZED,"{
          ""parameters"":[
            {
              ""name"":""time_unit"",
              ""label"":""Time unit"",
              ""control"":""select"",
              ""options"":[""MINUTE"",""HOUR"",""DAY""],
              ""required"":true
            }
          ]
        }"
373,13,T03,1,null,TABLE,null,null,null,<=,true,2026-09-30T10:14:50.565Z,null,true,1,2026-09-30T10:14:50.565Z,2026-10-05T14:48:41.690Z,null,null,null,PARAMETERIZED,"{
          ""parameters"":[
            {
              ""name"":""source_timestamp_column"",
              ""label"":""Source timestamp column"",
              ""control"":""column_select"",
              ""required"":true
            },
            {
              ""name"":""ingestion_timestamp_column"",
              ""label"":""Ingestion timestamp column"",
              ""control"":""column_select"",
              ""required"":true
            },
            {
              ""name"":""time_unit"",
              ""label"":""Time unit"",
              ""control"":""select"",
              ""options"":[""SECOND"",""MINUTE"",""HOUR"",""DAY""],
              ""required"":true
            }
          ]
        }"
374,13,T04,1,null,TABLE,null,null,null,<=,true,2026-09-30T10:14:50.565Z,null,true,1,2026-09-30T10:14:50.565Z,2026-10-05T14:48:41.690Z,null,null,null,PARAMETERIZED,"{
          ""parameters"":[
            {
              ""name"":""source_timestamp_column"",
              ""label"":""Source timestamp column"",
              ""control"":""column_select"",
              ""required"":true
            },
            {
              ""name"":""ingestion_timestamp_column"",
              ""label"":""Ingestion timestamp column"",
              ""control"":""column_select"",
              ""required"":true
            },
            {
              ""name"":""time_unit"",
              ""label"":""Time unit"",
              ""control"":""select"",
              ""options"":[""SECOND"",""MINUTE"",""HOUR"",""DAY""],
              ""required"":true
            }
          ]
        }"
375,13,T05,1,null,TABLE,null,null,2.000000,<=,true,2026-09-30T10:14:50.565Z,null,true,1,2026-09-30T10:14:50.565Z,2026-10-05T14:48:41.690Z,null,null,null,PARAMETERIZED,"{
  ""parameters"": [
    {
      ""name"": ""arrival_timestamp_column"",
      ""label"": ""Arrival timestamp column"",
      ""control"": ""column_select"",
      ""required"": true
    },
    {
      ""name"": ""expected_arrival"",
      ""label"": ""Expected arrival"",
      ""control"": ""datetime"",
      ""required"": true
    }
  ]
}"
391,12,T01,1,null,TABLE,null,null,98.000000,>=,true,2026-09-30T10:14:50.565Z,null,true,1,2026-09-30T10:14:50.565Z,2026-10-05T14:48:41.690Z,null,null,null,PARAMETERIZED,"{
          ""parameters"":[
            {
              ""name"":""sla_condition"",
              ""label"":""SLA condition"",
              ""control"":""expression"",
              ""required"":true
            }
          ]
        }"
392,12,T02,1,null,TABLE,null,null,null,<=,true,2026-09-30T10:14:50.565Z,null,true,1,2026-09-30T10:14:50.565Z,2026-10-05T14:48:41.690Z,null,null,null,PARAMETERIZED,"{
          ""parameters"":[
            {
              ""name"":""time_unit"",
              ""label"":""Time unit"",
              ""control"":""select"",
              ""options"":[""MINUTE"",""HOUR"",""DAY""],
              ""required"":true
            }
          ]
        }"
393,12,T03,1,null,TABLE,null,null,null,<=,true,2026-09-30T10:14:50.565Z,null,true,1,2026-09-30T10:14:50.565Z,2026-10-05T14:48:41.690Z,null,null,null,PARAMETERIZED,"{
          ""parameters"":[
            {
              ""name"":""source_timestamp_column"",
              ""label"":""Source timestamp column"",
              ""control"":""column_select"",
              ""required"":true
            },
            {
              ""name"":""ingestion_timestamp_column"",
              ""label"":""Ingestion timestamp column"",
              ""control"":""column_select"",
              ""required"":true
            },
            {
              ""name"":""time_unit"",
              ""label"":""Time unit"",
              ""control"":""select"",
              ""options"":[""SECOND"",""MINUTE"",""HOUR"",""DAY""],
              ""required"":true
            }
          ]
        }"
394,12,T04,1,null,TABLE,null,null,null,<=,true,2026-09-30T10:14:50.565Z,null,true,1,2026-09-30T10:14:50.565Z,2026-10-05T14:48:41.690Z,null,null,null,PARAMETERIZED,"{
          ""parameters"":[
            {
              ""name"":""source_timestamp_column"",
              ""label"":""Source timestamp column"",
              ""control"":""column_select"",
              ""required"":true
            },
            {
              ""name"":""ingestion_timestamp_column"",
              ""label"":""Ingestion timestamp column"",
              ""control"":""column_select"",
              ""required"":true
            },
            {
              ""name"":""time_unit"",
              ""label"":""Time unit"",
              ""control"":""select"",
              ""options"":[""SECOND"",""MINUTE"",""HOUR"",""DAY""],
              ""required"":true
            }
          ]
        }"
395,12,T05,1,null,TABLE,null,null,2.000000,<=,true,2026-09-30T10:14:50.565Z,null,true,1,2026-09-30T10:14:50.565Z,2026-10-05T14:48:41.690Z,null,null,null,PARAMETERIZED,"{
  ""parameters"": [
    {
      ""name"": ""arrival_timestamp_column"",
      ""label"": ""Arrival timestamp column"",
      ""control"": ""column_select"",
      ""required"": true
    },
    {
      ""name"": ""expected_arrival"",
      ""label"": ""Expected arrival"",
      ""control"": ""datetime"",
      ""required"": true
    }
  ]
}"
411,11,T01,1,null,TABLE,null,null,98.000000,>=,true,2026-09-30T10:14:50.565Z,null,true,1,2026-09-30T10:14:50.565Z,2026-10-05T14:48:41.690Z,null,null,null,PARAMETERIZED,"{
          ""parameters"":[
            {
              ""name"":""sla_condition"",
              ""label"":""SLA condition"",
              ""control"":""expression"",
              ""required"":true
            }
          ]
        }"
412,11,T02,1,null,TABLE,null,null,null,<=,true,2026-09-30T10:14:50.565Z,null,true,1,2026-09-30T10:14:50.565Z,2026-10-05T14:48:41.690Z,null,null,null,PARAMETERIZED,"{
          ""parameters"":[
            {
              ""name"":""time_unit"",
              ""label"":""Time unit"",
              ""control"":""select"",
              ""options"":[""MINUTE"",""HOUR"",""DAY""],
              ""required"":true
            }
          ]
        }"
413,11,T03,1,null,TABLE,null,null,null,<=,true,2026-09-30T10:14:50.565Z,null,true,1,2026-09-30T10:14:50.565Z,2026-10-05T14:48:41.690Z,null,null,null,PARAMETERIZED,"{
          ""parameters"":[
            {
              ""name"":""source_timestamp_column"",
              ""label"":""Source timestamp column"",
              ""control"":""column_select"",
              ""required"":true
            },
            {
              ""name"":""ingestion_timestamp_column"",
              ""label"":""Ingestion timestamp column"",
              ""control"":""column_select"",
              ""required"":true
            },
            {
              ""name"":""time_unit"",
              ""label"":""Time unit"",
              ""control"":""select"",
              ""options"":[""SECOND"",""MINUTE"",""HOUR"",""DAY""],
              ""required"":true
            }
          ]
        }"
414,11,T04,1,null,TABLE,null,null,null,<=,true,2026-09-30T10:14:50.565Z,null,true,1,2026-09-30T10:14:50.565Z,2026-10-05T14:48:41.690Z,null,null,null,PARAMETERIZED,"{
          ""parameters"":[
            {
              ""name"":""source_timestamp_column"",
              ""label"":""Source timestamp column"",
              ""control"":""column_select"",
              ""required"":true
            },
            {
              ""name"":""ingestion_timestamp_column"",
              ""label"":""Ingestion timestamp column"",
              ""control"":""column_select"",
              ""required"":true
            },
            {
              ""name"":""time_unit"",
              ""label"":""Time unit"",
              ""control"":""select"",
              ""options"":[""SECOND"",""MINUTE"",""HOUR"",""DAY""],
              ""required"":true
            }
          ]
        }"
415,11,T05,1,null,TABLE,null,null,2.000000,<=,true,2026-09-30T10:14:50.565Z,null,true,1,2026-09-30T10:14:50.565Z,2026-10-05T14:48:41.690Z,null,null,null,PARAMETERIZED,"{
  ""parameters"": [
    {
      ""name"": ""arrival_timestamp_column"",
      ""label"": ""Arrival timestamp column"",
      ""control"": ""column_select"",
      ""required"": true
    },
    {
      ""name"": ""expected_arrival"",
      ""label"": ""Expected arrival"",
      ""control"": ""datetime"",
      ""required"": true
    }
  ]
}"
431,10,T01,1,null,TABLE,null,null,98.000000,>=,true,2026-09-30T10:14:50.565Z,null,true,1,2026-09-30T10:14:50.565Z,2026-10-05T14:48:41.690Z,null,null,null,PARAMETERIZED,"{
          ""parameters"":[
            {
              ""name"":""sla_condition"",
              ""label"":""SLA condition"",
              ""control"":""expression"",
              ""required"":true
            }
          ]
        }"
432,10,T02,1,null,TABLE,null,null,null,<=,true,2026-09-30T10:14:50.565Z,null,true,1,2026-09-30T10:14:50.565Z,2026-10-05T14:48:41.690Z,null,null,null,PARAMETERIZED,"{
          ""parameters"":[
            {
              ""name"":""time_unit"",
              ""label"":""Time unit"",
              ""control"":""select"",
              ""options"":[""MINUTE"",""HOUR"",""DAY""],
              ""required"":true
            }
          ]
        }"
433,10,T03,1,null,TABLE,null,null,null,<=,true,2026-09-30T10:14:50.565Z,null,true,1,2026-09-30T10:14:50.565Z,2026-10-05T14:48:41.690Z,null,null,null,PARAMETERIZED,"{
          ""parameters"":[
            {
              ""name"":""source_timestamp_column"",
              ""label"":""Source timestamp column"",
              ""control"":""column_select"",
              ""required"":true
            },
            {
              ""name"":""ingestion_timestamp_column"",
              ""label"":""Ingestion timestamp column"",
              ""control"":""column_select"",
              ""required"":true
            },
            {
              ""name"":""time_unit"",
              ""label"":""Time unit"",
              ""control"":""select"",
              ""options"":[""SECOND"",""MINUTE"",""HOUR"",""DAY""],
              ""required"":true
            }
          ]
        }"
434,10,T04,1,null,TABLE,null,null,null,<=,true,2026-09-30T10:14:50.565Z,null,true,1,2026-09-30T10:14:50.565Z,2026-10-05T14:48:41.690Z,null,null,null,PARAMETERIZED,"{
          ""parameters"":[
            {
              ""name"":""source_timestamp_column"",
              ""label"":""Source timestamp column"",
              ""control"":""column_select"",
              ""required"":true
            },
            {
              ""name"":""ingestion_timestamp_column"",
              ""label"":""Ingestion timestamp column"",
              ""control"":""column_select"",
              ""required"":true
            },
            {
              ""name"":""time_unit"",
              ""label"":""Time unit"",
              ""control"":""select"",
              ""options"":[""SECOND"",""MINUTE"",""HOUR"",""DAY""],
              ""required"":true
            }
          ]
        }"
435,10,T05,1,null,TABLE,null,null,2.000000,<=,true,2026-09-30T10:14:50.565Z,null,true,1,2026-09-30T10:14:50.565Z,2026-10-05T14:48:41.690Z,null,null,null,PARAMETERIZED,"{
  ""parameters"": [
    {
      ""name"": ""arrival_timestamp_column"",
      ""label"": ""Arrival timestamp column"",
      ""control"": ""column_select"",
      ""required"": true
    },
    {
      ""name"": ""expected_arrival"",
      ""label"": ""Expected arrival"",
      ""control"": ""datetime"",
      ""required"": true
    }
  ]
}"
451,9,T01,1,null,TABLE,null,null,98.000000,>=,true,2026-09-30T10:14:50.565Z,null,true,1,2026-09-30T10:14:50.565Z,2026-10-05T14:48:41.690Z,null,null,null,PARAMETERIZED,"{
          ""parameters"":[
            {
              ""name"":""sla_condition"",
              ""label"":""SLA condition"",
              ""control"":""expression"",
              ""required"":true
            }
          ]
        }"
452,9,T02,1,null,TABLE,null,null,null,<=,true,2026-09-30T10:14:50.565Z,null,true,1,2026-09-30T10:14:50.565Z,2026-10-05T14:48:41.690Z,null,null,null,PARAMETERIZED,"{
          ""parameters"":[
            {
              ""name"":""time_unit"",
              ""label"":""Time unit"",
              ""control"":""select"",
              ""options"":[""MINUTE"",""HOUR"",""DAY""],
              ""required"":true
            }
          ]
        }"
453,9,T03,1,null,TABLE,null,null,null,<=,true,2026-09-30T10:14:50.565Z,null,true,1,2026-09-30T10:14:50.565Z,2026-10-05T14:48:41.690Z,null,null,null,PARAMETERIZED,"{
          ""parameters"":[
            {
              ""name"":""source_timestamp_column"",
              ""label"":""Source timestamp column"",
              ""control"":""column_select"",
              ""required"":true
            },
            {
              ""name"":""ingestion_timestamp_column"",
              ""label"":""Ingestion timestamp column"",
              ""control"":""column_select"",
              ""required"":true
            },
            {
              ""name"":""time_unit"",
              ""label"":""Time unit"",
              ""control"":""select"",
              ""options"":[""SECOND"",""MINUTE"",""HOUR"",""DAY""],
              ""required"":true
            }
          ]
        }"
454,9,T04,1,null,TABLE,null,null,null,<=,true,2026-09-30T10:14:50.565Z,null,true,1,2026-09-30T10:14:50.565Z,2026-10-05T14:48:41.690Z,null,null,null,PARAMETERIZED,"{
          ""parameters"":[
            {
              ""name"":""source_timestamp_column"",
              ""label"":""Source timestamp column"",
              ""control"":""column_select"",
              ""required"":true
            },
            {
              ""name"":""ingestion_timestamp_column"",
              ""label"":""Ingestion timestamp column"",
              ""control"":""column_select"",
              ""required"":true
            },
            {
              ""name"":""time_unit"",
              ""label"":""Time unit"",
              ""control"":""select"",
              ""options"":[""SECOND"",""MINUTE"",""HOUR"",""DAY""],
              ""required"":true
            }
          ]
        }"
455,9,T05,1,null,TABLE,null,null,2.000000,<=,true,2026-09-30T10:14:50.565Z,null,true,1,2026-09-30T10:14:50.565Z,2026-10-05T14:48:41.690Z,null,null,null,PARAMETERIZED,"{
  ""parameters"": [
    {
      ""name"": ""arrival_timestamp_column"",
      ""label"": ""Arrival timestamp column"",
      ""control"": ""column_select"",
      ""required"": true
    },
    {
      ""name"": ""expected_arrival"",
      ""label"": ""Expected arrival"",
      ""control"": ""datetime"",
      ""required"": true
    }
  ]
}"
471,8,T01,1,null,TABLE,null,null,98.000000,>=,true,2026-09-30T10:14:50.565Z,null,true,1,2026-09-30T10:14:50.565Z,2026-10-05T14:48:41.690Z,null,null,null,PARAMETERIZED,"{
          ""parameters"":[
            {
              ""name"":""sla_condition"",
              ""label"":""SLA condition"",
              ""control"":""expression"",
              ""required"":true
            }
          ]
        }"
472,8,T02,1,null,TABLE,null,null,null,<=,true,2026-09-30T10:14:50.565Z,null,true,1,2026-09-30T10:14:50.565Z,2026-10-05T14:48:41.690Z,null,null,null,PARAMETERIZED,"{
          ""parameters"":[
            {
              ""name"":""time_unit"",
              ""label"":""Time unit"",
              ""control"":""select"",
              ""options"":[""MINUTE"",""HOUR"",""DAY""],
              ""required"":true
            }
          ]
        }"
473,8,T03,1,null,TABLE,null,null,null,<=,true,2026-09-30T10:14:50.565Z,null,true,1,2026-09-30T10:14:50.565Z,2026-10-05T14:48:41.690Z,null,null,null,PARAMETERIZED,"{
          ""parameters"":[
            {
              ""name"":""source_timestamp_column"",
              ""label"":""Source timestamp column"",
              ""control"":""column_select"",
              ""required"":true
            },
            {
              ""name"":""ingestion_timestamp_column"",
              ""label"":""Ingestion timestamp column"",
              ""control"":""column_select"",
              ""required"":true
            },
            {
              ""name"":""time_unit"",
              ""label"":""Time unit"",
              ""control"":""select"",
              ""options"":[""SECOND"",""MINUTE"",""HOUR"",""DAY""],
              ""required"":true
            }
          ]
        }"
474,8,T04,1,null,TABLE,null,null,null,<=,true,2026-09-30T10:14:50.565Z,null,true,1,2026-09-30T10:14:50.565Z,2026-10-05T14:48:41.690Z,null,null,null,PARAMETERIZED,"{
          ""parameters"":[
            {
              ""name"":""source_timestamp_column"",
              ""label"":""Source timestamp column"",
              ""control"":""column_select"",
              ""required"":true
            },
            {
              ""name"":""ingestion_timestamp_column"",
              ""label"":""Ingestion timestamp column"",
              ""control"":""column_select"",
              ""required"":true
            },
            {
              ""name"":""time_unit"",
              ""label"":""Time unit"",
              ""control"":""select"",
              ""options"":[""SECOND"",""MINUTE"",""HOUR"",""DAY""],
              ""required"":true
            }
          ]
        }"
475,8,T05,1,null,TABLE,null,null,2.000000,<=,true,2026-09-30T10:14:50.565Z,null,true,1,2026-09-30T10:14:50.565Z,2026-10-05T14:48:41.690Z,null,null,null,PARAMETERIZED,"{
  ""parameters"": [
    {
      ""name"": ""arrival_timestamp_column"",
      ""label"": ""Arrival timestamp column"",
      ""control"": ""column_select"",
      ""required"": true
    },
    {
      ""name"": ""expected_arrival"",
      ""label"": ""Expected arrival"",
      ""control"": ""datetime"",
      ""required"": true
    }
  ]
}"
491,7,T01,1,null,TABLE,null,null,98.000000,>=,true,2026-09-30T10:14:50.565Z,null,true,1,2026-09-30T10:14:50.565Z,2026-10-05T14:48:41.690Z,null,null,null,PARAMETERIZED,"{
          ""parameters"":[
            {
              ""name"":""sla_condition"",
              ""label"":""SLA condition"",
              ""control"":""expression"",
              ""required"":true
            }
          ]
        }"
492,7,T02,1,null,TABLE,null,null,null,<=,true,2026-09-30T10:14:50.565Z,null,true,1,2026-09-30T10:14:50.565Z,2026-10-05T14:48:41.690Z,null,null,null,PARAMETERIZED,"{
          ""parameters"":[
            {
              ""name"":""time_unit"",
              ""label"":""Time unit"",
              ""control"":""select"",
              ""options"":[""MINUTE"",""HOUR"",""DAY""],
              ""required"":true
            }
          ]
        }"
493,7,T03,1,null,TABLE,null,null,null,<=,true,2026-09-30T10:14:50.565Z,null,true,1,2026-09-30T10:14:50.565Z,2026-10-05T14:48:41.690Z,null,null,null,PARAMETERIZED,"{
          ""parameters"":[
            {
              ""name"":""source_timestamp_column"",
              ""label"":""Source timestamp column"",
              ""control"":""column_select"",
              ""required"":true
            },
            {
              ""name"":""ingestion_timestamp_column"",
              ""label"":""Ingestion timestamp column"",
              ""control"":""column_select"",
              ""required"":true
            },
            {
              ""name"":""time_unit"",
              ""label"":""Time unit"",
              ""control"":""select"",
              ""options"":[""SECOND"",""MINUTE"",""HOUR"",""DAY""],
              ""required"":true
            }
          ]
        }"
494,7,T04,1,null,TABLE,null,null,null,<=,true,2026-09-30T10:14:50.565Z,null,true,1,2026-09-30T10:14:50.565Z,2026-10-05T14:48:41.690Z,null,null,null,PARAMETERIZED,"{
          ""parameters"":[
            {
              ""name"":""source_timestamp_column"",
              ""label"":""Source timestamp column"",
              ""control"":""column_select"",
              ""required"":true
            },
            {
              ""name"":""ingestion_timestamp_column"",
              ""label"":""Ingestion timestamp column"",
              ""control"":""column_select"",
              ""required"":true
            },
            {
              ""name"":""time_unit"",
              ""label"":""Time unit"",
              ""control"":""select"",
              ""options"":[""SECOND"",""MINUTE"",""HOUR"",""DAY""],
              ""required"":true
            }
          ]
        }"
495,7,T05,1,null,TABLE,null,null,2.000000,<=,true,2026-09-30T10:14:50.565Z,null,true,1,2026-09-30T10:14:50.565Z,2026-10-05T14:48:41.690Z,null,null,null,PARAMETERIZED,"{
  ""parameters"": [
    {
      ""name"": ""arrival_timestamp_column"",
      ""label"": ""Arrival timestamp column"",
      ""control"": ""column_select"",
      ""required"": true
    },
    {
      ""name"": ""expected_arrival"",
      ""label"": ""Expected arrival"",
      ""control"": ""datetime"",
      ""required"": true
    }
  ]
}"
511,6,T01,1,null,TABLE,null,null,98.000000,>=,true,2026-09-30T10:14:50.565Z,null,true,1,2026-09-30T10:14:50.565Z,2026-10-05T14:48:41.690Z,null,null,null,PARAMETERIZED,"{
          ""parameters"":[
            {
              ""name"":""sla_condition"",
              ""label"":""SLA condition"",
              ""control"":""expression"",
              ""required"":true
            }
          ]
        }"
512,6,T02,1,null,TABLE,null,null,null,<=,true,2026-09-30T10:14:50.565Z,null,true,1,2026-09-30T10:14:50.565Z,2026-10-05T14:48:41.690Z,null,null,null,PARAMETERIZED,"{
          ""parameters"":[
            {
              ""name"":""time_unit"",
              ""label"":""Time unit"",
              ""control"":""select"",
              ""options"":[""MINUTE"",""HOUR"",""DAY""],
              ""required"":true
            }
          ]
        }"
513,6,T03,1,null,TABLE,null,null,null,<=,true,2026-09-30T10:14:50.565Z,null,true,1,2026-09-30T10:14:50.565Z,2026-10-05T14:48:41.690Z,null,null,null,PARAMETERIZED,"{
          ""parameters"":[
            {
              ""name"":""source_timestamp_column"",
              ""label"":""Source timestamp column"",
              ""control"":""column_select"",
              ""required"":true
            },
            {
              ""name"":""ingestion_timestamp_column"",
              ""label"":""Ingestion timestamp column"",
              ""control"":""column_select"",
              ""required"":true
            },
            {
              ""name"":""time_unit"",
              ""label"":""Time unit"",
              ""control"":""select"",
              ""options"":[""SECOND"",""MINUTE"",""HOUR"",""DAY""],
              ""required"":true
            }
          ]
        }"
514,6,T04,1,null,TABLE,null,null,null,<=,true,2026-09-30T10:14:50.565Z,null,true,1,2026-09-30T10:14:50.565Z,2026-10-05T14:48:41.690Z,null,null,null,PARAMETERIZED,"{
          ""parameters"":[
            {
              ""name"":""source_timestamp_column"",
              ""label"":""Source timestamp column"",
              ""control"":""column_select"",
              ""required"":true
            },
            {
              ""name"":""ingestion_timestamp_column"",
              ""label"":""Ingestion timestamp column"",
              ""control"":""column_select"",
              ""required"":true
            },
            {
              ""name"":""time_unit"",
              ""label"":""Time unit"",
              ""control"":""select"",
              ""options"":[""SECOND"",""MINUTE"",""HOUR"",""DAY""],
              ""required"":true
            }
          ]
        }"
515,6,T05,1,null,TABLE,null,null,2.000000,<=,true,2026-09-30T10:14:50.565Z,null,true,1,2026-09-30T10:14:50.565Z,2026-10-05T14:48:41.690Z,null,null,null,PARAMETERIZED,"{
  ""parameters"": [
    {
      ""name"": ""arrival_timestamp_column"",
      ""label"": ""Arrival timestamp column"",
      ""control"": ""column_select"",
      ""required"": true
    },
    {
      ""name"": ""expected_arrival"",
      ""label"": ""Expected arrival"",
      ""control"": ""datetime"",
      ""required"": true
    }
  ]
}"
531,5,T01,1,null,TABLE,null,null,98.000000,>=,true,2026-09-30T10:14:50.565Z,null,true,1,2026-09-30T10:14:50.565Z,2026-10-05T14:48:41.690Z,null,null,null,PARAMETERIZED,"{
          ""parameters"":[
            {
              ""name"":""sla_condition"",
              ""label"":""SLA condition"",
              ""control"":""expression"",
              ""required"":true
            }
          ]
        }"
532,5,T02,1,null,TABLE,null,null,null,<=,true,2026-09-30T10:14:50.565Z,null,true,1,2026-09-30T10:14:50.565Z,2026-10-05T14:48:41.690Z,null,null,null,PARAMETERIZED,"{
          ""parameters"":[
            {
              ""name"":""time_unit"",
              ""label"":""Time unit"",
              ""control"":""select"",
              ""options"":[""MINUTE"",""HOUR"",""DAY""],
              ""required"":true
            }
          ]
        }"
533,5,T03,1,null,TABLE,null,null,null,<=,true,2026-09-30T10:14:50.565Z,null,true,1,2026-09-30T10:14:50.565Z,2026-10-05T14:48:41.690Z,null,null,null,PARAMETERIZED,"{
          ""parameters"":[
            {
              ""name"":""source_timestamp_column"",
              ""label"":""Source timestamp column"",
              ""control"":""column_select"",
              ""required"":true
            },
            {
              ""name"":""ingestion_timestamp_column"",
              ""label"":""Ingestion timestamp column"",
              ""control"":""column_select"",
              ""required"":true
            },
            {
              ""name"":""time_unit"",
              ""label"":""Time unit"",
              ""control"":""select"",
              ""options"":[""SECOND"",""MINUTE"",""HOUR"",""DAY""],
              ""required"":true
            }
          ]
        }"
534,5,T04,1,null,TABLE,null,null,null,<=,true,2026-09-30T10:14:50.565Z,null,true,1,2026-09-30T10:14:50.565Z,2026-10-05T14:48:41.690Z,null,null,null,PARAMETERIZED,"{
          ""parameters"":[
            {
              ""name"":""source_timestamp_column"",
              ""label"":""Source timestamp column"",
              ""control"":""column_select"",
              ""required"":true
            },
            {
              ""name"":""ingestion_timestamp_column"",
              ""label"":""Ingestion timestamp column"",
              ""control"":""column_select"",
              ""required"":true
            },
            {
              ""name"":""time_unit"",
              ""label"":""Time unit"",
              ""control"":""select"",
              ""options"":[""SECOND"",""MINUTE"",""HOUR"",""DAY""],
              ""required"":true
            }
          ]
        }"
535,5,T05,1,null,TABLE,null,null,2.000000,<=,true,2026-09-30T10:14:50.565Z,null,true,1,2026-09-30T10:14:50.565Z,2026-10-05T14:48:41.690Z,null,null,null,PARAMETERIZED,"{
  ""parameters"": [
    {
      ""name"": ""arrival_timestamp_column"",
      ""label"": ""Arrival timestamp column"",
      ""control"": ""column_select"",
      ""required"": true
    },
    {
      ""name"": ""expected_arrival"",
      ""label"": ""Expected arrival"",
      ""control"": ""datetime"",
      ""required"": true
    }
  ]
}"
551,4,T01,1,null,TABLE,null,null,98.000000,>=,true,2026-09-30T10:14:50.565Z,null,true,1,2026-09-30T10:14:50.565Z,2026-10-05T14:48:41.690Z,null,null,null,PARAMETERIZED,"{
          ""parameters"":[
            {
              ""name"":""sla_condition"",
              ""label"":""SLA condition"",
              ""control"":""expression"",
              ""required"":true
            }
          ]
        }"
552,4,T02,1,null,TABLE,null,null,null,<=,true,2026-09-30T10:14:50.565Z,null,true,1,2026-09-30T10:14:50.565Z,2026-10-05T14:48:41.690Z,null,null,null,PARAMETERIZED,"{
          ""parameters"":[
            {
              ""name"":""time_unit"",
              ""label"":""Time unit"",
              ""control"":""select"",
              ""options"":[""MINUTE"",""HOUR"",""DAY""],
              ""required"":true
            }
          ]
        }"
553,4,T03,1,null,TABLE,null,null,null,<=,true,2026-09-30T10:14:50.565Z,null,true,1,2026-09-30T10:14:50.565Z,2026-10-05T14:48:41.690Z,null,null,null,PARAMETERIZED,"{
          ""parameters"":[
            {
              ""name"":""source_timestamp_column"",
              ""label"":""Source timestamp column"",
              ""control"":""column_select"",
              ""required"":true
            },
            {
              ""name"":""ingestion_timestamp_column"",
              ""label"":""Ingestion timestamp column"",
              ""control"":""column_select"",
              ""required"":true
            },
            {
              ""name"":""time_unit"",
              ""label"":""Time unit"",
              ""control"":""select"",
              ""options"":[""SECOND"",""MINUTE"",""HOUR"",""DAY""],
              ""required"":true
            }
          ]
        }"
554,4,T04,1,null,TABLE,null,null,null,<=,true,2026-09-30T10:14:50.565Z,null,true,1,2026-09-30T10:14:50.565Z,2026-10-05T14:48:41.690Z,null,null,null,PARAMETERIZED,"{
          ""parameters"":[
            {
              ""name"":""source_timestamp_column"",
              ""label"":""Source timestamp column"",
              ""control"":""column_select"",
              ""required"":true
            },
            {
              ""name"":""ingestion_timestamp_column"",
              ""label"":""Ingestion timestamp column"",
              ""control"":""column_select"",
              ""required"":true
            },
            {
              ""name"":""time_unit"",
              ""label"":""Time unit"",
              ""control"":""select"",
              ""options"":[""SECOND"",""MINUTE"",""HOUR"",""DAY""],
              ""required"":true
            }
          ]
        }"
555,4,T05,1,null,TABLE,null,null,2.000000,<=,true,2026-09-30T10:14:50.565Z,null,true,1,2026-09-30T10:14:50.565Z,2026-10-05T14:48:41.690Z,null,null,null,PARAMETERIZED,"{
  ""parameters"": [
    {
      ""name"": ""arrival_timestamp_column"",
      ""label"": ""Arrival timestamp column"",
      ""control"": ""column_select"",
      ""required"": true
    },
    {
      ""name"": ""expected_arrival"",
      ""label"": ""Expected arrival"",
      ""control"": ""datetime"",
      ""required"": true
    }
  ]
}"
571,3,T01,1,null,TABLE,null,null,98.000000,>=,true,2026-09-30T10:14:50.565Z,null,true,1,2026-09-30T10:14:50.565Z,2026-10-05T14:48:41.690Z,null,null,null,PARAMETERIZED,"{
          ""parameters"":[
            {
              ""name"":""sla_condition"",
              ""label"":""SLA condition"",
              ""control"":""expression"",
              ""required"":true
            }
          ]
        }"
572,3,T02,1,null,TABLE,null,null,null,<=,true,2026-09-30T10:14:50.565Z,null,true,1,2026-09-30T10:14:50.565Z,2026-10-05T14:48:41.690Z,null,null,null,PARAMETERIZED,"{
          ""parameters"":[
            {
              ""name"":""time_unit"",
              ""label"":""Time unit"",
              ""control"":""select"",
              ""options"":[""MINUTE"",""HOUR"",""DAY""],
              ""required"":true
            }
          ]
        }"
573,3,T03,1,null,TABLE,null,null,null,<=,true,2026-09-30T10:14:50.565Z,null,true,1,2026-09-30T10:14:50.565Z,2026-10-05T14:48:41.690Z,null,null,null,PARAMETERIZED,"{
          ""parameters"":[
            {
              ""name"":""source_timestamp_column"",
              ""label"":""Source timestamp column"",
              ""control"":""column_select"",
              ""required"":true
            },
            {
              ""name"":""ingestion_timestamp_column"",
              ""label"":""Ingestion timestamp column"",
              ""control"":""column_select"",
              ""required"":true
            },
            {
              ""name"":""time_unit"",
              ""label"":""Time unit"",
              ""control"":""select"",
              ""options"":[""SECOND"",""MINUTE"",""HOUR"",""DAY""],
              ""required"":true
            }
          ]
        }"
574,3,T04,1,null,TABLE,null,null,null,<=,true,2026-09-30T10:14:50.565Z,null,true,1,2026-09-30T10:14:50.565Z,2026-10-05T14:48:41.690Z,null,null,null,PARAMETERIZED,"{
          ""parameters"":[
            {
              ""name"":""source_timestamp_column"",
              ""label"":""Source timestamp column"",
              ""control"":""column_select"",
              ""required"":true
            },
            {
              ""name"":""ingestion_timestamp_column"",
              ""label"":""Ingestion timestamp column"",
              ""control"":""column_select"",
              ""required"":true
            },
            {
              ""name"":""time_unit"",
              ""label"":""Time unit"",
              ""control"":""select"",
              ""options"":[""SECOND"",""MINUTE"",""HOUR"",""DAY""],
              ""required"":true
            }
          ]
        }"
575,3,T05,1,null,TABLE,null,null,2.000000,<=,true,2026-09-30T10:14:50.565Z,null,true,1,2026-09-30T10:14:50.565Z,2026-10-05T14:48:41.690Z,null,null,null,PARAMETERIZED,"{
  ""parameters"": [
    {
      ""name"": ""arrival_timestamp_column"",
      ""label"": ""Arrival timestamp column"",
      ""control"": ""column_select"",
      ""required"": true
    },
    {
      ""name"": ""expected_arrival"",
      ""label"": ""Expected arrival"",
      ""control"": ""datetime"",
      ""required"": true
    }
  ]
}"
590,2,T01,1,null,TABLE,null,null,98.000000,>=,true,2026-09-30T10:14:50.565Z,null,true,1,2026-09-30T10:14:50.565Z,2026-10-05T14:48:41.690Z,null,null,null,PARAMETERIZED,"{
          ""parameters"":[
            {
              ""name"":""sla_condition"",
              ""label"":""SLA condition"",
              ""control"":""expression"",
              ""required"":true
            }
          ]
        }"
591,2,T02,1,null,TABLE,null,null,null,<=,true,2026-09-30T10:14:50.565Z,null,true,1,2026-09-30T10:14:50.565Z,2026-10-05T14:48:41.690Z,null,null,null,PARAMETERIZED,"{
          ""parameters"":[
            {
              ""name"":""time_unit"",
              ""label"":""Time unit"",
              ""control"":""select"",
              ""options"":[""MINUTE"",""HOUR"",""DAY""],
              ""required"":true
            }
          ]
        }"
592,2,T03,1,null,TABLE,null,null,null,<=,true,2026-09-30T10:14:50.565Z,null,true,1,2026-09-30T10:14:50.565Z,2026-10-05T14:48:41.690Z,null,null,null,PARAMETERIZED,"{
          ""parameters"":[
            {
              ""name"":""source_timestamp_column"",
              ""label"":""Source timestamp column"",
              ""control"":""column_select"",
              ""required"":true
            },
            {
              ""name"":""ingestion_timestamp_column"",
              ""label"":""Ingestion timestamp column"",
              ""control"":""column_select"",
              ""required"":true
            },
            {
              ""name"":""time_unit"",
              ""label"":""Time unit"",
              ""control"":""select"",
              ""options"":[""SECOND"",""MINUTE"",""HOUR"",""DAY""],
              ""required"":true
            }
          ]
        }"
593,2,T04,1,null,TABLE,null,null,null,<=,true,2026-09-30T10:14:50.565Z,null,true,1,2026-09-30T10:14:50.565Z,2026-10-05T14:48:41.690Z,null,null,null,PARAMETERIZED,"{
          ""parameters"":[
            {
              ""name"":""source_timestamp_column"",
              ""label"":""Source timestamp column"",
              ""control"":""column_select"",
              ""required"":true
            },
            {
              ""name"":""ingestion_timestamp_column"",
              ""label"":""Ingestion timestamp column"",
              ""control"":""column_select"",
              ""required"":true
            },
            {
              ""name"":""time_unit"",
              ""label"":""Time unit"",
              ""control"":""select"",
              ""options"":[""SECOND"",""MINUTE"",""HOUR"",""DAY""],
              ""required"":true
            }
          ]
        }"
594,2,T05,1,null,TABLE,null,null,2.000000,<=,true,2026-09-30T10:14:50.565Z,null,true,1,2026-09-30T10:14:50.565Z,2026-10-05T14:48:41.690Z,null,null,null,PARAMETERIZED,"{
  ""parameters"": [
    {
      ""name"": ""arrival_timestamp_column"",
      ""label"": ""Arrival timestamp column"",
      ""control"": ""column_select"",
      ""required"": true
    },
    {
      ""name"": ""expected_arrival"",
      ""label"": ""Expected arrival"",
      ""control"": ""datetime"",
      ""required"": true
    }
  ]
}"
609,1,T01,1,null,TABLE,null,null,98.000000,>=,true,2026-09-30T10:14:50.565Z,null,true,1,2026-09-30T10:14:50.565Z,2026-10-05T14:48:41.690Z,null,null,null,PARAMETERIZED,"{
          ""parameters"":[
            {
              ""name"":""sla_condition"",
              ""label"":""SLA condition"",
              ""control"":""expression"",
              ""required"":true
            }
          ]
        }"
610,1,T02,1,null,TABLE,null,null,null,<=,true,2026-09-30T10:14:50.565Z,null,true,1,2026-09-30T10:14:50.565Z,2026-10-05T14:48:41.690Z,null,null,null,PARAMETERIZED,"{
          ""parameters"":[
            {
              ""name"":""time_unit"",
              ""label"":""Time unit"",
              ""control"":""select"",
              ""options"":[""MINUTE"",""HOUR"",""DAY""],
              ""required"":true
            }
          ]
        }"
611,1,T03,1,null,TABLE,null,null,null,<=,true,2026-09-30T10:14:50.565Z,null,true,1,2026-09-30T10:14:50.565Z,2026-10-05T14:48:41.690Z,null,null,null,PARAMETERIZED,"{
          ""parameters"":[
            {
              ""name"":""source_timestamp_column"",
              ""label"":""Source timestamp column"",
              ""control"":""column_select"",
              ""required"":true
            },
            {
              ""name"":""ingestion_timestamp_column"",
              ""label"":""Ingestion timestamp column"",
              ""control"":""column_select"",
              ""required"":true
            },
            {
              ""name"":""time_unit"",
              ""label"":""Time unit"",
              ""control"":""select"",
              ""options"":[""SECOND"",""MINUTE"",""HOUR"",""DAY""],
              ""required"":true
            }
          ]
        }"
612,1,T04,1,null,TABLE,null,null,null,<=,true,2026-09-30T10:14:50.565Z,null,true,1,2026-09-30T10:14:50.565Z,2026-10-05T14:48:41.690Z,null,null,null,PARAMETERIZED,"{
          ""parameters"":[
            {
              ""name"":""source_timestamp_column"",
              ""label"":""Source timestamp column"",
              ""control"":""column_select"",
              ""required"":true
            },
            {
              ""name"":""ingestion_timestamp_column"",
              ""label"":""Ingestion timestamp column"",
              ""control"":""column_select"",
              ""required"":true
            },
            {
              ""name"":""time_unit"",
              ""label"":""Time unit"",
              ""control"":""select"",
              ""options"":[""SECOND"",""MINUTE"",""HOUR"",""DAY""],
              ""required"":true
            }
          ]
        }"
613,1,T05,1,null,TABLE,null,null,2.000000,<=,true,2026-09-30T10:14:50.565Z,null,true,1,2026-09-30T10:14:50.565Z,2026-10-05T14:48:41.690Z,null,null,null,PARAMETERIZED,"{
  ""parameters"": [
    {
      ""name"": ""arrival_timestamp_column"",
      ""label"": ""Arrival timestamp column"",
      ""control"": ""column_select"",
      ""required"": true
    },
    {
      ""name"": ""expected_arrival"",
      ""label"": ""Expected arrival"",
      ""control"": ""datetime"",
      ""required"": true
    }
  ]
}"
